transaction_id,customer_id,amount,category,date,is_fraud,risk_score,processed_at
TXN000001,CUST0770,27977.99,Travel,2026-06-02,0,HIGH,2026-06-10 20:52:12
TXN000002,CUST0118,28205.67,Food,2026-04-21,0,HIGH,2026-06-10 20:52:12
TXN000003,CUST0577,80.27,Food,2026-04-15,0,LOW,2026-06-10 20:52:12
TXN000004,CUST0702,36386.77,Travel,2026-03-21,0,HIGH,2026-06-10 20:52:12
TXN000005,CUST0419,7875.68,Travel,2026-04-16,0,MEDIUM,2026-06-10 20:52:12
TXN000006,CUST0083,35903.37,Shopping,2026-05-14,0,HIGH,2026-06-10 20:52:12
TXN000007,CUST0632,44442.42,Food,2026-04-20,0,HIGH,2026-06-10 20:52:12
TXN000008,CUST0724,15619.52,Shopping,2026-01-16,0,HIGH,2026-06-10 20:52:12
TXN000009,CUST0668,46184.33,Healthcare,2026-02-15,0,HIGH,2026-06-10 20:52:12
TXN000010,CUST0090,40763.6,Food,2026-03-24,0,HIGH,2026-06-10 20:52:12
TXN000011,CUST0759,15194.21,Shopping,2026-02-05,0,HIGH,2026-06-10 20:52:12
TXN000012,CUST0177,47273.09,Food,2026-03-25,0,HIGH,2026-06-10 20:52:12
TXN000013,CUST0424,18740.95,Healthcare,2026-05-30,0,HIGH,2026-06-10 20:52:12
TXN000014,CUST0420,10375.11,Food,2026-01-04,0,HIGH,2026-06-10 20:52:12
TXN000015,CUST0546,38849.62,Food,2026-01-16,0,HIGH,2026-06-10 20:52:12
TXN000016,CUST0103,41345.85,Food,2026-03-08,0,HIGH,2026-06-10 20:52:12
TXN000017,CUST0014,46392.67,Travel,2026-03-08,0,HIGH,2026-06-10 20:52:12
TXN000018,CUST0491,28808.0,Shopping,2026-01-06,0,HIGH,2026-06-10 20:52:12
TXN000019,CUST0485,12572.03,Shopping,2026-06-08,0,HIGH,2026-06-10 20:52:12
TXN000020,CUST0234,34205.27,Healthcare,2026-04-30,0,HIGH,2026-06-10 20:52:12
TXN000021,CUST0490,26238.96,Healthcare,2026-03-03,0,HIGH,2026-06-10 20:52:12
TXN000022,CUST0386,22534.81,Travel,2026-02-15,0,HIGH,2026-06-10 20:52:12
TXN000023,CUST0106,49579.29,Food,2026-05-04,1,HIGH,2026-06-10 20:52:12
TXN000024,CUST0503,31892.09,Travel,2026-04-30,1,HIGH,2026-06-10 20:52:12
TXN000025,CUST0511,44533.89,Healthcare,2026-04-03,0,HIGH,2026-06-10 20:52:12
TXN000026,CUST0998,11771.74,Travel,2026-01-31,0,HIGH,2026-06-10 20:52:12
TXN000027,CUST0743,33438.92,Food,2026-03-12,0,HIGH,2026-06-10 20:52:12
TXN000028,CUST0356,14166.27,Healthcare,2026-01-17,0,HIGH,2026-06-10 20:52:12
TXN000029,CUST0681,27879.89,Shopping,2026-05-04,0,HIGH,2026-06-10 20:52:12
TXN000030,CUST0459,17736.72,Food,2026-04-21,0,HIGH,2026-06-10 20:52:12
TXN000031,CUST0799,15633.12,Travel,2026-01-01,0,HIGH,2026-06-10 20:52:12
TXN000032,CUST0198,133.39,Food,2026-04-27,0,LOW,2026-06-10 20:52:12
TXN000033,CUST0351,43373.45,Healthcare,2026-01-23,0,HIGH,2026-06-10 20:52:12
TXN000034,CUST0175,35158.19,Food,2026-04-28,0,HIGH,2026-06-10 20:52:12
TXN000035,CUST0855,32655.14,Healthcare,2026-05-16,0,HIGH,2026-06-10 20:52:12
TXN000036,CUST0352,21119.36,Shopping,2026-01-09,0,HIGH,2026-06-10 20:52:12
TXN000037,CUST0208,1610.8,Shopping,2026-03-15,0,LOW,2026-06-10 20:52:12
TXN000038,CUST0707,7351.28,Food,2026-05-27,0,MEDIUM,2026-06-10 20:52:12
TXN000039,CUST0568,24239.98,Shopping,2026-04-02,0,HIGH,2026-06-10 20:52:12
TXN000040,CUST0748,46128.69,Healthcare,2026-02-18,0,HIGH,2026-06-10 20:52:12
TXN000041,CUST0497,16935.61,Shopping,2026-05-06,0,HIGH,2026-06-10 20:52:12
TXN000042,CUST0555,33474.45,Food,2026-02-15,0,HIGH,2026-06-10 20:52:12
TXN000043,CUST0416,8049.77,Travel,2026-06-05,1,MEDIUM,2026-06-10 20:52:12
TXN000044,CUST0524,24605.13,Food,2026-03-19,0,HIGH,2026-06-10 20:52:12
TXN000045,CUST0824,35199.63,Shopping,2026-05-07,0,HIGH,2026-06-10 20:52:12
TXN000046,CUST0826,29100.37,Healthcare,2026-03-26,0,HIGH,2026-06-10 20:52:12
TXN000047,CUST0747,11383.81,Food,2026-02-04,0,HIGH,2026-06-10 20:52:12
TXN000048,CUST0529,18531.14,Shopping,2026-03-16,0,HIGH,2026-06-10 20:52:12
TXN000049,CUST0217,22173.57,Shopping,2026-06-08,0,HIGH,2026-06-10 20:52:12
TXN000050,CUST0217,20474.88,Healthcare,2026-03-22,0,HIGH,2026-06-10 20:52:12
TXN000051,CUST0316,40908.97,Travel,2026-01-12,0,HIGH,2026-06-10 20:52:12
TXN000052,CUST0327,12218.68,Food,2026-03-08,0,HIGH,2026-06-10 20:52:12
TXN000053,CUST0330,36549.45,Healthcare,2026-01-11,1,HIGH,2026-06-10 20:52:12
TXN000054,CUST0002,34087.71,Healthcare,2026-03-04,0,HIGH,2026-06-10 20:52:12
TXN000055,CUST0144,40171.37,Food,2026-01-02,0,HIGH,2026-06-10 20:52:12
TXN000056,CUST0283,9812.23,Travel,2026-04-18,0,MEDIUM,2026-06-10 20:52:12
TXN000057,CUST0218,16943.48,Travel,2026-04-22,0,HIGH,2026-06-10 20:52:12
TXN000058,CUST0241,38864.19,Healthcare,2026-03-25,0,HIGH,2026-06-10 20:52:12
TXN000059,CUST0857,44894.45,Shopping,2026-02-15,0,HIGH,2026-06-10 20:52:12
TXN000060,CUST0398,18001.64,Healthcare,2026-03-22,0,HIGH,2026-06-10 20:52:12
TXN000061,CUST0746,6871.97,Travel,2026-05-28,0,MEDIUM,2026-06-10 20:52:12
TXN000062,CUST0907,8375.12,Travel,2026-01-17,0,MEDIUM,2026-06-10 20:52:12
TXN000063,CUST0455,28093.62,Travel,2026-06-08,0,HIGH,2026-06-10 20:52:12
TXN000064,CUST0006,23788.5,Shopping,2026-04-29,0,HIGH,2026-06-10 20:52:12
TXN000065,CUST0996,4247.93,Travel,2026-02-26,0,LOW,2026-06-10 20:52:12
TXN000066,CUST0008,32191.01,Healthcare,2026-01-19,0,HIGH,2026-06-10 20:52:12
TXN000067,CUST0469,6360.22,Travel,2026-01-31,0,MEDIUM,2026-06-10 20:52:12
TXN000068,CUST0649,31299.25,Shopping,2026-05-04,0,HIGH,2026-06-10 20:52:12
TXN000069,CUST0585,19716.3,Food,2026-05-15,0,HIGH,2026-06-10 20:52:12
TXN000070,CUST0483,2880.19,Shopping,2026-05-20,0,LOW,2026-06-10 20:52:12
TXN000071,CUST0672,37527.64,Food,2026-01-12,0,HIGH,2026-06-10 20:52:12
TXN000072,CUST0634,47761.05,Food,2026-03-14,0,HIGH,2026-06-10 20:52:12
TXN000073,CUST0140,19331.3,Healthcare,2026-03-23,0,HIGH,2026-06-10 20:52:12
TXN000074,CUST0440,7493.09,Travel,2026-06-01,0,MEDIUM,2026-06-10 20:52:12
TXN000075,CUST0619,21413.2,Food,2026-04-25,0,HIGH,2026-06-10 20:52:12
TXN000076,CUST0639,14113.76,Healthcare,2026-03-15,0,HIGH,2026-06-10 20:52:12
TXN000077,CUST0235,48598.28,Travel,2026-03-10,0,HIGH,2026-06-10 20:52:12
TXN000078,CUST0798,26318.15,Shopping,2026-01-11,0,HIGH,2026-06-10 20:52:12
TXN000079,CUST0211,14842.35,Travel,2026-01-22,0,HIGH,2026-06-10 20:52:12
TXN000080,CUST0642,32408.29,Travel,2026-01-29,0,HIGH,2026-06-10 20:52:12
TXN000081,CUST0222,32886.93,Travel,2026-01-01,0,HIGH,2026-06-10 20:52:12
TXN000082,CUST0884,36992.75,Travel,2026-01-02,0,HIGH,2026-06-10 20:52:12
TXN000083,CUST0908,19922.42,Travel,2026-05-27,0,HIGH,2026-06-10 20:52:12
TXN000084,CUST0252,23109.33,Shopping,2026-05-19,0,HIGH,2026-06-10 20:52:12
TXN000085,CUST0992,42413.52,Food,2026-05-19,0,HIGH,2026-06-10 20:52:12
TXN000086,CUST0829,14239.58,Shopping,2026-03-06,0,HIGH,2026-06-10 20:52:12
TXN000087,CUST0647,8120.77,Travel,2026-02-13,0,MEDIUM,2026-06-10 20:52:12
TXN000088,CUST0724,30394.67,Healthcare,2026-03-02,0,HIGH,2026-06-10 20:52:12
TXN000089,CUST0810,18506.06,Healthcare,2026-04-25,0,HIGH,2026-06-10 20:52:12
TXN000090,CUST0110,43133.8,Food,2026-06-08,0,HIGH,2026-06-10 20:52:12
TXN000091,CUST0908,15858.98,Healthcare,2026-02-21,1,HIGH,2026-06-10 20:52:12
TXN000092,CUST0603,19634.71,Travel,2026-01-09,0,HIGH,2026-06-10 20:52:12
TXN000093,CUST0937,13550.25,Travel,2026-02-20,1,HIGH,2026-06-10 20:52:12
TXN000094,CUST0540,45448.13,Travel,2026-03-30,0,HIGH,2026-06-10 20:52:12
TXN000095,CUST0616,3703.74,Shopping,2026-03-08,0,LOW,2026-06-10 20:52:12
TXN000096,CUST0315,27166.89,Travel,2026-03-15,0,HIGH,2026-06-10 20:52:12
TXN000097,CUST0070,4924.13,Shopping,2026-04-24,0,LOW,2026-06-10 20:52:12
TXN000098,CUST0817,19256.45,Shopping,2026-02-20,0,HIGH,2026-06-10 20:52:12
TXN000099,CUST0132,47328.03,Shopping,2026-02-02,0,HIGH,2026-06-10 20:52:12
TXN000100,CUST0291,44022.21,Food,2026-03-19,0,HIGH,2026-06-10 20:52:12
TXN000101,CUST0109,15293.07,Food,2026-04-06,0,HIGH,2026-06-10 20:52:12
TXN000102,CUST0775,6898.75,Food,2026-02-28,0,MEDIUM,2026-06-10 20:52:12
TXN000103,CUST0707,13569.84,Food,2026-02-08,0,HIGH,2026-06-10 20:52:12
TXN000104,CUST0029,12601.96,Travel,2026-04-27,0,HIGH,2026-06-10 20:52:12
TXN000105,CUST0057,10140.37,Travel,2026-04-19,0,HIGH,2026-06-10 20:52:12
TXN000106,CUST0311,46609.02,Healthcare,2026-01-07,0,HIGH,2026-06-10 20:52:12
TXN000107,CUST0166,46961.18,Shopping,2026-03-15,0,HIGH,2026-06-10 20:52:12
TXN000108,CUST0205,13799.82,Food,2026-06-02,0,HIGH,2026-06-10 20:52:12
TXN000109,CUST0710,17468.07,Healthcare,2026-03-29,0,HIGH,2026-06-10 20:52:12
TXN000110,CUST0074,24949.12,Travel,2026-05-13,0,HIGH,2026-06-10 20:52:12
TXN000111,CUST0777,47691.28,Food,2026-02-21,0,HIGH,2026-06-10 20:52:12
TXN000112,CUST0323,29173.96,Travel,2026-03-17,0,HIGH,2026-06-10 20:52:12
TXN000113,CUST0360,10957.47,Healthcare,2026-04-18,0,HIGH,2026-06-10 20:52:12
TXN000114,CUST0688,10661.63,Food,2026-03-23,0,HIGH,2026-06-10 20:52:12
TXN000115,CUST0791,11499.06,Shopping,2026-05-21,0,HIGH,2026-06-10 20:52:12
TXN000116,CUST0747,20837.16,Shopping,2026-01-03,0,HIGH,2026-06-10 20:52:12
TXN000117,CUST0950,40473.84,Travel,2026-02-19,0,HIGH,2026-06-10 20:52:12
TXN000118,CUST0816,20650.02,Food,2026-05-11,0,HIGH,2026-06-10 20:52:12
TXN000119,CUST0263,46322.53,Travel,2026-02-07,0,HIGH,2026-06-10 20:52:12
TXN000120,CUST0595,26418.85,Healthcare,2026-03-29,0,HIGH,2026-06-10 20:52:12
TXN000121,CUST0768,27119.46,Food,2026-04-22,0,HIGH,2026-06-10 20:52:12
TXN000122,CUST0353,5317.75,Shopping,2026-05-21,0,MEDIUM,2026-06-10 20:52:12
TXN000123,CUST0174,12862.96,Shopping,2026-03-31,0,HIGH,2026-06-10 20:52:12
TXN000124,CUST0280,11643.83,Food,2026-02-11,0,HIGH,2026-06-10 20:52:12
TXN000125,CUST0579,12213.14,Food,2026-05-24,0,HIGH,2026-06-10 20:52:12
TXN000126,CUST0962,35297.86,Shopping,2026-01-09,0,HIGH,2026-06-10 20:52:12
TXN000127,CUST0049,18465.45,Healthcare,2026-04-25,0,HIGH,2026-06-10 20:52:12
TXN000128,CUST0759,46297.52,Healthcare,2026-02-13,0,HIGH,2026-06-10 20:52:12
TXN000129,CUST0258,43369.26,Travel,2026-05-12,0,HIGH,2026-06-10 20:52:12
TXN000130,CUST0041,12594.22,Healthcare,2026-05-01,1,HIGH,2026-06-10 20:52:12
TXN000131,CUST0413,20933.65,Healthcare,2026-05-10,0,HIGH,2026-06-10 20:52:12
TXN000132,CUST0537,13492.9,Food,2026-01-09,0,HIGH,2026-06-10 20:52:12
TXN000133,CUST0204,743.97,Travel,2026-03-24,0,LOW,2026-06-10 20:52:12
TXN000134,CUST0837,27475.52,Shopping,2026-06-01,0,HIGH,2026-06-10 20:52:12
TXN000135,CUST0974,22908.06,Healthcare,2026-06-09,0,HIGH,2026-06-10 20:52:12
TXN000136,CUST0115,31012.96,Food,2026-03-24,0,HIGH,2026-06-10 20:52:12
TXN000137,CUST0250,2570.85,Food,2026-02-01,0,LOW,2026-06-10 20:52:12
TXN000138,CUST0166,6306.72,Food,2026-01-07,0,MEDIUM,2026-06-10 20:52:12
TXN000139,CUST0906,10449.11,Food,2026-05-29,0,HIGH,2026-06-10 20:52:12
TXN000140,CUST0515,4534.82,Shopping,2026-02-13,0,LOW,2026-06-10 20:52:12
TXN000141,CUST0087,12228.12,Shopping,2026-05-16,0,HIGH,2026-06-10 20:52:12
TXN000142,CUST0279,1844.67,Travel,2026-04-24,0,LOW,2026-06-10 20:52:12
TXN000143,CUST0257,47965.39,Shopping,2026-02-11,0,HIGH,2026-06-10 20:52:12
TXN000144,CUST0320,49748.55,Food,2026-03-17,0,HIGH,2026-06-10 20:52:12
TXN000145,CUST0864,39492.58,Healthcare,2026-02-08,0,HIGH,2026-06-10 20:52:12
TXN000146,CUST0531,4756.89,Healthcare,2026-04-04,0,LOW,2026-06-10 20:52:12
TXN000147,CUST0332,16290.23,Food,2026-02-03,0,HIGH,2026-06-10 20:52:12
TXN000148,CUST0691,15207.07,Healthcare,2026-02-18,0,HIGH,2026-06-10 20:52:12
TXN000149,CUST0669,16415.18,Travel,2026-05-16,0,HIGH,2026-06-10 20:52:12
TXN000150,CUST0786,48335.13,Healthcare,2026-03-12,1,HIGH,2026-06-10 20:52:12
TXN000151,CUST0559,32229.34,Shopping,2026-05-16,0,HIGH,2026-06-10 20:52:12
TXN000152,CUST0908,44894.49,Food,2026-04-22,0,HIGH,2026-06-10 20:52:12
TXN000153,CUST0252,22040.52,Healthcare,2026-04-19,0,HIGH,2026-06-10 20:52:12
TXN000154,CUST0246,24865.04,Food,2026-03-29,0,HIGH,2026-06-10 20:52:12
TXN000155,CUST0658,27383.43,Travel,2026-03-21,0,HIGH,2026-06-10 20:52:12
TXN000156,CUST0744,31887.31,Food,2026-05-13,0,HIGH,2026-06-10 20:52:12
TXN000157,CUST0774,19339.26,Shopping,2026-01-17,0,HIGH,2026-06-10 20:52:12
TXN000158,CUST0313,32324.02,Food,2026-02-05,0,HIGH,2026-06-10 20:52:12
TXN000159,CUST0159,2044.47,Shopping,2026-06-07,0,LOW,2026-06-10 20:52:12
TXN000160,CUST0635,39817.29,Healthcare,2026-05-10,0,HIGH,2026-06-10 20:52:12
TXN000161,CUST0523,23596.63,Travel,2026-05-28,0,HIGH,2026-06-10 20:52:12
TXN000162,CUST0680,47515.71,Shopping,2026-01-12,0,HIGH,2026-06-10 20:52:12
TXN000163,CUST0105,40789.44,Shopping,2026-03-18,0,HIGH,2026-06-10 20:52:12
TXN000164,CUST0885,9150.19,Shopping,2026-02-25,0,MEDIUM,2026-06-10 20:52:12
TXN000165,CUST0179,28160.8,Healthcare,2026-05-09,0,HIGH,2026-06-10 20:52:12
TXN000166,CUST0543,26518.9,Shopping,2026-03-17,0,HIGH,2026-06-10 20:52:12
TXN000167,CUST0113,49854.07,Travel,2026-01-15,0,HIGH,2026-06-10 20:52:12
TXN000168,CUST0063,23330.15,Healthcare,2026-01-23,0,HIGH,2026-06-10 20:52:12
TXN000169,CUST0173,18097.29,Shopping,2026-05-20,0,HIGH,2026-06-10 20:52:12
TXN000170,CUST0971,9944.28,Shopping,2026-02-27,0,MEDIUM,2026-06-10 20:52:12
TXN000171,CUST0277,44413.04,Food,2026-03-12,0,HIGH,2026-06-10 20:52:12
TXN000172,CUST0543,44304.11,Healthcare,2026-01-06,0,HIGH,2026-06-10 20:52:12
TXN000173,CUST0204,46288.79,Healthcare,2026-01-19,0,HIGH,2026-06-10 20:52:12
TXN000174,CUST0346,6404.18,Travel,2026-04-23,0,MEDIUM,2026-06-10 20:52:12
TXN000175,CUST0708,22025.5,Shopping,2026-05-17,0,HIGH,2026-06-10 20:52:12
TXN000176,CUST0434,17059.63,Shopping,2026-04-06,0,HIGH,2026-06-10 20:52:12
TXN000177,CUST0674,33456.95,Shopping,2026-03-30,0,HIGH,2026-06-10 20:52:12
TXN000178,CUST0371,43142.06,Healthcare,2026-02-27,0,HIGH,2026-06-10 20:52:12
TXN000179,CUST0443,21407.73,Food,2026-02-20,0,HIGH,2026-06-10 20:52:12
TXN000180,CUST0704,26183.34,Healthcare,2026-04-22,0,HIGH,2026-06-10 20:52:12
TXN000181,CUST0700,42648.69,Shopping,2026-03-14,0,HIGH,2026-06-10 20:52:12
TXN000182,CUST0532,35762.49,Healthcare,2026-06-09,0,HIGH,2026-06-10 20:52:12
TXN000183,CUST0606,9436.8,Healthcare,2026-02-23,0,MEDIUM,2026-06-10 20:52:12
TXN000184,CUST0888,42027.18,Healthcare,2026-01-07,0,HIGH,2026-06-10 20:52:12
TXN000185,CUST0359,34982.05,Healthcare,2026-01-01,0,HIGH,2026-06-10 20:52:12
TXN000186,CUST0184,14541.2,Healthcare,2026-02-08,0,HIGH,2026-06-10 20:52:12
TXN000187,CUST0602,43911.85,Shopping,2026-02-06,0,HIGH,2026-06-10 20:52:12
TXN000188,CUST0225,31665.84,Travel,2026-06-02,0,HIGH,2026-06-10 20:52:12
TXN000189,CUST0654,23839.57,Shopping,2026-05-16,0,HIGH,2026-06-10 20:52:12
TXN000190,CUST0969,43397.26,Food,2026-05-20,0,HIGH,2026-06-10 20:52:12
TXN000191,CUST0455,5357.02,Travel,2026-01-02,0,MEDIUM,2026-06-10 20:52:12
TXN000192,CUST0140,42875.65,Shopping,2026-05-03,0,HIGH,2026-06-10 20:52:12
TXN000193,CUST0706,40520.66,Healthcare,2026-03-28,0,HIGH,2026-06-10 20:52:12
TXN000194,CUST0792,18251.58,Food,2026-06-06,0,HIGH,2026-06-10 20:52:12
TXN000195,CUST0082,23720.79,Travel,2026-01-05,0,HIGH,2026-06-10 20:52:12
TXN000196,CUST0373,17140.96,Shopping,2026-02-25,0,HIGH,2026-06-10 20:52:12
TXN000197,CUST0644,32311.08,Food,2026-01-08,0,HIGH,2026-06-10 20:52:12
TXN000198,CUST0561,6900.73,Travel,2026-04-08,0,MEDIUM,2026-06-10 20:52:12
TXN000199,CUST0477,38023.97,Travel,2026-05-13,0,HIGH,2026-06-10 20:52:12
TXN000200,CUST0198,5982.36,Shopping,2026-03-14,1,MEDIUM,2026-06-10 20:52:12
TXN000201,CUST0006,29262.95,Travel,2026-01-15,0,HIGH,2026-06-10 20:52:12
TXN000202,CUST0031,46377.92,Healthcare,2026-02-28,0,HIGH,2026-06-10 20:52:12
TXN000203,CUST0442,45660.71,Food,2026-05-19,0,HIGH,2026-06-10 20:52:12
TXN000204,CUST0540,26335.45,Travel,2026-03-21,0,HIGH,2026-06-10 20:52:12
TXN000205,CUST0120,14059.83,Healthcare,2026-06-06,0,HIGH,2026-06-10 20:52:12
TXN000206,CUST0458,31515.01,Travel,2026-04-16,0,HIGH,2026-06-10 20:52:12
TXN000207,CUST0397,40612.0,Shopping,2026-04-08,0,HIGH,2026-06-10 20:52:12
TXN000208,CUST0144,29712.11,Food,2026-05-27,0,HIGH,2026-06-10 20:52:12
TXN000209,CUST0573,15769.96,Travel,2026-05-04,0,HIGH,2026-06-10 20:52:12
TXN000210,CUST0769,30937.93,Shopping,2026-02-27,0,HIGH,2026-06-10 20:52:12
TXN000211,CUST0485,33316.99,Travel,2026-02-14,0,HIGH,2026-06-10 20:52:12
TXN000212,CUST0363,7559.17,Travel,2026-04-09,0,MEDIUM,2026-06-10 20:52:12
TXN000213,CUST0983,48937.37,Food,2026-04-21,0,HIGH,2026-06-10 20:52:12
TXN000214,CUST0285,47697.3,Food,2026-05-03,0,HIGH,2026-06-10 20:52:12
TXN000215,CUST0344,9479.36,Travel,2026-02-27,0,MEDIUM,2026-06-10 20:52:12
TXN000216,CUST0143,45020.38,Shopping,2026-02-03,0,HIGH,2026-06-10 20:52:12
TXN000217,CUST0461,32295.25,Healthcare,2026-03-02,0,HIGH,2026-06-10 20:52:12
TXN000218,CUST0733,28638.86,Healthcare,2026-06-04,0,HIGH,2026-06-10 20:52:12
TXN000219,CUST0418,23910.16,Food,2026-02-10,0,HIGH,2026-06-10 20:52:12
TXN000220,CUST0527,36101.74,Food,2026-05-09,0,HIGH,2026-06-10 20:52:12
TXN000221,CUST0397,30963.94,Travel,2026-01-19,1,HIGH,2026-06-10 20:52:12
TXN000222,CUST0233,24315.9,Shopping,2026-05-17,0,HIGH,2026-06-10 20:52:12
TXN000223,CUST0657,49042.66,Travel,2026-05-17,0,HIGH,2026-06-10 20:52:12
TXN000224,CUST0471,41164.13,Travel,2026-05-30,0,HIGH,2026-06-10 20:52:12
TXN000225,CUST0408,30087.27,Food,2026-03-20,0,HIGH,2026-06-10 20:52:12
TXN000226,CUST0580,35977.17,Healthcare,2026-02-04,0,HIGH,2026-06-10 20:52:12
TXN000227,CUST0144,31710.84,Shopping,2026-05-06,0,HIGH,2026-06-10 20:52:12
TXN000228,CUST0155,20441.37,Travel,2026-03-03,0,HIGH,2026-06-10 20:52:12
TXN000229,CUST0989,31395.45,Food,2026-06-06,0,HIGH,2026-06-10 20:52:12
TXN000230,CUST0213,27084.21,Shopping,2026-04-19,0,HIGH,2026-06-10 20:52:12
TXN000231,CUST0224,11553.97,Healthcare,2026-02-19,0,HIGH,2026-06-10 20:52:12
TXN000232,CUST0667,26903.67,Shopping,2026-02-06,0,HIGH,2026-06-10 20:52:12
TXN000233,CUST0485,47603.61,Healthcare,2026-02-17,0,HIGH,2026-06-10 20:52:12
TXN000234,CUST0255,3186.72,Food,2026-02-26,0,LOW,2026-06-10 20:52:12
TXN000235,CUST0664,37772.47,Food,2026-03-31,1,HIGH,2026-06-10 20:52:12
TXN000236,CUST0779,651.34,Shopping,2026-01-30,1,LOW,2026-06-10 20:52:12
TXN000237,CUST0979,46439.04,Travel,2026-01-05,0,HIGH,2026-06-10 20:52:12
TXN000238,CUST0302,14653.3,Shopping,2026-01-16,0,HIGH,2026-06-10 20:52:12
TXN000239,CUST0691,33043.53,Healthcare,2026-02-20,0,HIGH,2026-06-10 20:52:12
TXN000240,CUST0120,45119.74,Food,2026-01-22,0,HIGH,2026-06-10 20:52:12
TXN000241,CUST0364,1037.48,Travel,2026-02-19,0,LOW,2026-06-10 20:52:12
TXN000242,CUST0827,41294.12,Food,2026-04-30,0,HIGH,2026-06-10 20:52:12
TXN000243,CUST0234,29722.58,Shopping,2026-01-03,0,HIGH,2026-06-10 20:52:12
TXN000244,CUST0996,14724.36,Shopping,2026-02-13,0,HIGH,2026-06-10 20:52:12
TXN000245,CUST0997,43916.97,Travel,2026-03-22,0,HIGH,2026-06-10 20:52:12
TXN000246,CUST0905,31712.38,Shopping,2026-06-01,0,HIGH,2026-06-10 20:52:12
TXN000247,CUST0874,2251.32,Shopping,2026-01-30,1,LOW,2026-06-10 20:52:12
TXN000248,CUST0023,22096.81,Travel,2026-01-05,0,HIGH,2026-06-10 20:52:12
TXN000249,CUST0559,32566.16,Travel,2026-02-23,0,HIGH,2026-06-10 20:52:12
TXN000250,CUST0847,35126.83,Travel,2026-02-10,0,HIGH,2026-06-10 20:52:12
TXN000251,CUST0363,7330.82,Healthcare,2026-02-25,0,MEDIUM,2026-06-10 20:52:12
TXN000252,CUST0298,32687.67,Healthcare,2026-01-15,0,HIGH,2026-06-10 20:52:12
TXN000253,CUST0370,26636.02,Shopping,2026-01-25,0,HIGH,2026-06-10 20:52:12
TXN000254,CUST0392,7805.39,Shopping,2026-02-24,0,MEDIUM,2026-06-10 20:52:12
TXN000255,CUST0129,36842.79,Travel,2026-03-19,1,HIGH,2026-06-10 20:52:12
TXN000256,CUST0178,42760.06,Travel,2026-05-09,0,HIGH,2026-06-10 20:52:12
TXN000257,CUST0607,27394.26,Healthcare,2026-05-12,0,HIGH,2026-06-10 20:52:12
TXN000258,CUST0113,25212.09,Travel,2026-01-22,0,HIGH,2026-06-10 20:52:12
TXN000259,CUST0812,29149.25,Food,2026-04-11,0,HIGH,2026-06-10 20:52:12
TXN000260,CUST0059,22933.42,Healthcare,2026-04-19,0,HIGH,2026-06-10 20:52:12
TXN000261,CUST0474,2111.54,Shopping,2026-05-29,0,LOW,2026-06-10 20:52:12
TXN000262,CUST0564,17780.93,Shopping,2026-04-17,0,HIGH,2026-06-10 20:52:12
TXN000263,CUST0546,522.63,Travel,2026-03-21,0,LOW,2026-06-10 20:52:12
TXN000264,CUST0849,27251.12,Travel,2026-04-01,1,HIGH,2026-06-10 20:52:12
TXN000265,CUST0973,1724.05,Healthcare,2026-03-15,0,LOW,2026-06-10 20:52:12
TXN000266,CUST0879,49295.77,Shopping,2026-01-16,1,HIGH,2026-06-10 20:52:12
TXN000267,CUST0325,46591.46,Shopping,2026-06-09,0,HIGH,2026-06-10 20:52:12
TXN000268,CUST0249,45638.78,Travel,2026-02-15,0,HIGH,2026-06-10 20:52:12
TXN000269,CUST0397,13383.08,Shopping,2026-04-20,0,HIGH,2026-06-10 20:52:12
TXN000270,CUST0004,32191.03,Shopping,2026-04-05,0,HIGH,2026-06-10 20:52:12
TXN000271,CUST0627,9974.0,Shopping,2026-02-05,0,MEDIUM,2026-06-10 20:52:12
TXN000272,CUST0630,37076.96,Travel,2026-05-18,0,HIGH,2026-06-10 20:52:12
TXN000273,CUST0589,20220.9,Shopping,2026-03-09,0,HIGH,2026-06-10 20:52:12
TXN000274,CUST0914,31443.49,Travel,2026-04-02,0,HIGH,2026-06-10 20:52:12
TXN000275,CUST0275,45757.37,Healthcare,2026-05-22,0,HIGH,2026-06-10 20:52:12
TXN000276,CUST0277,44434.92,Healthcare,2026-02-08,1,HIGH,2026-06-10 20:52:12
TXN000277,CUST0313,40785.82,Food,2026-02-19,0,HIGH,2026-06-10 20:52:12
TXN000278,CUST0072,9351.08,Food,2026-02-12,0,MEDIUM,2026-06-10 20:52:12
TXN000279,CUST0291,10087.75,Healthcare,2026-02-07,0,HIGH,2026-06-10 20:52:12
TXN000280,CUST0298,17744.43,Food,2026-02-11,0,HIGH,2026-06-10 20:52:12
TXN000281,CUST0657,18943.59,Travel,2026-02-13,0,HIGH,2026-06-10 20:52:12
TXN000282,CUST0860,17169.32,Healthcare,2026-03-08,0,HIGH,2026-06-10 20:52:12
TXN000283,CUST0413,46280.37,Healthcare,2026-04-02,0,HIGH,2026-06-10 20:52:12
TXN000284,CUST0695,28125.02,Food,2026-02-16,0,HIGH,2026-06-10 20:52:12
TXN000285,CUST0772,15373.25,Healthcare,2026-01-22,0,HIGH,2026-06-10 20:52:12
TXN000286,CUST0444,19542.98,Shopping,2026-05-14,0,HIGH,2026-06-10 20:52:12
TXN000287,CUST0968,29221.28,Healthcare,2026-05-10,0,HIGH,2026-06-10 20:52:12
TXN000288,CUST0134,20433.76,Travel,2026-01-09,0,HIGH,2026-06-10 20:52:12
TXN000289,CUST0096,31750.62,Shopping,2026-03-08,0,HIGH,2026-06-10 20:52:12
TXN000290,CUST0378,12003.43,Healthcare,2026-02-26,0,HIGH,2026-06-10 20:52:12
TXN000291,CUST0912,46923.49,Healthcare,2026-06-03,0,HIGH,2026-06-10 20:52:12
TXN000292,CUST0308,40629.25,Food,2026-02-06,0,HIGH,2026-06-10 20:52:12
TXN000293,CUST0784,4587.6,Shopping,2026-02-17,0,LOW,2026-06-10 20:52:12
TXN000294,CUST0479,36754.9,Healthcare,2026-02-04,0,HIGH,2026-06-10 20:52:12
TXN000295,CUST0527,19317.72,Healthcare,2026-05-18,0,HIGH,2026-06-10 20:52:12
TXN000296,CUST0418,17141.3,Shopping,2026-04-03,0,HIGH,2026-06-10 20:52:12
TXN000297,CUST0223,38079.66,Food,2026-04-09,0,HIGH,2026-06-10 20:52:12
TXN000298,CUST0426,32689.61,Food,2026-05-24,0,HIGH,2026-06-10 20:52:12
TXN000299,CUST0613,34947.24,Travel,2026-04-16,0,HIGH,2026-06-10 20:52:12
TXN000300,CUST0111,694.43,Food,2026-05-26,0,LOW,2026-06-10 20:52:12
TXN000301,CUST0130,13128.81,Healthcare,2026-02-21,0,HIGH,2026-06-10 20:52:12
TXN000302,CUST0946,19595.75,Food,2026-04-29,0,HIGH,2026-06-10 20:52:12
TXN000303,CUST0174,22402.7,Healthcare,2026-05-21,1,HIGH,2026-06-10 20:52:12
TXN000304,CUST0445,16797.79,Healthcare,2026-01-14,0,HIGH,2026-06-10 20:52:12
TXN000305,CUST0768,44632.67,Healthcare,2026-03-04,0,HIGH,2026-06-10 20:52:12
TXN000306,CUST0442,7698.97,Healthcare,2026-05-27,0,MEDIUM,2026-06-10 20:52:12
TXN000307,CUST0487,27137.76,Healthcare,2026-02-27,0,HIGH,2026-06-10 20:52:12
TXN000308,CUST0416,29744.21,Travel,2026-05-28,0,HIGH,2026-06-10 20:52:12
TXN000309,CUST0721,9556.77,Food,2026-02-20,0,MEDIUM,2026-06-10 20:52:12
TXN000310,CUST0114,42456.91,Healthcare,2026-06-08,0,HIGH,2026-06-10 20:52:12
TXN000311,CUST0563,43872.91,Travel,2026-01-03,0,HIGH,2026-06-10 20:52:12
TXN000312,CUST0634,4167.18,Healthcare,2026-01-27,0,LOW,2026-06-10 20:52:12
TXN000313,CUST0386,23841.31,Food,2026-03-11,0,HIGH,2026-06-10 20:52:12
TXN000314,CUST0018,3947.32,Travel,2026-04-29,0,LOW,2026-06-10 20:52:12
TXN000315,CUST0039,31034.28,Food,2026-03-24,0,HIGH,2026-06-10 20:52:12
TXN000316,CUST0275,45450.72,Travel,2026-03-16,0,HIGH,2026-06-10 20:52:12
TXN000317,CUST0664,39704.51,Healthcare,2026-01-16,0,HIGH,2026-06-10 20:52:12
TXN000318,CUST0343,6020.16,Food,2026-01-01,0,MEDIUM,2026-06-10 20:52:12
TXN000319,CUST0729,45997.09,Food,2026-02-04,0,HIGH,2026-06-10 20:52:12
TXN000320,CUST0624,47937.91,Food,2026-02-21,0,HIGH,2026-06-10 20:52:12
TXN000321,CUST0826,29126.13,Travel,2026-06-03,0,HIGH,2026-06-10 20:52:12
TXN000322,CUST0423,41730.1,Shopping,2026-03-19,0,HIGH,2026-06-10 20:52:12
TXN000323,CUST0817,39312.89,Shopping,2026-05-24,0,HIGH,2026-06-10 20:52:12
TXN000324,CUST0583,41392.86,Travel,2026-01-21,0,HIGH,2026-06-10 20:52:12
TXN000325,CUST0749,20287.99,Shopping,2026-01-21,0,HIGH,2026-06-10 20:52:12
TXN000326,CUST0168,32362.53,Healthcare,2026-01-22,0,HIGH,2026-06-10 20:52:12
TXN000327,CUST0599,34003.61,Shopping,2026-05-23,0,HIGH,2026-06-10 20:52:12
TXN000328,CUST0194,22570.51,Shopping,2026-02-18,0,HIGH,2026-06-10 20:52:12
TXN000329,CUST0209,6508.02,Healthcare,2026-03-22,0,MEDIUM,2026-06-10 20:52:12
TXN000330,CUST0067,45856.76,Shopping,2026-01-10,0,HIGH,2026-06-10 20:52:12
TXN000331,CUST0036,34949.99,Healthcare,2026-06-07,0,HIGH,2026-06-10 20:52:12
TXN000332,CUST0400,16825.55,Shopping,2026-01-18,0,HIGH,2026-06-10 20:52:12
TXN000333,CUST0057,28361.67,Shopping,2026-01-08,0,HIGH,2026-06-10 20:52:12
TXN000334,CUST0764,4823.19,Food,2026-03-11,0,LOW,2026-06-10 20:52:12
TXN000335,CUST0666,29523.33,Healthcare,2026-04-19,0,HIGH,2026-06-10 20:52:12
TXN000336,CUST0498,38359.82,Food,2026-05-03,0,HIGH,2026-06-10 20:52:12
TXN000337,CUST0845,43265.64,Food,2026-04-05,0,HIGH,2026-06-10 20:52:12
TXN000338,CUST0799,832.11,Healthcare,2026-03-30,0,LOW,2026-06-10 20:52:12
TXN000339,CUST0033,11146.45,Healthcare,2026-02-16,0,HIGH,2026-06-10 20:52:12
TXN000340,CUST0154,43607.45,Shopping,2026-04-28,0,HIGH,2026-06-10 20:52:12
TXN000341,CUST0186,35727.48,Food,2026-05-06,0,HIGH,2026-06-10 20:52:12
TXN000342,CUST0373,20286.18,Healthcare,2026-01-14,0,HIGH,2026-06-10 20:52:12
TXN000343,CUST0701,22305.94,Shopping,2026-06-07,0,HIGH,2026-06-10 20:52:12
TXN000344,CUST0653,41346.96,Travel,2026-02-02,0,HIGH,2026-06-10 20:52:12
TXN000345,CUST0228,43216.61,Food,2026-04-23,0,HIGH,2026-06-10 20:52:12
TXN000346,CUST0625,41783.62,Shopping,2026-04-20,0,HIGH,2026-06-10 20:52:12
TXN000347,CUST0941,39035.02,Healthcare,2026-05-27,0,HIGH,2026-06-10 20:52:12
TXN000348,CUST0583,19263.49,Healthcare,2026-02-12,0,HIGH,2026-06-10 20:52:12
TXN000349,CUST0073,17722.01,Travel,2026-02-03,0,HIGH,2026-06-10 20:52:12
TXN000350,CUST0004,49331.53,Food,2026-01-15,0,HIGH,2026-06-10 20:52:12
TXN000351,CUST0433,33015.5,Food,2026-01-09,0,HIGH,2026-06-10 20:52:12
TXN000352,CUST0246,2963.18,Travel,2026-05-31,0,LOW,2026-06-10 20:52:12
TXN000353,CUST0451,39579.73,Food,2026-05-11,0,HIGH,2026-06-10 20:52:12
TXN000354,CUST0081,28664.89,Food,2026-03-20,0,HIGH,2026-06-10 20:52:12
TXN000355,CUST0408,9391.32,Healthcare,2026-01-11,0,MEDIUM,2026-06-10 20:52:12
TXN000356,CUST0715,26015.99,Healthcare,2026-04-06,0,HIGH,2026-06-10 20:52:12
TXN000357,CUST0329,4163.07,Healthcare,2026-04-08,0,LOW,2026-06-10 20:52:12
TXN000358,CUST0298,40442.16,Food,2026-05-25,0,HIGH,2026-06-10 20:52:12
TXN000359,CUST0674,27419.28,Food,2026-06-09,0,HIGH,2026-06-10 20:52:12
TXN000360,CUST0342,32229.3,Travel,2026-03-05,0,HIGH,2026-06-10 20:52:12
TXN000361,CUST0850,25657.2,Shopping,2026-03-31,0,HIGH,2026-06-10 20:52:12
TXN000362,CUST0390,4216.39,Shopping,2026-04-02,0,LOW,2026-06-10 20:52:12
TXN000363,CUST0349,23227.92,Shopping,2026-04-05,0,HIGH,2026-06-10 20:52:12
TXN000364,CUST0592,48513.15,Shopping,2026-04-13,1,HIGH,2026-06-10 20:52:12
TXN000365,CUST0512,19220.22,Shopping,2026-03-16,0,HIGH,2026-06-10 20:52:12
TXN000366,CUST0832,49661.04,Travel,2026-01-21,0,HIGH,2026-06-10 20:52:12
TXN000367,CUST0315,48326.72,Healthcare,2026-06-06,0,HIGH,2026-06-10 20:52:12
TXN000368,CUST0361,42960.72,Shopping,2026-01-01,0,HIGH,2026-06-10 20:52:12
TXN000369,CUST0399,2822.01,Healthcare,2026-04-22,0,LOW,2026-06-10 20:52:12
TXN000370,CUST0438,20232.83,Healthcare,2026-06-01,0,HIGH,2026-06-10 20:52:12
TXN000371,CUST0441,9538.35,Food,2026-01-15,0,MEDIUM,2026-06-10 20:52:12
TXN000372,CUST0079,12336.71,Shopping,2026-01-19,0,HIGH,2026-06-10 20:52:12
TXN000373,CUST0090,33891.93,Food,2026-01-31,0,HIGH,2026-06-10 20:52:12
TXN000374,CUST0344,41948.0,Food,2026-01-28,0,HIGH,2026-06-10 20:52:12
TXN000375,CUST0354,44311.65,Travel,2026-06-09,0,HIGH,2026-06-10 20:52:12
TXN000376,CUST0542,8538.91,Travel,2026-03-09,0,MEDIUM,2026-06-10 20:52:12
TXN000377,CUST0030,13158.31,Shopping,2026-03-27,0,HIGH,2026-06-10 20:52:12
TXN000378,CUST0966,47407.8,Shopping,2026-04-04,0,HIGH,2026-06-10 20:52:12
TXN000379,CUST0903,1324.67,Healthcare,2026-02-28,0,LOW,2026-06-10 20:52:12
TXN000380,CUST0786,33048.48,Healthcare,2026-05-23,0,HIGH,2026-06-10 20:52:12
TXN000381,CUST0170,23721.97,Healthcare,2026-04-01,0,HIGH,2026-06-10 20:52:12
TXN000382,CUST0525,25135.76,Food,2026-02-08,0,HIGH,2026-06-10 20:52:12
TXN000383,CUST0901,21303.96,Food,2026-03-17,0,HIGH,2026-06-10 20:52:12
TXN000384,CUST0233,4844.96,Healthcare,2026-03-21,0,LOW,2026-06-10 20:52:12
TXN000385,CUST0976,96.16,Healthcare,2026-04-05,0,LOW,2026-06-10 20:52:12
TXN000386,CUST0750,5232.78,Healthcare,2026-03-26,0,MEDIUM,2026-06-10 20:52:12
TXN000387,CUST0619,34702.08,Healthcare,2026-01-14,0,HIGH,2026-06-10 20:52:12
TXN000388,CUST0085,47662.29,Healthcare,2026-04-29,0,HIGH,2026-06-10 20:52:12
TXN000389,CUST0554,44797.12,Food,2026-03-11,0,HIGH,2026-06-10 20:52:12
TXN000390,CUST0655,39140.67,Food,2026-04-12,0,HIGH,2026-06-10 20:52:12
TXN000391,CUST0225,24131.27,Shopping,2026-02-12,0,HIGH,2026-06-10 20:52:12
TXN000392,CUST0735,2094.77,Shopping,2026-02-16,0,LOW,2026-06-10 20:52:12
TXN000393,CUST0910,29839.62,Food,2026-01-27,0,HIGH,2026-06-10 20:52:12
TXN000394,CUST0808,5699.26,Shopping,2026-05-03,0,MEDIUM,2026-06-10 20:52:12
TXN000395,CUST0324,34489.63,Food,2026-03-02,0,HIGH,2026-06-10 20:52:12
TXN000396,CUST0148,25017.01,Travel,2026-01-24,0,HIGH,2026-06-10 20:52:12
TXN000397,CUST0211,5779.2,Food,2026-06-08,0,MEDIUM,2026-06-10 20:52:12
TXN000398,CUST0526,26321.03,Shopping,2026-05-07,0,HIGH,2026-06-10 20:52:12
TXN000399,CUST0704,47238.58,Healthcare,2026-02-13,0,HIGH,2026-06-10 20:52:12
TXN000400,CUST0691,11005.67,Food,2026-01-29,0,HIGH,2026-06-10 20:52:12
TXN000401,CUST0600,3325.46,Healthcare,2026-01-03,0,LOW,2026-06-10 20:52:12
TXN000402,CUST0173,14776.39,Healthcare,2026-04-29,1,HIGH,2026-06-10 20:52:12
TXN000403,CUST0147,18232.91,Healthcare,2026-02-16,0,HIGH,2026-06-10 20:52:12
TXN000404,CUST0519,23907.42,Shopping,2026-06-08,0,HIGH,2026-06-10 20:52:12
TXN000405,CUST0330,36641.16,Shopping,2026-05-16,0,HIGH,2026-06-10 20:52:12
TXN000406,CUST0223,21942.37,Healthcare,2026-03-08,0,HIGH,2026-06-10 20:52:12
TXN000407,CUST0086,35060.55,Travel,2026-02-08,0,HIGH,2026-06-10 20:52:12
TXN000408,CUST0663,17719.63,Shopping,2026-01-24,0,HIGH,2026-06-10 20:52:12
TXN000409,CUST0526,28760.57,Food,2026-03-21,0,HIGH,2026-06-10 20:52:12
TXN000410,CUST0684,10394.01,Healthcare,2026-01-19,0,HIGH,2026-06-10 20:52:12
TXN000411,CUST0704,46347.57,Food,2026-06-05,0,HIGH,2026-06-10 20:52:12
TXN000412,CUST0841,20314.37,Travel,2026-05-06,0,HIGH,2026-06-10 20:52:12
TXN000413,CUST0479,13229.23,Healthcare,2026-03-18,0,HIGH,2026-06-10 20:52:12
TXN000414,CUST0037,24809.56,Travel,2026-01-12,0,HIGH,2026-06-10 20:52:12
TXN000415,CUST0146,22635.05,Food,2026-02-22,0,HIGH,2026-06-10 20:52:12
TXN000416,CUST0075,25335.14,Food,2026-06-02,0,HIGH,2026-06-10 20:52:12
TXN000417,CUST0457,2987.22,Food,2026-05-13,0,LOW,2026-06-10 20:52:12
TXN000418,CUST0863,36912.34,Shopping,2026-05-02,0,HIGH,2026-06-10 20:52:12
TXN000419,CUST0283,16555.52,Healthcare,2026-01-06,0,HIGH,2026-06-10 20:52:12
TXN000420,CUST0368,37459.2,Travel,2026-06-08,0,HIGH,2026-06-10 20:52:12
TXN000421,CUST0511,36948.97,Shopping,2026-01-23,0,HIGH,2026-06-10 20:52:12
TXN000422,CUST0763,11178.17,Shopping,2026-05-14,0,HIGH,2026-06-10 20:52:12
TXN000423,CUST0803,13909.6,Shopping,2026-04-06,1,HIGH,2026-06-10 20:52:12
TXN000424,CUST0442,29471.54,Shopping,2026-01-11,0,HIGH,2026-06-10 20:52:12
TXN000425,CUST0865,10669.8,Food,2026-02-23,0,HIGH,2026-06-10 20:52:12
TXN000426,CUST0968,39399.48,Shopping,2026-01-24,0,HIGH,2026-06-10 20:52:12
TXN000427,CUST0681,9887.86,Shopping,2026-03-05,0,MEDIUM,2026-06-10 20:52:12
TXN000428,CUST0224,49829.53,Food,2026-02-20,0,HIGH,2026-06-10 20:52:12
TXN000429,CUST0037,30653.81,Healthcare,2026-03-31,0,HIGH,2026-06-10 20:52:12
TXN000430,CUST0829,42923.93,Healthcare,2026-05-20,0,HIGH,2026-06-10 20:52:12
TXN000431,CUST0788,48034.17,Healthcare,2026-01-23,1,HIGH,2026-06-10 20:52:12
TXN000432,CUST0558,11414.05,Shopping,2026-05-06,0,HIGH,2026-06-10 20:52:12
TXN000433,CUST0304,48857.88,Travel,2026-01-25,0,HIGH,2026-06-10 20:52:12
TXN000434,CUST0669,22420.78,Shopping,2026-03-13,0,HIGH,2026-06-10 20:52:12
TXN000435,CUST0150,35919.18,Travel,2026-01-06,0,HIGH,2026-06-10 20:52:12
TXN000436,CUST0596,33721.86,Travel,2026-01-27,0,HIGH,2026-06-10 20:52:12
TXN000437,CUST0567,46037.79,Shopping,2026-06-04,0,HIGH,2026-06-10 20:52:12
TXN000438,CUST0336,35238.82,Healthcare,2026-04-22,0,HIGH,2026-06-10 20:52:12
TXN000439,CUST0984,21004.23,Shopping,2026-04-03,0,HIGH,2026-06-10 20:52:12
TXN000440,CUST0228,48775.61,Healthcare,2026-06-09,0,HIGH,2026-06-10 20:52:12
TXN000441,CUST0959,28446.44,Shopping,2026-03-05,0,HIGH,2026-06-10 20:52:12
TXN000442,CUST0247,32465.1,Travel,2026-03-11,0,HIGH,2026-06-10 20:52:12
TXN000443,CUST0308,27861.68,Healthcare,2026-02-07,0,HIGH,2026-06-10 20:52:12
TXN000444,CUST0551,38441.1,Food,2026-04-22,0,HIGH,2026-06-10 20:52:12
TXN000445,CUST0061,1584.07,Travel,2026-04-05,0,LOW,2026-06-10 20:52:12
TXN000446,CUST0328,35337.0,Food,2026-04-05,0,HIGH,2026-06-10 20:52:12
TXN000447,CUST0858,32481.7,Food,2026-03-04,0,HIGH,2026-06-10 20:52:12
TXN000448,CUST0579,15022.35,Food,2026-05-12,0,HIGH,2026-06-10 20:52:12
TXN000449,CUST0315,40956.3,Shopping,2026-01-25,0,HIGH,2026-06-10 20:52:12
TXN000450,CUST0797,2101.68,Shopping,2026-04-25,0,LOW,2026-06-10 20:52:12
TXN000451,CUST0496,7492.36,Healthcare,2026-02-28,0,MEDIUM,2026-06-10 20:52:12
TXN000452,CUST0417,25908.02,Food,2026-05-22,0,HIGH,2026-06-10 20:52:12
TXN000453,CUST0149,46462.46,Food,2026-05-15,0,HIGH,2026-06-10 20:52:12
TXN000454,CUST0587,41174.83,Travel,2026-03-27,0,HIGH,2026-06-10 20:52:12
TXN000455,CUST0206,40535.43,Shopping,2026-01-07,0,HIGH,2026-06-10 20:52:12
TXN000456,CUST0481,41997.47,Healthcare,2026-01-18,0,HIGH,2026-06-10 20:52:12
TXN000457,CUST0183,16648.79,Healthcare,2026-01-15,0,HIGH,2026-06-10 20:52:12
TXN000458,CUST0135,2866.47,Travel,2026-03-16,0,LOW,2026-06-10 20:52:12
TXN000459,CUST0790,2656.61,Travel,2026-05-08,0,LOW,2026-06-10 20:52:12
TXN000460,CUST0824,14213.57,Healthcare,2026-01-14,0,HIGH,2026-06-10 20:52:12
TXN000461,CUST0191,16491.11,Shopping,2026-05-30,0,HIGH,2026-06-10 20:52:12
TXN000462,CUST0664,21664.46,Healthcare,2026-05-17,0,HIGH,2026-06-10 20:52:12
TXN000463,CUST0696,12247.96,Travel,2026-04-28,0,HIGH,2026-06-10 20:52:12
TXN000464,CUST0838,26921.42,Food,2026-01-08,0,HIGH,2026-06-10 20:52:12
TXN000465,CUST0462,26866.28,Shopping,2026-03-16,0,HIGH,2026-06-10 20:52:12
TXN000466,CUST0474,36331.86,Food,2026-03-22,0,HIGH,2026-06-10 20:52:12
TXN000467,CUST0118,34840.89,Food,2026-01-15,0,HIGH,2026-06-10 20:52:12
TXN000468,CUST0301,4425.04,Shopping,2026-06-02,0,LOW,2026-06-10 20:52:12
TXN000469,CUST0387,36967.52,Food,2026-04-28,0,HIGH,2026-06-10 20:52:12
TXN000470,CUST0942,38136.28,Healthcare,2026-05-28,0,HIGH,2026-06-10 20:52:12
TXN000471,CUST0749,2941.84,Shopping,2026-02-17,0,LOW,2026-06-10 20:52:12
TXN000472,CUST0295,33398.85,Healthcare,2026-02-19,0,HIGH,2026-06-10 20:52:12
TXN000473,CUST0442,2190.58,Travel,2026-03-25,0,LOW,2026-06-10 20:52:12
TXN000474,CUST0255,23946.48,Food,2026-02-08,0,HIGH,2026-06-10 20:52:12
TXN000475,CUST0662,24869.53,Healthcare,2026-01-02,0,HIGH,2026-06-10 20:52:12
TXN000476,CUST0936,38945.17,Food,2026-01-21,0,HIGH,2026-06-10 20:52:12
TXN000477,CUST0917,155.45,Food,2026-02-22,0,LOW,2026-06-10 20:52:12
TXN000478,CUST0217,13072.9,Healthcare,2026-01-14,0,HIGH,2026-06-10 20:52:12
TXN000479,CUST0809,23298.53,Healthcare,2026-06-03,0,HIGH,2026-06-10 20:52:12
TXN000480,CUST0422,49478.38,Travel,2026-02-02,0,HIGH,2026-06-10 20:52:12
TXN000481,CUST0509,3706.57,Travel,2026-04-12,0,LOW,2026-06-10 20:52:12
TXN000482,CUST0602,36539.75,Shopping,2026-02-01,0,HIGH,2026-06-10 20:52:12
TXN000483,CUST0999,1164.26,Food,2026-02-01,0,LOW,2026-06-10 20:52:12
TXN000484,CUST0545,20364.79,Travel,2026-01-29,0,HIGH,2026-06-10 20:52:12
TXN000485,CUST0630,37361.7,Shopping,2026-01-27,0,HIGH,2026-06-10 20:52:12
TXN000486,CUST0083,29620.37,Food,2026-03-10,0,HIGH,2026-06-10 20:52:12
TXN000487,CUST0665,15848.59,Shopping,2026-05-07,1,HIGH,2026-06-10 20:52:12
TXN000488,CUST0269,8457.89,Healthcare,2026-04-07,0,MEDIUM,2026-06-10 20:52:12
TXN000489,CUST0339,22380.79,Food,2026-03-21,0,HIGH,2026-06-10 20:52:12
TXN000490,CUST0981,30873.88,Shopping,2026-02-19,0,HIGH,2026-06-10 20:52:12
TXN000491,CUST0758,23707.99,Travel,2026-03-06,0,HIGH,2026-06-10 20:52:12
TXN000492,CUST0268,5153.49,Food,2026-01-03,0,MEDIUM,2026-06-10 20:52:12
TXN000493,CUST0122,46539.58,Healthcare,2026-05-04,0,HIGH,2026-06-10 20:52:12
TXN000494,CUST0468,4553.52,Healthcare,2026-02-06,0,LOW,2026-06-10 20:52:12
TXN000495,CUST0915,4410.92,Shopping,2026-02-23,0,LOW,2026-06-10 20:52:12
TXN000496,CUST0390,45580.92,Healthcare,2026-02-18,0,HIGH,2026-06-10 20:52:12
TXN000497,CUST0703,20418.89,Shopping,2026-03-29,1,HIGH,2026-06-10 20:52:12
TXN000498,CUST0236,48553.37,Travel,2026-05-11,0,HIGH,2026-06-10 20:52:12
TXN000499,CUST0406,29531.72,Travel,2026-03-30,1,HIGH,2026-06-10 20:52:12
TXN000500,CUST0343,14015.15,Food,2026-03-08,0,HIGH,2026-06-10 20:52:12
TXN000501,CUST0520,33620.81,Shopping,2026-04-21,0,HIGH,2026-06-10 20:52:12
TXN000502,CUST0585,9364.73,Healthcare,2026-03-19,0,MEDIUM,2026-06-10 20:52:12
TXN000503,CUST0318,21607.18,Shopping,2026-04-02,0,HIGH,2026-06-10 20:52:12
TXN000504,CUST0076,29820.57,Shopping,2026-03-24,0,HIGH,2026-06-10 20:52:12
TXN000505,CUST0377,28191.93,Shopping,2026-03-29,0,HIGH,2026-06-10 20:52:12
TXN000506,CUST0558,40.74,Healthcare,2026-06-02,0,LOW,2026-06-10 20:52:12
TXN000507,CUST0320,29768.43,Shopping,2026-02-15,0,HIGH,2026-06-10 20:52:12
TXN000508,CUST0703,39353.25,Healthcare,2026-04-04,1,HIGH,2026-06-10 20:52:12
TXN000509,CUST0739,18786.15,Food,2026-01-13,1,HIGH,2026-06-10 20:52:12
TXN000510,CUST0698,30972.46,Travel,2026-03-01,0,HIGH,2026-06-10 20:52:12
TXN000511,CUST0527,31252.47,Shopping,2026-04-22,0,HIGH,2026-06-10 20:52:12
TXN000512,CUST0755,34183.25,Healthcare,2026-03-04,0,HIGH,2026-06-10 20:52:12
TXN000513,CUST0189,20177.8,Shopping,2026-04-18,0,HIGH,2026-06-10 20:52:12
TXN000514,CUST0929,39017.75,Food,2026-02-22,0,HIGH,2026-06-10 20:52:12
TXN000515,CUST0541,13845.56,Food,2026-01-26,0,HIGH,2026-06-10 20:52:12
TXN000516,CUST0110,33270.01,Food,2026-05-03,0,HIGH,2026-06-10 20:52:12
TXN000517,CUST0311,7162.27,Shopping,2026-02-20,0,MEDIUM,2026-06-10 20:52:12
TXN000518,CUST0249,3612.22,Healthcare,2026-04-08,0,LOW,2026-06-10 20:52:12
TXN000519,CUST0268,41874.53,Healthcare,2026-01-21,0,HIGH,2026-06-10 20:52:12
TXN000520,CUST0381,30370.61,Healthcare,2026-02-11,0,HIGH,2026-06-10 20:52:12
TXN000521,CUST0454,33053.89,Shopping,2026-01-24,0,HIGH,2026-06-10 20:52:12
TXN000522,CUST0121,29834.41,Shopping,2026-03-25,0,HIGH,2026-06-10 20:52:12
TXN000523,CUST0988,20048.22,Travel,2026-05-26,0,HIGH,2026-06-10 20:52:12
TXN000524,CUST0913,15116.65,Food,2026-04-12,0,HIGH,2026-06-10 20:52:12
TXN000525,CUST0998,4144.7,Shopping,2026-04-13,0,LOW,2026-06-10 20:52:12
TXN000526,CUST0385,5708.23,Food,2026-01-12,0,MEDIUM,2026-06-10 20:52:12
TXN000527,CUST0504,8006.65,Healthcare,2026-03-18,0,MEDIUM,2026-06-10 20:52:12
TXN000528,CUST0185,36631.09,Travel,2026-03-09,0,HIGH,2026-06-10 20:52:12
TXN000529,CUST0358,25752.47,Shopping,2026-04-01,0,HIGH,2026-06-10 20:52:12
TXN000530,CUST0402,41402.36,Food,2026-03-20,0,HIGH,2026-06-10 20:52:12
TXN000531,CUST0169,37877.63,Healthcare,2026-01-23,0,HIGH,2026-06-10 20:52:12
TXN000532,CUST0436,434.68,Healthcare,2026-05-17,0,LOW,2026-06-10 20:52:12
TXN000533,CUST0134,22848.07,Healthcare,2026-02-22,0,HIGH,2026-06-10 20:52:12
TXN000534,CUST0281,36705.34,Food,2026-01-03,0,HIGH,2026-06-10 20:52:12
TXN000535,CUST0627,33384.65,Healthcare,2026-02-18,0,HIGH,2026-06-10 20:52:12
TXN000536,CUST0367,1196.89,Healthcare,2026-04-16,0,LOW,2026-06-10 20:52:12
TXN000537,CUST0902,33062.31,Travel,2026-02-04,0,HIGH,2026-06-10 20:52:12
TXN000538,CUST0044,40378.76,Travel,2026-01-19,0,HIGH,2026-06-10 20:52:12
TXN000539,CUST0175,1900.56,Shopping,2026-02-19,0,LOW,2026-06-10 20:52:12
TXN000540,CUST0927,41382.58,Food,2026-03-24,0,HIGH,2026-06-10 20:52:12
TXN000541,CUST0485,47938.06,Shopping,2026-03-09,0,HIGH,2026-06-10 20:52:12
TXN000542,CUST0237,43189.34,Travel,2026-04-07,0,HIGH,2026-06-10 20:52:12
TXN000543,CUST0964,4016.15,Healthcare,2026-03-20,0,LOW,2026-06-10 20:52:12
TXN000544,CUST0857,37296.81,Food,2026-02-19,0,HIGH,2026-06-10 20:52:12
TXN000545,CUST0669,33121.5,Travel,2026-04-03,0,HIGH,2026-06-10 20:52:12
TXN000546,CUST0856,15036.37,Food,2026-04-01,0,HIGH,2026-06-10 20:52:12
TXN000547,CUST0525,23122.04,Travel,2026-01-04,0,HIGH,2026-06-10 20:52:12
TXN000548,CUST0202,31799.5,Shopping,2026-03-24,0,HIGH,2026-06-10 20:52:12
TXN000549,CUST0666,4799.13,Shopping,2026-05-06,0,LOW,2026-06-10 20:52:12
TXN000550,CUST0655,39206.62,Shopping,2026-03-23,0,HIGH,2026-06-10 20:52:12
TXN000551,CUST0294,7816.73,Shopping,2026-04-11,0,MEDIUM,2026-06-10 20:52:12
TXN000552,CUST0511,30549.48,Shopping,2026-03-12,0,HIGH,2026-06-10 20:52:12
TXN000553,CUST0471,3375.58,Healthcare,2026-04-01,0,LOW,2026-06-10 20:52:12
TXN000554,CUST0262,15086.06,Shopping,2026-02-04,0,HIGH,2026-06-10 20:52:12
TXN000555,CUST0065,48776.0,Shopping,2026-02-27,0,HIGH,2026-06-10 20:52:12
TXN000556,CUST0595,3956.2,Food,2026-01-24,0,LOW,2026-06-10 20:52:12
TXN000557,CUST0464,19255.44,Food,2026-01-25,0,HIGH,2026-06-10 20:52:12
TXN000558,CUST0242,17781.59,Travel,2026-06-02,0,HIGH,2026-06-10 20:52:12
TXN000559,CUST0334,29300.14,Shopping,2026-03-04,0,HIGH,2026-06-10 20:52:12
TXN000560,CUST0515,33596.55,Shopping,2026-05-07,0,HIGH,2026-06-10 20:52:12
TXN000561,CUST0644,44564.96,Shopping,2026-05-04,0,HIGH,2026-06-10 20:52:12
TXN000562,CUST0970,4260.7,Food,2026-06-01,0,LOW,2026-06-10 20:52:12
TXN000563,CUST0289,26974.52,Travel,2026-01-30,0,HIGH,2026-06-10 20:52:12
TXN000564,CUST0506,4505.3,Shopping,2026-01-28,0,LOW,2026-06-10 20:52:12
TXN000565,CUST0545,19605.59,Travel,2026-01-17,0,HIGH,2026-06-10 20:52:12
TXN000566,CUST0311,43113.0,Shopping,2026-03-25,0,HIGH,2026-06-10 20:52:12
TXN000567,CUST0351,44909.88,Healthcare,2026-05-01,0,HIGH,2026-06-10 20:52:12
TXN000568,CUST0810,14275.4,Healthcare,2026-04-01,0,HIGH,2026-06-10 20:52:12
TXN000569,CUST0886,47302.35,Food,2026-02-22,0,HIGH,2026-06-10 20:52:12
TXN000570,CUST0013,48468.01,Healthcare,2026-01-29,0,HIGH,2026-06-10 20:52:12
TXN000571,CUST0202,10345.12,Shopping,2026-01-28,0,HIGH,2026-06-10 20:52:12
TXN000572,CUST0499,18693.22,Healthcare,2026-04-01,0,HIGH,2026-06-10 20:52:12
TXN000573,CUST0017,20127.65,Healthcare,2026-03-16,0,HIGH,2026-06-10 20:52:12
TXN000574,CUST0693,33152.04,Shopping,2026-04-27,0,HIGH,2026-06-10 20:52:12
TXN000575,CUST0397,286.83,Travel,2026-03-31,0,LOW,2026-06-10 20:52:12
TXN000576,CUST0555,7860.6,Food,2026-05-06,0,MEDIUM,2026-06-10 20:52:12
TXN000577,CUST0399,16950.68,Shopping,2026-04-24,0,HIGH,2026-06-10 20:52:12
TXN000578,CUST0369,21058.77,Food,2026-01-26,0,HIGH,2026-06-10 20:52:12
TXN000579,CUST0012,33045.22,Shopping,2026-05-30,0,HIGH,2026-06-10 20:52:12
TXN000580,CUST0873,46580.23,Shopping,2026-05-15,0,HIGH,2026-06-10 20:52:12
TXN000581,CUST0418,7645.83,Travel,2026-06-04,0,MEDIUM,2026-06-10 20:52:12
TXN000582,CUST0511,26049.43,Shopping,2026-04-07,0,HIGH,2026-06-10 20:52:12
TXN000583,CUST0048,18577.9,Shopping,2026-03-06,0,HIGH,2026-06-10 20:52:12
TXN000584,CUST0287,45618.76,Food,2026-04-23,0,HIGH,2026-06-10 20:52:12
TXN000585,CUST0745,3010.12,Shopping,2026-01-15,0,LOW,2026-06-10 20:52:12
TXN000586,CUST0643,46593.29,Shopping,2026-05-29,0,HIGH,2026-06-10 20:52:12
TXN000587,CUST0500,39437.51,Healthcare,2026-01-09,0,HIGH,2026-06-10 20:52:12
TXN000588,CUST0319,46483.71,Shopping,2026-06-07,0,HIGH,2026-06-10 20:52:12
TXN000589,CUST0689,23714.75,Healthcare,2026-03-28,0,HIGH,2026-06-10 20:52:12
TXN000590,CUST0265,42626.63,Food,2026-01-30,0,HIGH,2026-06-10 20:52:12
TXN000591,CUST0609,5065.31,Shopping,2026-06-02,0,MEDIUM,2026-06-10 20:52:12
TXN000592,CUST0818,43719.59,Travel,2026-05-26,0,HIGH,2026-06-10 20:52:12
TXN000593,CUST0752,35000.99,Food,2026-04-23,0,HIGH,2026-06-10 20:52:12
TXN000594,CUST0536,25294.3,Travel,2026-02-04,0,HIGH,2026-06-10 20:52:12
TXN000595,CUST0916,21878.14,Shopping,2026-02-02,0,HIGH,2026-06-10 20:52:12
TXN000596,CUST0328,41838.73,Healthcare,2026-05-14,0,HIGH,2026-06-10 20:52:12
TXN000597,CUST0699,25042.91,Food,2026-03-07,0,HIGH,2026-06-10 20:52:12
TXN000598,CUST0257,37485.52,Healthcare,2026-01-13,0,HIGH,2026-06-10 20:52:12
TXN000599,CUST0042,41499.16,Food,2026-03-20,0,HIGH,2026-06-10 20:52:12
TXN000600,CUST0541,30198.49,Shopping,2026-05-24,0,HIGH,2026-06-10 20:52:12
TXN000601,CUST0868,8186.75,Travel,2026-05-22,0,MEDIUM,2026-06-10 20:52:12
TXN000602,CUST0669,4657.72,Healthcare,2026-02-13,0,LOW,2026-06-10 20:52:12
TXN000603,CUST0129,16642.41,Healthcare,2026-05-06,0,HIGH,2026-06-10 20:52:12
TXN000604,CUST0066,31871.14,Shopping,2026-05-14,0,HIGH,2026-06-10 20:52:12
TXN000605,CUST0784,38547.59,Travel,2026-03-25,0,HIGH,2026-06-10 20:52:12
TXN000606,CUST0261,3542.89,Healthcare,2026-04-30,0,LOW,2026-06-10 20:52:12
TXN000607,CUST0569,18304.84,Healthcare,2026-04-06,0,HIGH,2026-06-10 20:52:12
TXN000608,CUST0227,46852.17,Food,2026-03-24,0,HIGH,2026-06-10 20:52:12
TXN000609,CUST0416,43301.0,Shopping,2026-04-02,0,HIGH,2026-06-10 20:52:12
TXN000610,CUST0645,48391.15,Shopping,2026-01-30,0,HIGH,2026-06-10 20:52:12
TXN000611,CUST0821,35290.91,Travel,2026-05-04,0,HIGH,2026-06-10 20:52:12
TXN000612,CUST0936,41104.66,Shopping,2026-02-05,0,HIGH,2026-06-10 20:52:12
TXN000613,CUST0833,44515.24,Shopping,2026-03-21,0,HIGH,2026-06-10 20:52:12
TXN000614,CUST0213,9382.48,Food,2026-04-02,0,MEDIUM,2026-06-10 20:52:12
TXN000615,CUST0091,42215.66,Healthcare,2026-04-25,0,HIGH,2026-06-10 20:52:12
TXN000616,CUST0730,39719.04,Healthcare,2026-03-22,0,HIGH,2026-06-10 20:52:12
TXN000617,CUST0518,27358.71,Travel,2026-04-02,0,HIGH,2026-06-10 20:52:12
TXN000618,CUST0386,18990.11,Travel,2026-05-28,0,HIGH,2026-06-10 20:52:12
TXN000619,CUST0788,17464.94,Travel,2026-06-01,0,HIGH,2026-06-10 20:52:12
TXN000620,CUST0665,12745.39,Travel,2026-05-24,0,HIGH,2026-06-10 20:52:12
TXN000621,CUST0026,46955.41,Travel,2026-04-03,0,HIGH,2026-06-10 20:52:12
TXN000622,CUST0105,7919.88,Food,2026-03-09,0,MEDIUM,2026-06-10 20:52:12
TXN000623,CUST0062,22827.14,Food,2026-06-01,0,HIGH,2026-06-10 20:52:12
TXN000624,CUST0933,19689.93,Healthcare,2026-02-23,0,HIGH,2026-06-10 20:52:12
TXN000625,CUST0595,25190.11,Travel,2026-02-10,0,HIGH,2026-06-10 20:52:12
TXN000626,CUST0601,5825.36,Food,2026-02-23,1,MEDIUM,2026-06-10 20:52:12
TXN000627,CUST0985,24091.63,Healthcare,2026-02-08,0,HIGH,2026-06-10 20:52:12
TXN000628,CUST0903,20521.61,Shopping,2026-04-21,0,HIGH,2026-06-10 20:52:12
TXN000629,CUST0147,21752.93,Travel,2026-03-18,0,HIGH,2026-06-10 20:52:12
TXN000630,CUST0463,35321.19,Shopping,2026-01-25,1,HIGH,2026-06-10 20:52:12
TXN000631,CUST0647,344.0,Healthcare,2026-03-14,0,LOW,2026-06-10 20:52:12
TXN000632,CUST0439,29491.71,Travel,2026-01-20,0,HIGH,2026-06-10 20:52:12
TXN000633,CUST0212,34862.05,Healthcare,2026-01-11,0,HIGH,2026-06-10 20:52:12
TXN000634,CUST0390,47648.72,Travel,2026-01-26,0,HIGH,2026-06-10 20:52:12
TXN000635,CUST0910,25143.29,Healthcare,2026-01-19,0,HIGH,2026-06-10 20:52:12
TXN000636,CUST0263,15636.29,Healthcare,2026-04-28,0,HIGH,2026-06-10 20:52:12
TXN000637,CUST0879,1367.32,Healthcare,2026-01-20,0,LOW,2026-06-10 20:52:12
TXN000638,CUST0823,18386.16,Food,2026-05-23,0,HIGH,2026-06-10 20:52:12
TXN000639,CUST0591,49534.38,Shopping,2026-02-01,0,HIGH,2026-06-10 20:52:12
TXN000640,CUST0100,40486.54,Food,2026-03-04,1,HIGH,2026-06-10 20:52:12
TXN000641,CUST0436,30420.76,Shopping,2026-03-11,0,HIGH,2026-06-10 20:52:12
TXN000642,CUST0839,16907.61,Shopping,2026-01-23,0,HIGH,2026-06-10 20:52:12
TXN000643,CUST0444,43406.13,Travel,2026-01-24,0,HIGH,2026-06-10 20:52:12
TXN000644,CUST0391,35316.98,Shopping,2026-05-21,0,HIGH,2026-06-10 20:52:12
TXN000645,CUST0269,33878.92,Travel,2026-01-19,0,HIGH,2026-06-10 20:52:12
TXN000646,CUST0646,24783.13,Healthcare,2026-04-20,0,HIGH,2026-06-10 20:52:12
TXN000647,CUST0341,44159.32,Healthcare,2026-03-24,0,HIGH,2026-06-10 20:52:12
TXN000648,CUST0684,20113.94,Food,2026-01-21,0,HIGH,2026-06-10 20:52:12
TXN000649,CUST0846,33857.44,Healthcare,2026-03-09,0,HIGH,2026-06-10 20:52:12
TXN000650,CUST0417,28378.17,Food,2026-06-03,0,HIGH,2026-06-10 20:52:12
TXN000651,CUST0435,5943.26,Food,2026-05-24,0,MEDIUM,2026-06-10 20:52:12
TXN000652,CUST0102,26475.93,Travel,2026-03-26,0,HIGH,2026-06-10 20:52:12
TXN000653,CUST0263,16430.07,Healthcare,2026-04-27,0,HIGH,2026-06-10 20:52:12
TXN000654,CUST0764,26366.87,Food,2026-03-22,0,HIGH,2026-06-10 20:52:12
TXN000655,CUST0884,22234.27,Food,2026-05-09,0,HIGH,2026-06-10 20:52:12
TXN000656,CUST0017,8021.4,Food,2026-05-09,0,MEDIUM,2026-06-10 20:52:12
TXN000657,CUST0875,20455.97,Travel,2026-04-26,0,HIGH,2026-06-10 20:52:12
TXN000658,CUST0701,8285.43,Travel,2026-05-21,0,MEDIUM,2026-06-10 20:52:12
TXN000659,CUST0069,5311.45,Healthcare,2026-02-15,0,MEDIUM,2026-06-10 20:52:12
TXN000660,CUST0668,46799.44,Shopping,2026-06-05,0,HIGH,2026-06-10 20:52:12
TXN000661,CUST0839,3393.31,Food,2026-04-30,0,LOW,2026-06-10 20:52:12
TXN000662,CUST0483,9984.2,Healthcare,2026-04-11,0,MEDIUM,2026-06-10 20:52:12
TXN000663,CUST0048,37078.65,Travel,2026-04-21,0,HIGH,2026-06-10 20:52:12
TXN000664,CUST0233,22469.15,Shopping,2026-01-14,0,HIGH,2026-06-10 20:52:12
TXN000665,CUST0901,4810.35,Shopping,2026-02-22,0,LOW,2026-06-10 20:52:12
TXN000666,CUST0558,469.36,Shopping,2026-04-24,0,LOW,2026-06-10 20:52:12
TXN000667,CUST0722,20697.57,Travel,2026-04-26,0,HIGH,2026-06-10 20:52:12
TXN000668,CUST0960,40760.16,Healthcare,2026-02-09,0,HIGH,2026-06-10 20:52:12
TXN000669,CUST0337,10575.28,Travel,2026-01-20,0,HIGH,2026-06-10 20:52:12
TXN000670,CUST0501,37515.26,Food,2026-05-08,0,HIGH,2026-06-10 20:52:12
TXN000671,CUST0673,7480.9,Healthcare,2026-03-14,0,MEDIUM,2026-06-10 20:52:12
TXN000672,CUST0436,13329.51,Travel,2026-05-06,0,HIGH,2026-06-10 20:52:12
TXN000673,CUST0154,31790.4,Food,2026-03-16,0,HIGH,2026-06-10 20:52:12
TXN000674,CUST0980,1632.12,Travel,2026-05-20,0,LOW,2026-06-10 20:52:12
TXN000675,CUST0429,4557.84,Travel,2026-01-26,0,LOW,2026-06-10 20:52:12
TXN000676,CUST0412,7744.61,Travel,2026-03-07,0,MEDIUM,2026-06-10 20:52:12
TXN000677,CUST0356,44152.63,Food,2026-05-21,0,HIGH,2026-06-10 20:52:12
TXN000678,CUST0435,10981.1,Travel,2026-01-13,0,HIGH,2026-06-10 20:52:12
TXN000679,CUST0240,36740.85,Healthcare,2026-02-04,0,HIGH,2026-06-10 20:52:12
TXN000680,CUST0470,13418.37,Healthcare,2026-05-25,0,HIGH,2026-06-10 20:52:12
TXN000681,CUST0441,19569.71,Shopping,2026-03-31,0,HIGH,2026-06-10 20:52:12
TXN000682,CUST0927,22105.64,Food,2026-01-17,0,HIGH,2026-06-10 20:52:12
TXN000683,CUST0871,42006.73,Travel,2026-04-24,0,HIGH,2026-06-10 20:52:12
TXN000684,CUST0375,17550.22,Healthcare,2026-06-01,0,HIGH,2026-06-10 20:52:12
TXN000685,CUST0541,48264.87,Food,2026-01-22,0,HIGH,2026-06-10 20:52:12
TXN000686,CUST0131,37618.26,Shopping,2026-01-05,0,HIGH,2026-06-10 20:52:12
TXN000687,CUST0690,20107.89,Food,2026-03-15,0,HIGH,2026-06-10 20:52:12
TXN000688,CUST0933,29022.48,Food,2026-04-27,0,HIGH,2026-06-10 20:52:12
TXN000689,CUST0787,49384.99,Healthcare,2026-04-27,0,HIGH,2026-06-10 20:52:12
TXN000690,CUST0267,9593.78,Travel,2026-03-02,0,MEDIUM,2026-06-10 20:52:12
TXN000691,CUST0242,28111.22,Food,2026-05-10,0,HIGH,2026-06-10 20:52:12
TXN000692,CUST0006,12706.41,Shopping,2026-04-09,0,HIGH,2026-06-10 20:52:12
TXN000693,CUST0611,39245.43,Food,2026-01-10,0,HIGH,2026-06-10 20:52:12
TXN000694,CUST0503,27949.19,Healthcare,2026-02-06,0,HIGH,2026-06-10 20:52:12
TXN000695,CUST0973,35649.57,Shopping,2026-05-19,0,HIGH,2026-06-10 20:52:12
TXN000696,CUST0891,17472.01,Shopping,2026-03-10,0,HIGH,2026-06-10 20:52:12
TXN000697,CUST0919,31442.73,Shopping,2026-05-21,0,HIGH,2026-06-10 20:52:12
TXN000698,CUST0392,36772.39,Shopping,2026-05-12,0,HIGH,2026-06-10 20:52:12
TXN000699,CUST0561,12538.87,Healthcare,2026-03-07,0,HIGH,2026-06-10 20:52:12
TXN000700,CUST0347,101.74,Travel,2026-01-29,0,LOW,2026-06-10 20:52:12
TXN000701,CUST0484,2762.92,Travel,2026-03-22,0,LOW,2026-06-10 20:52:12
TXN000702,CUST0816,29743.32,Healthcare,2026-05-15,0,HIGH,2026-06-10 20:52:12
TXN000703,CUST0945,15925.82,Food,2026-04-06,0,HIGH,2026-06-10 20:52:12
TXN000704,CUST0251,42924.21,Food,2026-05-05,0,HIGH,2026-06-10 20:52:12
TXN000705,CUST0822,89.48,Shopping,2026-01-25,0,LOW,2026-06-10 20:52:12
TXN000706,CUST0082,19119.4,Healthcare,2026-04-17,0,HIGH,2026-06-10 20:52:12
TXN000707,CUST0088,2502.97,Healthcare,2026-03-15,0,LOW,2026-06-10 20:52:12
TXN000708,CUST0900,34692.27,Shopping,2026-03-14,0,HIGH,2026-06-10 20:52:12
TXN000709,CUST0519,6316.13,Healthcare,2026-01-14,0,MEDIUM,2026-06-10 20:52:12
TXN000710,CUST0773,36710.98,Healthcare,2026-04-18,0,HIGH,2026-06-10 20:52:12
TXN000711,CUST0460,35927.78,Shopping,2026-03-09,0,HIGH,2026-06-10 20:52:12
TXN000712,CUST0145,46106.3,Shopping,2026-04-10,0,HIGH,2026-06-10 20:52:12
TXN000713,CUST0352,17257.91,Food,2026-02-14,0,HIGH,2026-06-10 20:52:12
TXN000714,CUST0078,40582.83,Healthcare,2026-01-11,0,HIGH,2026-06-10 20:52:12
TXN000715,CUST0059,22285.39,Healthcare,2026-02-02,0,HIGH,2026-06-10 20:52:12
TXN000716,CUST0917,24719.83,Travel,2026-03-01,0,HIGH,2026-06-10 20:52:12
TXN000717,CUST0699,11139.58,Food,2026-04-27,0,HIGH,2026-06-10 20:52:12
TXN000718,CUST0612,17079.02,Food,2026-05-22,0,HIGH,2026-06-10 20:52:12
TXN000719,CUST0122,24838.23,Food,2026-04-04,0,HIGH,2026-06-10 20:52:12
TXN000720,CUST0312,49074.85,Shopping,2026-03-14,0,HIGH,2026-06-10 20:52:12
TXN000721,CUST0879,39329.06,Healthcare,2026-03-15,0,HIGH,2026-06-10 20:52:12
TXN000722,CUST0305,5666.84,Shopping,2026-01-26,0,MEDIUM,2026-06-10 20:52:12
TXN000723,CUST0700,13611.29,Food,2026-01-07,0,HIGH,2026-06-10 20:52:12
TXN000724,CUST0829,44474.09,Healthcare,2026-03-02,0,HIGH,2026-06-10 20:52:12
TXN000725,CUST0581,39926.62,Shopping,2026-02-06,0,HIGH,2026-06-10 20:52:12
TXN000726,CUST0893,36469.86,Shopping,2026-01-03,0,HIGH,2026-06-10 20:52:12
TXN000727,CUST0951,27995.6,Shopping,2026-03-12,0,HIGH,2026-06-10 20:52:12
TXN000728,CUST0781,33650.63,Healthcare,2026-03-30,0,HIGH,2026-06-10 20:52:12
TXN000729,CUST0959,36520.56,Shopping,2026-03-20,0,HIGH,2026-06-10 20:52:12
TXN000730,CUST0480,45961.39,Shopping,2026-03-10,0,HIGH,2026-06-10 20:52:12
TXN000731,CUST0286,6729.83,Shopping,2026-06-08,0,MEDIUM,2026-06-10 20:52:12
TXN000732,CUST0034,49582.96,Shopping,2026-04-20,0,HIGH,2026-06-10 20:52:12
TXN000733,CUST0936,37296.52,Healthcare,2026-01-09,0,HIGH,2026-06-10 20:52:12
TXN000734,CUST0614,44615.96,Healthcare,2026-02-17,1,HIGH,2026-06-10 20:52:12
TXN000735,CUST0107,5698.32,Shopping,2026-01-26,0,MEDIUM,2026-06-10 20:52:12
TXN000736,CUST0830,1711.29,Travel,2026-06-02,0,LOW,2026-06-10 20:52:12
TXN000737,CUST0411,25254.97,Shopping,2026-03-30,0,HIGH,2026-06-10 20:52:12
TXN000738,CUST0286,16419.7,Healthcare,2026-05-30,0,HIGH,2026-06-10 20:52:12
TXN000739,CUST0564,45265.46,Travel,2026-04-08,0,HIGH,2026-06-10 20:52:12
TXN000740,CUST0639,4639.2,Healthcare,2026-05-29,0,LOW,2026-06-10 20:52:12
TXN000741,CUST0188,27736.28,Food,2026-03-29,0,HIGH,2026-06-10 20:52:12
TXN000742,CUST0952,21246.59,Travel,2026-02-14,0,HIGH,2026-06-10 20:52:12
TXN000743,CUST0028,48170.44,Shopping,2026-02-14,0,HIGH,2026-06-10 20:52:12
TXN000744,CUST0245,14790.76,Shopping,2026-03-20,0,HIGH,2026-06-10 20:52:12
TXN000745,CUST0084,41089.63,Healthcare,2026-05-19,0,HIGH,2026-06-10 20:52:12
TXN000746,CUST0028,48361.78,Healthcare,2026-04-02,0,HIGH,2026-06-10 20:52:12
TXN000747,CUST0178,42975.62,Healthcare,2026-01-23,0,HIGH,2026-06-10 20:52:12
TXN000748,CUST0393,4841.78,Travel,2026-03-15,0,LOW,2026-06-10 20:52:12
TXN000749,CUST0047,21219.31,Food,2026-03-05,0,HIGH,2026-06-10 20:52:12
TXN000750,CUST0620,37131.83,Travel,2026-02-22,0,HIGH,2026-06-10 20:52:12
TXN000751,CUST0345,25798.37,Shopping,2026-03-18,0,HIGH,2026-06-10 20:52:12
TXN000752,CUST0873,43592.98,Healthcare,2026-01-11,0,HIGH,2026-06-10 20:52:12
TXN000753,CUST0674,48837.4,Travel,2026-02-06,0,HIGH,2026-06-10 20:52:12
TXN000754,CUST0967,9418.27,Travel,2026-03-03,0,MEDIUM,2026-06-10 20:52:12
TXN000755,CUST0098,5371.11,Travel,2026-03-15,0,MEDIUM,2026-06-10 20:52:12
TXN000756,CUST0588,25125.16,Shopping,2026-05-09,0,HIGH,2026-06-10 20:52:12
TXN000757,CUST0931,10937.24,Food,2026-05-28,0,HIGH,2026-06-10 20:52:12
TXN000758,CUST0128,10121.63,Healthcare,2026-05-27,0,HIGH,2026-06-10 20:52:12
TXN000759,CUST0681,29671.4,Healthcare,2026-03-24,0,HIGH,2026-06-10 20:52:12
TXN000760,CUST0281,11708.33,Food,2026-04-24,0,HIGH,2026-06-10 20:52:12
TXN000761,CUST0810,32491.85,Healthcare,2026-03-06,1,HIGH,2026-06-10 20:52:12
TXN000762,CUST0788,35201.82,Travel,2026-06-05,1,HIGH,2026-06-10 20:52:12
TXN000763,CUST0687,23391.35,Food,2026-01-17,0,HIGH,2026-06-10 20:52:12
TXN000764,CUST0252,18372.19,Healthcare,2026-05-28,0,HIGH,2026-06-10 20:52:12
TXN000765,CUST0658,4149.28,Healthcare,2026-02-21,0,LOW,2026-06-10 20:52:12
TXN000766,CUST0952,7531.51,Shopping,2026-01-07,0,MEDIUM,2026-06-10 20:52:12
TXN000767,CUST0262,2181.77,Shopping,2026-02-05,0,LOW,2026-06-10 20:52:12
TXN000768,CUST0744,16723.02,Food,2026-02-28,0,HIGH,2026-06-10 20:52:12
TXN000769,CUST0643,7269.25,Food,2026-03-16,0,MEDIUM,2026-06-10 20:52:12
TXN000770,CUST0098,45191.33,Food,2026-03-20,0,HIGH,2026-06-10 20:52:12
TXN000771,CUST0834,27481.84,Shopping,2026-05-17,0,HIGH,2026-06-10 20:52:12
TXN000772,CUST0964,46317.8,Travel,2026-04-02,0,HIGH,2026-06-10 20:52:12
TXN000773,CUST0129,34324.04,Healthcare,2026-04-15,0,HIGH,2026-06-10 20:52:12
TXN000774,CUST0538,29490.08,Food,2026-06-07,0,HIGH,2026-06-10 20:52:12
TXN000775,CUST0984,1325.02,Healthcare,2026-04-12,0,LOW,2026-06-10 20:52:12
TXN000776,CUST0445,11481.73,Travel,2026-05-20,0,HIGH,2026-06-10 20:52:12
TXN000777,CUST0021,29937.71,Food,2026-01-31,0,HIGH,2026-06-10 20:52:12
TXN000778,CUST0269,2487.52,Travel,2026-05-11,0,LOW,2026-06-10 20:52:12
TXN000779,CUST0228,41038.83,Travel,2026-04-09,0,HIGH,2026-06-10 20:52:12
TXN000780,CUST0427,49098.97,Shopping,2026-05-14,0,HIGH,2026-06-10 20:52:12
TXN000781,CUST0140,10999.39,Shopping,2026-05-26,0,HIGH,2026-06-10 20:52:12
TXN000782,CUST0923,34547.53,Shopping,2026-01-10,1,HIGH,2026-06-10 20:52:12
TXN000783,CUST0473,36807.68,Travel,2026-04-29,0,HIGH,2026-06-10 20:52:12
TXN000784,CUST0951,35826.0,Food,2026-05-09,0,HIGH,2026-06-10 20:52:12
TXN000785,CUST0325,42325.57,Food,2026-03-04,0,HIGH,2026-06-10 20:52:12
TXN000786,CUST0001,7290.05,Healthcare,2026-03-06,0,MEDIUM,2026-06-10 20:52:12
TXN000787,CUST0526,11293.77,Healthcare,2026-02-20,0,HIGH,2026-06-10 20:52:12
TXN000788,CUST0601,12247.61,Shopping,2026-03-13,0,HIGH,2026-06-10 20:52:12
TXN000789,CUST0633,49779.07,Travel,2026-05-21,0,HIGH,2026-06-10 20:52:12
TXN000790,CUST0454,46614.83,Travel,2026-04-12,0,HIGH,2026-06-10 20:52:12
TXN000791,CUST0682,49807.1,Shopping,2026-03-21,0,HIGH,2026-06-10 20:52:12
TXN000792,CUST0568,40070.82,Food,2026-03-07,0,HIGH,2026-06-10 20:52:12
TXN000793,CUST0196,39427.66,Food,2026-02-13,0,HIGH,2026-06-10 20:52:12
TXN000794,CUST0490,30080.13,Travel,2026-01-19,0,HIGH,2026-06-10 20:52:12
TXN000795,CUST0276,21736.43,Healthcare,2026-01-23,0,HIGH,2026-06-10 20:52:12
TXN000796,CUST0844,20413.0,Healthcare,2026-02-12,0,HIGH,2026-06-10 20:52:12
TXN000797,CUST0492,49328.1,Healthcare,2026-05-17,0,HIGH,2026-06-10 20:52:12
TXN000798,CUST0906,32522.46,Shopping,2026-04-26,0,HIGH,2026-06-10 20:52:12
TXN000799,CUST0119,36452.04,Shopping,2026-02-09,0,HIGH,2026-06-10 20:52:12
TXN000800,CUST0377,49315.02,Travel,2026-04-30,0,HIGH,2026-06-10 20:52:12
TXN000801,CUST0793,35166.25,Travel,2026-02-03,0,HIGH,2026-06-10 20:52:12
TXN000802,CUST0163,8836.25,Food,2026-01-30,0,MEDIUM,2026-06-10 20:52:12
TXN000803,CUST0373,47395.17,Shopping,2026-01-02,0,HIGH,2026-06-10 20:52:12
TXN000804,CUST0359,28091.07,Healthcare,2026-04-16,0,HIGH,2026-06-10 20:52:12
TXN000805,CUST0333,31172.84,Healthcare,2026-04-07,0,HIGH,2026-06-10 20:52:12
TXN000806,CUST0991,44588.8,Food,2026-01-13,0,HIGH,2026-06-10 20:52:12
TXN000807,CUST0350,11857.18,Shopping,2026-03-10,0,HIGH,2026-06-10 20:52:12
TXN000808,CUST0697,10994.15,Shopping,2026-01-05,0,HIGH,2026-06-10 20:52:12
TXN000809,CUST0279,33333.28,Healthcare,2026-03-29,0,HIGH,2026-06-10 20:52:12
TXN000810,CUST0453,10410.16,Travel,2026-02-12,0,HIGH,2026-06-10 20:52:12
TXN000811,CUST0852,36736.56,Healthcare,2026-04-09,0,HIGH,2026-06-10 20:52:12
TXN000812,CUST0295,3981.42,Shopping,2026-02-20,0,LOW,2026-06-10 20:52:12
TXN000813,CUST0655,43095.92,Food,2026-01-20,0,HIGH,2026-06-10 20:52:12
TXN000814,CUST0360,32022.17,Travel,2026-03-27,0,HIGH,2026-06-10 20:52:12
TXN000815,CUST0864,14172.13,Shopping,2026-03-03,0,HIGH,2026-06-10 20:52:12
TXN000816,CUST0594,13224.9,Healthcare,2026-05-02,0,HIGH,2026-06-10 20:52:12
TXN000817,CUST0619,15904.8,Healthcare,2026-03-14,0,HIGH,2026-06-10 20:52:12
TXN000818,CUST0245,48503.93,Travel,2026-05-18,0,HIGH,2026-06-10 20:52:12
TXN000819,CUST0423,22729.67,Shopping,2026-05-24,0,HIGH,2026-06-10 20:52:12
TXN000820,CUST0999,35425.72,Travel,2026-04-26,0,HIGH,2026-06-10 20:52:12
TXN000821,CUST0890,17127.17,Shopping,2026-03-05,0,HIGH,2026-06-10 20:52:12
TXN000822,CUST0612,34691.9,Travel,2026-02-08,0,HIGH,2026-06-10 20:52:12
TXN000823,CUST0998,15806.69,Food,2026-04-03,0,HIGH,2026-06-10 20:52:12
TXN000824,CUST0624,45285.28,Healthcare,2026-03-09,0,HIGH,2026-06-10 20:52:12
TXN000825,CUST0969,29163.25,Shopping,2026-05-17,0,HIGH,2026-06-10 20:52:12
TXN000826,CUST0907,174.7,Shopping,2026-02-21,0,LOW,2026-06-10 20:52:12
TXN000827,CUST0529,38684.18,Travel,2026-04-05,0,HIGH,2026-06-10 20:52:12
TXN000828,CUST0528,20412.36,Food,2026-03-31,0,HIGH,2026-06-10 20:52:12
TXN000829,CUST0151,45959.03,Healthcare,2026-01-20,0,HIGH,2026-06-10 20:52:12
TXN000830,CUST0448,46835.55,Travel,2026-03-29,0,HIGH,2026-06-10 20:52:12
TXN000831,CUST0372,10288.96,Healthcare,2026-01-05,0,HIGH,2026-06-10 20:52:12
TXN000832,CUST0365,17348.54,Shopping,2026-03-31,1,HIGH,2026-06-10 20:52:12
TXN000833,CUST0233,10408.83,Food,2026-01-21,0,HIGH,2026-06-10 20:52:12
TXN000834,CUST0012,38310.94,Travel,2026-06-05,1,HIGH,2026-06-10 20:52:12
TXN000835,CUST0121,20644.36,Healthcare,2026-01-04,0,HIGH,2026-06-10 20:52:12
TXN000836,CUST0642,41323.21,Food,2026-03-18,0,HIGH,2026-06-10 20:52:12
TXN000837,CUST0544,6505.94,Travel,2026-02-26,0,MEDIUM,2026-06-10 20:52:12
TXN000838,CUST0499,21366.11,Travel,2026-03-19,0,HIGH,2026-06-10 20:52:12
TXN000839,CUST0525,2017.69,Food,2026-01-28,0,LOW,2026-06-10 20:52:12
TXN000840,CUST0612,39564.88,Food,2026-01-29,0,HIGH,2026-06-10 20:52:12
TXN000841,CUST0052,26097.97,Shopping,2026-05-16,0,HIGH,2026-06-10 20:52:12
TXN000842,CUST0277,35836.57,Shopping,2026-03-24,0,HIGH,2026-06-10 20:52:12
TXN000843,CUST0747,46183.11,Shopping,2026-02-02,0,HIGH,2026-06-10 20:52:12
TXN000844,CUST0007,4841.17,Travel,2026-01-24,0,LOW,2026-06-10 20:52:12
TXN000845,CUST0642,11701.45,Shopping,2026-05-25,0,HIGH,2026-06-10 20:52:12
TXN000846,CUST0495,6421.21,Healthcare,2026-01-31,0,MEDIUM,2026-06-10 20:52:12
TXN000847,CUST0931,34381.16,Shopping,2026-05-27,0,HIGH,2026-06-10 20:52:12
TXN000848,CUST0402,49546.42,Healthcare,2026-06-08,0,HIGH,2026-06-10 20:52:12
TXN000849,CUST0315,23856.91,Healthcare,2026-01-09,0,HIGH,2026-06-10 20:52:12
TXN000850,CUST0694,46675.88,Healthcare,2026-02-01,0,HIGH,2026-06-10 20:52:12
TXN000851,CUST0730,13305.95,Food,2026-01-10,0,HIGH,2026-06-10 20:52:12
TXN000852,CUST0270,32182.71,Healthcare,2026-03-25,0,HIGH,2026-06-10 20:52:12
TXN000853,CUST0033,6178.59,Travel,2026-02-11,1,MEDIUM,2026-06-10 20:52:12
TXN000854,CUST0310,25641.9,Food,2026-01-23,0,HIGH,2026-06-10 20:52:12
TXN000855,CUST0334,20595.2,Healthcare,2026-01-08,0,HIGH,2026-06-10 20:52:12
TXN000856,CUST0685,9010.9,Shopping,2026-04-15,0,MEDIUM,2026-06-10 20:52:12
TXN000857,CUST0500,11862.16,Travel,2026-05-19,0,HIGH,2026-06-10 20:52:12
TXN000858,CUST0236,22160.87,Healthcare,2026-05-01,0,HIGH,2026-06-10 20:52:12
TXN000859,CUST0430,45735.45,Healthcare,2026-03-18,0,HIGH,2026-06-10 20:52:12
TXN000860,CUST0877,8824.84,Healthcare,2026-03-08,0,MEDIUM,2026-06-10 20:52:12
TXN000861,CUST0615,24512.56,Travel,2026-03-31,0,HIGH,2026-06-10 20:52:12
TXN000862,CUST0117,28229.76,Shopping,2026-02-26,0,HIGH,2026-06-10 20:52:12
TXN000863,CUST0409,42099.98,Shopping,2026-06-08,1,HIGH,2026-06-10 20:52:12
TXN000864,CUST0465,33095.42,Healthcare,2026-01-02,0,HIGH,2026-06-10 20:52:12
TXN000865,CUST0558,30163.11,Food,2026-03-21,0,HIGH,2026-06-10 20:52:12
TXN000866,CUST0176,30525.24,Travel,2026-06-05,0,HIGH,2026-06-10 20:52:12
TXN000867,CUST0229,10729.62,Travel,2026-05-31,0,HIGH,2026-06-10 20:52:12
TXN000868,CUST0727,28587.28,Shopping,2026-05-07,0,HIGH,2026-06-10 20:52:12
TXN000869,CUST0703,7426.0,Travel,2026-01-22,0,MEDIUM,2026-06-10 20:52:12
TXN000870,CUST0629,27854.4,Travel,2026-02-07,0,HIGH,2026-06-10 20:52:12
TXN000871,CUST0486,40353.09,Travel,2026-03-18,0,HIGH,2026-06-10 20:52:12
TXN000872,CUST0455,49041.71,Food,2026-05-27,0,HIGH,2026-06-10 20:52:12
TXN000873,CUST0095,38150.19,Food,2026-04-09,0,HIGH,2026-06-10 20:52:12
TXN000874,CUST0700,23478.49,Shopping,2026-02-08,0,HIGH,2026-06-10 20:52:12
TXN000875,CUST0650,38022.78,Shopping,2026-03-24,0,HIGH,2026-06-10 20:52:12
TXN000876,CUST0631,49209.3,Food,2026-05-12,0,HIGH,2026-06-10 20:52:12
TXN000877,CUST0601,49125.58,Food,2026-04-01,0,HIGH,2026-06-10 20:52:12
TXN000878,CUST0585,5216.64,Travel,2026-04-30,0,MEDIUM,2026-06-10 20:52:12
TXN000879,CUST0639,1562.5,Travel,2026-04-11,1,LOW,2026-06-10 20:52:12
TXN000880,CUST0733,46141.84,Travel,2026-01-11,0,HIGH,2026-06-10 20:52:12
TXN000881,CUST0238,31808.44,Shopping,2026-01-08,0,HIGH,2026-06-10 20:52:12
TXN000882,CUST0219,22391.87,Healthcare,2026-05-26,0,HIGH,2026-06-10 20:52:12
TXN000883,CUST0573,15607.92,Food,2026-02-12,0,HIGH,2026-06-10 20:52:12
TXN000884,CUST0644,31246.72,Shopping,2026-01-07,1,HIGH,2026-06-10 20:52:12
TXN000885,CUST0813,14525.02,Shopping,2026-04-09,0,HIGH,2026-06-10 20:52:12
TXN000886,CUST0707,23733.78,Travel,2026-01-17,0,HIGH,2026-06-10 20:52:12
TXN000887,CUST0086,33819.83,Food,2026-04-17,0,HIGH,2026-06-10 20:52:12
TXN000888,CUST0493,9019.68,Shopping,2026-06-05,0,MEDIUM,2026-06-10 20:52:12
TXN000889,CUST0341,14015.09,Shopping,2026-04-07,0,HIGH,2026-06-10 20:52:12
TXN000890,CUST0904,19326.42,Healthcare,2026-06-07,1,HIGH,2026-06-10 20:52:12
TXN000891,CUST0726,2977.36,Shopping,2026-04-27,0,LOW,2026-06-10 20:52:12
TXN000892,CUST0789,45703.62,Travel,2026-02-12,0,HIGH,2026-06-10 20:52:12
TXN000893,CUST0089,21971.28,Healthcare,2026-05-13,0,HIGH,2026-06-10 20:52:12
TXN000894,CUST0146,43193.41,Travel,2026-01-28,0,HIGH,2026-06-10 20:52:12
TXN000895,CUST0683,47817.57,Healthcare,2026-03-08,0,HIGH,2026-06-10 20:52:12
TXN000896,CUST0111,12672.45,Travel,2026-03-24,0,HIGH,2026-06-10 20:52:12
TXN000897,CUST0285,41283.16,Shopping,2026-01-19,0,HIGH,2026-06-10 20:52:12
TXN000898,CUST0421,26024.46,Food,2026-02-09,0,HIGH,2026-06-10 20:52:12
TXN000899,CUST0371,11083.65,Travel,2026-03-18,0,HIGH,2026-06-10 20:52:12
TXN000900,CUST0829,8701.0,Healthcare,2026-01-11,0,MEDIUM,2026-06-10 20:52:12
TXN000901,CUST0735,13591.49,Travel,2026-01-03,0,HIGH,2026-06-10 20:52:12
TXN000902,CUST0731,1235.74,Food,2026-03-13,0,LOW,2026-06-10 20:52:12
TXN000903,CUST0137,48721.13,Travel,2026-04-25,0,HIGH,2026-06-10 20:52:12
TXN000904,CUST0610,47387.66,Healthcare,2026-06-06,0,HIGH,2026-06-10 20:52:12
TXN000905,CUST0155,46346.61,Shopping,2026-04-06,0,HIGH,2026-06-10 20:52:12
TXN000906,CUST0986,31058.73,Shopping,2026-01-17,0,HIGH,2026-06-10 20:52:12
TXN000907,CUST0585,23828.14,Healthcare,2026-03-18,0,HIGH,2026-06-10 20:52:12
TXN000908,CUST0421,21208.0,Healthcare,2026-05-10,0,HIGH,2026-06-10 20:52:12
TXN000909,CUST0222,36675.81,Travel,2026-05-24,0,HIGH,2026-06-10 20:52:12
TXN000910,CUST0843,13181.66,Travel,2026-02-16,0,HIGH,2026-06-10 20:52:12
TXN000911,CUST0493,20457.95,Healthcare,2026-05-27,0,HIGH,2026-06-10 20:52:12
TXN000912,CUST0747,21854.7,Travel,2026-03-16,0,HIGH,2026-06-10 20:52:12
TXN000913,CUST0383,44399.27,Shopping,2026-02-21,0,HIGH,2026-06-10 20:52:12
TXN000914,CUST0327,28766.53,Food,2026-05-04,0,HIGH,2026-06-10 20:52:12
TXN000915,CUST0660,49013.31,Travel,2026-02-04,0,HIGH,2026-06-10 20:52:12
TXN000916,CUST0982,49569.23,Healthcare,2026-02-25,0,HIGH,2026-06-10 20:52:12
TXN000917,CUST0161,1581.1,Healthcare,2026-01-15,0,LOW,2026-06-10 20:52:12
TXN000918,CUST0861,31739.85,Travel,2026-04-18,0,HIGH,2026-06-10 20:52:12
TXN000919,CUST0503,33152.22,Travel,2026-03-09,0,HIGH,2026-06-10 20:52:12
TXN000920,CUST0600,49117.92,Healthcare,2026-02-23,0,HIGH,2026-06-10 20:52:12
TXN000921,CUST0557,14286.58,Food,2026-03-10,0,HIGH,2026-06-10 20:52:12
TXN000922,CUST0966,24475.24,Shopping,2026-01-21,1,HIGH,2026-06-10 20:52:12
TXN000923,CUST0491,30104.77,Travel,2026-01-20,0,HIGH,2026-06-10 20:52:12
TXN000924,CUST0562,18594.66,Healthcare,2026-02-18,0,HIGH,2026-06-10 20:52:12
TXN000925,CUST0859,31292.83,Shopping,2026-05-12,0,HIGH,2026-06-10 20:52:12
TXN000926,CUST0636,26149.71,Shopping,2026-01-06,1,HIGH,2026-06-10 20:52:12
TXN000927,CUST0203,13915.44,Travel,2026-02-02,0,HIGH,2026-06-10 20:52:12
TXN000928,CUST0704,5567.83,Shopping,2026-04-04,0,MEDIUM,2026-06-10 20:52:12
TXN000929,CUST0974,36016.35,Food,2026-06-09,0,HIGH,2026-06-10 20:52:12
TXN000930,CUST0522,6632.14,Healthcare,2026-02-20,0,MEDIUM,2026-06-10 20:52:12
TXN000931,CUST0982,44907.76,Food,2026-01-24,0,HIGH,2026-06-10 20:52:12
TXN000932,CUST0022,4187.87,Shopping,2026-01-07,0,LOW,2026-06-10 20:52:12
TXN000933,CUST0323,1687.57,Shopping,2026-03-08,0,LOW,2026-06-10 20:52:12
TXN000934,CUST0646,22932.92,Shopping,2026-06-07,0,HIGH,2026-06-10 20:52:12
TXN000935,CUST0321,23599.44,Shopping,2026-05-22,0,HIGH,2026-06-10 20:52:12
TXN000936,CUST0268,39328.82,Shopping,2026-02-25,0,HIGH,2026-06-10 20:52:12
TXN000937,CUST0549,20582.66,Healthcare,2026-02-13,0,HIGH,2026-06-10 20:52:12
TXN000938,CUST0277,42825.91,Shopping,2026-03-10,0,HIGH,2026-06-10 20:52:12
TXN000939,CUST0958,4163.43,Shopping,2026-04-04,0,LOW,2026-06-10 20:52:12
TXN000940,CUST0576,42707.44,Travel,2026-04-23,0,HIGH,2026-06-10 20:52:12
TXN000941,CUST0512,30784.11,Travel,2026-04-10,0,HIGH,2026-06-10 20:52:12
TXN000942,CUST0422,37285.71,Healthcare,2026-01-30,0,HIGH,2026-06-10 20:52:12
TXN000943,CUST0176,43339.39,Travel,2026-02-16,0,HIGH,2026-06-10 20:52:12
TXN000944,CUST0659,43656.91,Healthcare,2026-05-27,0,HIGH,2026-06-10 20:52:12
TXN000945,CUST0908,26970.51,Healthcare,2026-02-02,0,HIGH,2026-06-10 20:52:12
TXN000946,CUST0519,35824.77,Healthcare,2026-04-10,0,HIGH,2026-06-10 20:52:12
TXN000947,CUST0675,36304.85,Travel,2026-06-01,0,HIGH,2026-06-10 20:52:12
TXN000948,CUST0064,17793.19,Shopping,2026-01-17,0,HIGH,2026-06-10 20:52:12
TXN000949,CUST0085,34952.25,Shopping,2026-01-18,0,HIGH,2026-06-10 20:52:12
TXN000950,CUST0905,10543.57,Food,2026-05-02,1,HIGH,2026-06-10 20:52:12
TXN000951,CUST0978,33505.37,Shopping,2026-04-16,0,HIGH,2026-06-10 20:52:12
TXN000952,CUST0354,31530.65,Food,2026-05-19,0,HIGH,2026-06-10 20:52:12
TXN000953,CUST0508,40946.7,Travel,2026-05-25,0,HIGH,2026-06-10 20:52:12
TXN000954,CUST0912,1039.78,Food,2026-04-29,0,LOW,2026-06-10 20:52:12
TXN000955,CUST0333,45020.31,Shopping,2026-03-05,0,HIGH,2026-06-10 20:52:12
TXN000956,CUST0576,18956.12,Travel,2026-01-07,0,HIGH,2026-06-10 20:52:12
TXN000957,CUST0172,23729.59,Shopping,2026-02-03,0,HIGH,2026-06-10 20:52:12
TXN000958,CUST0412,25840.05,Food,2026-06-05,0,HIGH,2026-06-10 20:52:12
TXN000959,CUST0686,21679.39,Shopping,2026-03-20,0,HIGH,2026-06-10 20:52:12
TXN000960,CUST0322,27303.37,Travel,2026-04-30,0,HIGH,2026-06-10 20:52:12
TXN000961,CUST0344,20927.52,Food,2026-04-28,0,HIGH,2026-06-10 20:52:12
TXN000962,CUST0671,28558.8,Healthcare,2026-05-22,0,HIGH,2026-06-10 20:52:12
TXN000963,CUST0242,9065.53,Travel,2026-04-06,0,MEDIUM,2026-06-10 20:52:12
TXN000964,CUST0811,3923.82,Travel,2026-04-18,0,LOW,2026-06-10 20:52:12
TXN000965,CUST0293,773.48,Food,2026-02-24,0,LOW,2026-06-10 20:52:12
TXN000966,CUST0257,38440.27,Travel,2026-03-01,0,HIGH,2026-06-10 20:52:12
TXN000967,CUST0272,16998.92,Shopping,2026-04-25,0,HIGH,2026-06-10 20:52:12
TXN000968,CUST0977,36497.47,Healthcare,2026-04-27,0,HIGH,2026-06-10 20:52:12
TXN000969,CUST0967,39942.56,Food,2026-02-03,0,HIGH,2026-06-10 20:52:12
TXN000970,CUST0113,45950.61,Food,2026-03-15,0,HIGH,2026-06-10 20:52:12
TXN000971,CUST0074,40739.67,Travel,2026-01-18,0,HIGH,2026-06-10 20:52:12
TXN000972,CUST0963,2157.23,Travel,2026-03-08,0,LOW,2026-06-10 20:52:12
TXN000973,CUST0822,45368.89,Travel,2026-01-12,0,HIGH,2026-06-10 20:52:12
TXN000974,CUST0419,39903.21,Food,2026-04-20,0,HIGH,2026-06-10 20:52:12
TXN000975,CUST0526,42234.91,Food,2026-03-10,0,HIGH,2026-06-10 20:52:12
TXN000976,CUST0498,31236.95,Travel,2026-04-20,0,HIGH,2026-06-10 20:52:12
TXN000977,CUST0906,48315.05,Shopping,2026-01-27,0,HIGH,2026-06-10 20:52:12
TXN000978,CUST0224,28469.2,Travel,2026-06-06,0,HIGH,2026-06-10 20:52:12
TXN000979,CUST0027,26195.85,Food,2026-03-24,0,HIGH,2026-06-10 20:52:12
TXN000980,CUST0932,36058.7,Travel,2026-01-13,0,HIGH,2026-06-10 20:52:12
TXN000981,CUST0562,49237.28,Healthcare,2026-02-08,0,HIGH,2026-06-10 20:52:12
TXN000982,CUST0242,34101.48,Food,2026-03-15,0,HIGH,2026-06-10 20:52:12
TXN000983,CUST0970,44408.81,Travel,2026-04-17,0,HIGH,2026-06-10 20:52:12
TXN000984,CUST0230,7395.3,Shopping,2026-05-19,0,MEDIUM,2026-06-10 20:52:12
TXN000985,CUST1000,40104.26,Shopping,2026-03-31,0,HIGH,2026-06-10 20:52:12
TXN000986,CUST0947,33343.04,Healthcare,2026-04-24,0,HIGH,2026-06-10 20:52:12
TXN000987,CUST0436,45984.7,Food,2026-05-07,0,HIGH,2026-06-10 20:52:12
TXN000988,CUST0809,25919.67,Healthcare,2026-05-29,0,HIGH,2026-06-10 20:52:12
TXN000989,CUST0676,34677.8,Travel,2026-01-01,0,HIGH,2026-06-10 20:52:12
TXN000990,CUST0399,44914.86,Shopping,2026-05-13,0,HIGH,2026-06-10 20:52:12
TXN000991,CUST0542,48230.77,Travel,2026-02-28,1,HIGH,2026-06-10 20:52:12
TXN000992,CUST0411,49383.97,Healthcare,2026-03-03,0,HIGH,2026-06-10 20:52:12
TXN000993,CUST0862,36791.52,Shopping,2026-01-07,0,HIGH,2026-06-10 20:52:12
TXN000994,CUST0865,10467.3,Healthcare,2026-05-10,0,HIGH,2026-06-10 20:52:12
TXN000995,CUST0054,37124.49,Healthcare,2026-01-29,0,HIGH,2026-06-10 20:52:12
TXN000996,CUST0730,3628.24,Food,2026-05-13,0,LOW,2026-06-10 20:52:12
TXN000997,CUST0444,22064.29,Food,2026-03-14,0,HIGH,2026-06-10 20:52:12
TXN000998,CUST0658,44700.22,Travel,2026-01-22,0,HIGH,2026-06-10 20:52:12
TXN000999,CUST0567,20821.61,Travel,2026-05-26,0,HIGH,2026-06-10 20:52:12
TXN001000,CUST0013,48069.41,Healthcare,2026-04-19,0,HIGH,2026-06-10 20:52:12
TXN001001,CUST0749,12721.14,Travel,2026-01-10,0,HIGH,2026-06-10 20:52:12
TXN001002,CUST0876,49997.97,Food,2026-04-17,0,HIGH,2026-06-10 20:52:12
TXN001003,CUST0733,39495.37,Shopping,2026-02-15,0,HIGH,2026-06-10 20:52:12
TXN001004,CUST0411,24607.18,Healthcare,2026-04-01,0,HIGH,2026-06-10 20:52:12
TXN001005,CUST0879,24753.58,Food,2026-02-07,0,HIGH,2026-06-10 20:52:12
TXN001006,CUST0101,40329.19,Shopping,2026-03-31,0,HIGH,2026-06-10 20:52:12
TXN001007,CUST0819,31416.87,Healthcare,2026-05-16,1,HIGH,2026-06-10 20:52:12
TXN001008,CUST0303,44490.94,Shopping,2026-05-15,0,HIGH,2026-06-10 20:52:12
TXN001009,CUST0006,3590.69,Shopping,2026-04-08,0,LOW,2026-06-10 20:52:12
TXN001010,CUST0628,37179.48,Shopping,2026-01-23,1,HIGH,2026-06-10 20:52:12
TXN001011,CUST0060,42613.46,Food,2026-02-03,0,HIGH,2026-06-10 20:52:12
TXN001012,CUST0526,38516.57,Travel,2026-01-30,0,HIGH,2026-06-10 20:52:12
TXN001013,CUST0352,14268.5,Food,2026-03-01,0,HIGH,2026-06-10 20:52:12
TXN001014,CUST0553,21673.62,Healthcare,2026-04-08,0,HIGH,2026-06-10 20:52:12
TXN001015,CUST0716,13041.42,Shopping,2026-03-28,0,HIGH,2026-06-10 20:52:12
TXN001016,CUST0251,27696.71,Shopping,2026-01-09,0,HIGH,2026-06-10 20:52:12
TXN001017,CUST0838,43212.69,Travel,2026-05-01,0,HIGH,2026-06-10 20:52:12
TXN001018,CUST0846,39982.51,Shopping,2026-05-22,0,HIGH,2026-06-10 20:52:12
TXN001019,CUST0262,17411.98,Shopping,2026-01-27,0,HIGH,2026-06-10 20:52:12
TXN001020,CUST0909,16632.87,Shopping,2026-02-10,0,HIGH,2026-06-10 20:52:12
TXN001021,CUST0451,14036.9,Travel,2026-02-05,0,HIGH,2026-06-10 20:52:12
TXN001022,CUST0369,29705.2,Food,2026-03-20,0,HIGH,2026-06-10 20:52:12
TXN001023,CUST0487,18311.06,Shopping,2026-06-07,0,HIGH,2026-06-10 20:52:12
TXN001024,CUST0905,37265.45,Healthcare,2026-05-30,0,HIGH,2026-06-10 20:52:12
TXN001025,CUST0991,4662.58,Healthcare,2026-06-04,0,LOW,2026-06-10 20:52:12
TXN001026,CUST0211,32015.21,Shopping,2026-03-27,0,HIGH,2026-06-10 20:52:12
TXN001027,CUST0324,8827.68,Food,2026-01-27,0,MEDIUM,2026-06-10 20:52:12
TXN001028,CUST0838,34729.59,Travel,2026-02-11,0,HIGH,2026-06-10 20:52:12
TXN001029,CUST0681,29318.65,Food,2026-01-04,0,HIGH,2026-06-10 20:52:12
TXN001030,CUST0291,24046.94,Shopping,2026-06-04,0,HIGH,2026-06-10 20:52:12
TXN001031,CUST0220,17564.75,Healthcare,2026-01-15,0,HIGH,2026-06-10 20:52:12
TXN001032,CUST0404,41699.66,Food,2026-01-29,0,HIGH,2026-06-10 20:52:12
TXN001033,CUST0889,5066.76,Food,2026-02-06,0,MEDIUM,2026-06-10 20:52:12
TXN001034,CUST0593,26058.58,Food,2026-05-24,0,HIGH,2026-06-10 20:52:12
TXN001035,CUST0695,25430.82,Food,2026-05-17,0,HIGH,2026-06-10 20:52:12
TXN001036,CUST0756,1455.46,Healthcare,2026-02-19,0,LOW,2026-06-10 20:52:12
TXN001037,CUST0490,12670.13,Travel,2026-05-10,0,HIGH,2026-06-10 20:52:12
TXN001038,CUST0948,33753.76,Travel,2026-06-04,0,HIGH,2026-06-10 20:52:12
TXN001039,CUST0492,26212.16,Food,2026-01-25,0,HIGH,2026-06-10 20:52:12
TXN001040,CUST0215,47434.86,Food,2026-04-10,0,HIGH,2026-06-10 20:52:12
TXN001041,CUST0708,45870.45,Food,2026-02-12,0,HIGH,2026-06-10 20:52:12
TXN001042,CUST0434,41160.2,Healthcare,2026-02-18,0,HIGH,2026-06-10 20:52:12
TXN001043,CUST0172,45911.81,Travel,2026-03-05,0,HIGH,2026-06-10 20:52:12
TXN001044,CUST0666,5637.55,Healthcare,2026-04-07,0,MEDIUM,2026-06-10 20:52:12
TXN001045,CUST0658,8927.19,Travel,2026-03-06,0,MEDIUM,2026-06-10 20:52:12
TXN001046,CUST0246,10906.81,Shopping,2026-02-14,0,HIGH,2026-06-10 20:52:12
TXN001047,CUST0340,32624.68,Food,2026-02-26,0,HIGH,2026-06-10 20:52:12
TXN001048,CUST0308,42337.56,Food,2026-04-07,0,HIGH,2026-06-10 20:52:12
TXN001049,CUST0908,23019.98,Travel,2026-06-02,0,HIGH,2026-06-10 20:52:12
TXN001050,CUST0489,40901.42,Food,2026-01-24,0,HIGH,2026-06-10 20:52:12
TXN001051,CUST0266,8372.38,Travel,2026-01-18,0,MEDIUM,2026-06-10 20:52:12
TXN001052,CUST0476,17225.67,Travel,2026-02-25,0,HIGH,2026-06-10 20:52:12
TXN001053,CUST0278,49990.2,Food,2026-02-16,0,HIGH,2026-06-10 20:52:12
TXN001054,CUST0338,28434.79,Travel,2026-03-16,0,HIGH,2026-06-10 20:52:12
TXN001055,CUST0360,24777.91,Healthcare,2026-02-09,0,HIGH,2026-06-10 20:52:12
TXN001056,CUST0502,44911.92,Food,2026-06-06,0,HIGH,2026-06-10 20:52:12
TXN001057,CUST0246,46587.79,Healthcare,2026-02-22,0,HIGH,2026-06-10 20:52:12
TXN001058,CUST0764,2690.72,Food,2026-05-21,0,LOW,2026-06-10 20:52:12
TXN001059,CUST0789,28479.09,Food,2026-02-05,0,HIGH,2026-06-10 20:52:12
TXN001060,CUST0323,22795.64,Travel,2026-02-13,1,HIGH,2026-06-10 20:52:12
TXN001061,CUST0862,39818.5,Shopping,2026-05-12,0,HIGH,2026-06-10 20:52:12
TXN001062,CUST0833,44116.62,Healthcare,2026-01-18,0,HIGH,2026-06-10 20:52:12
TXN001063,CUST0680,22258.18,Shopping,2026-05-08,0,HIGH,2026-06-10 20:52:12
TXN001064,CUST0646,23216.39,Food,2026-04-23,0,HIGH,2026-06-10 20:52:12
TXN001065,CUST0288,3838.42,Travel,2026-03-12,0,LOW,2026-06-10 20:52:12
TXN001066,CUST0680,30948.57,Travel,2026-05-21,0,HIGH,2026-06-10 20:52:12
TXN001067,CUST0919,33160.62,Healthcare,2026-02-06,1,HIGH,2026-06-10 20:52:12
TXN001068,CUST0122,30726.22,Travel,2026-04-27,0,HIGH,2026-06-10 20:52:12
TXN001069,CUST0083,25872.64,Healthcare,2026-05-03,0,HIGH,2026-06-10 20:52:12
TXN001070,CUST0920,37159.45,Food,2026-03-11,0,HIGH,2026-06-10 20:52:12
TXN001071,CUST0070,32632.84,Healthcare,2026-03-09,0,HIGH,2026-06-10 20:52:12
TXN001072,CUST0838,10026.1,Food,2026-04-09,1,HIGH,2026-06-10 20:52:12
TXN001073,CUST0115,41957.33,Healthcare,2026-05-24,0,HIGH,2026-06-10 20:52:12
TXN001074,CUST0593,14227.96,Healthcare,2026-01-13,1,HIGH,2026-06-10 20:52:12
TXN001075,CUST0021,45600.73,Food,2026-01-21,0,HIGH,2026-06-10 20:52:12
TXN001076,CUST0069,40719.01,Healthcare,2026-01-15,0,HIGH,2026-06-10 20:52:12
TXN001077,CUST0517,343.37,Food,2026-02-24,0,LOW,2026-06-10 20:52:12
TXN001078,CUST0730,26802.2,Healthcare,2026-02-19,0,HIGH,2026-06-10 20:52:12
TXN001079,CUST0274,23405.99,Travel,2026-02-20,0,HIGH,2026-06-10 20:52:12
TXN001080,CUST0583,12907.66,Shopping,2026-03-11,0,HIGH,2026-06-10 20:52:12
TXN001081,CUST0620,14019.32,Healthcare,2026-05-21,0,HIGH,2026-06-10 20:52:12
TXN001082,CUST0860,38341.24,Food,2026-04-20,1,HIGH,2026-06-10 20:52:12
TXN001083,CUST0123,24894.47,Healthcare,2026-04-28,1,HIGH,2026-06-10 20:52:12
TXN001084,CUST0748,1643.29,Shopping,2026-05-17,0,LOW,2026-06-10 20:52:12
TXN001085,CUST0557,7204.44,Shopping,2026-06-05,0,MEDIUM,2026-06-10 20:52:12
TXN001086,CUST0391,32241.65,Shopping,2026-05-04,0,HIGH,2026-06-10 20:52:12
TXN001087,CUST0479,43503.44,Travel,2026-03-07,0,HIGH,2026-06-10 20:52:12
TXN001088,CUST0362,36514.1,Healthcare,2026-04-03,0,HIGH,2026-06-10 20:52:12
TXN001089,CUST0175,671.5,Healthcare,2026-04-03,0,LOW,2026-06-10 20:52:12
TXN001090,CUST0594,21826.22,Food,2026-02-03,0,HIGH,2026-06-10 20:52:12
TXN001091,CUST0317,13640.73,Food,2026-04-10,0,HIGH,2026-06-10 20:52:12
TXN001092,CUST0063,19138.9,Shopping,2026-02-17,0,HIGH,2026-06-10 20:52:12
TXN001093,CUST0092,28502.45,Food,2026-01-26,0,HIGH,2026-06-10 20:52:12
TXN001094,CUST0348,11334.75,Travel,2026-04-09,1,HIGH,2026-06-10 20:52:12
TXN001095,CUST0288,28615.68,Travel,2026-01-22,0,HIGH,2026-06-10 20:52:12
TXN001096,CUST0828,47342.88,Healthcare,2026-02-04,0,HIGH,2026-06-10 20:52:12
TXN001097,CUST0534,26134.48,Travel,2026-03-27,0,HIGH,2026-06-10 20:52:12
TXN001098,CUST0020,1765.53,Travel,2026-02-15,0,LOW,2026-06-10 20:52:12
TXN001099,CUST0061,47913.83,Food,2026-01-24,0,HIGH,2026-06-10 20:52:12
TXN001100,CUST0195,29710.72,Healthcare,2026-02-13,0,HIGH,2026-06-10 20:52:12
TXN001101,CUST0666,26772.1,Travel,2026-03-14,0,HIGH,2026-06-10 20:52:12
TXN001102,CUST0962,44186.26,Travel,2026-04-22,0,HIGH,2026-06-10 20:52:12
TXN001103,CUST0272,4850.21,Shopping,2026-03-28,0,LOW,2026-06-10 20:52:12
TXN001104,CUST0655,7094.01,Travel,2026-04-04,0,MEDIUM,2026-06-10 20:52:12
TXN001105,CUST0852,35697.03,Healthcare,2026-01-09,0,HIGH,2026-06-10 20:52:12
TXN001106,CUST0031,2393.22,Shopping,2026-04-01,0,LOW,2026-06-10 20:52:12
TXN001107,CUST0592,37505.29,Travel,2026-01-29,0,HIGH,2026-06-10 20:52:12
TXN001108,CUST0436,6245.75,Shopping,2026-04-06,0,MEDIUM,2026-06-10 20:52:12
TXN001109,CUST0708,45503.93,Food,2026-04-09,0,HIGH,2026-06-10 20:52:12
TXN001110,CUST0498,28924.7,Travel,2026-03-09,1,HIGH,2026-06-10 20:52:12
TXN001111,CUST0726,14175.4,Shopping,2026-03-15,0,HIGH,2026-06-10 20:52:12
TXN001112,CUST0947,21605.44,Food,2026-01-22,0,HIGH,2026-06-10 20:52:12
TXN001113,CUST0366,29308.8,Food,2026-02-26,0,HIGH,2026-06-10 20:52:12
TXN001114,CUST0289,25481.52,Food,2026-03-12,0,HIGH,2026-06-10 20:52:12
TXN001115,CUST0419,37427.15,Shopping,2026-02-06,0,HIGH,2026-06-10 20:52:12
TXN001116,CUST0282,30447.83,Food,2026-04-23,0,HIGH,2026-06-10 20:52:12
TXN001117,CUST0869,17350.37,Travel,2026-01-21,0,HIGH,2026-06-10 20:52:12
TXN001118,CUST0333,43306.05,Shopping,2026-04-01,1,HIGH,2026-06-10 20:52:12
TXN001119,CUST0579,32934.51,Shopping,2026-06-07,0,HIGH,2026-06-10 20:52:12
TXN001120,CUST0523,3464.92,Food,2026-05-01,0,LOW,2026-06-10 20:52:12
TXN001121,CUST0786,19580.31,Travel,2026-01-24,0,HIGH,2026-06-10 20:52:12
TXN001122,CUST0602,9001.23,Travel,2026-04-21,0,MEDIUM,2026-06-10 20:52:12
TXN001123,CUST0856,43656.41,Shopping,2026-01-23,0,HIGH,2026-06-10 20:52:12
TXN001124,CUST1000,6029.56,Shopping,2026-03-25,0,MEDIUM,2026-06-10 20:52:12
TXN001125,CUST0295,11703.27,Healthcare,2026-05-22,0,HIGH,2026-06-10 20:52:12
TXN001126,CUST0653,27189.74,Food,2026-03-18,0,HIGH,2026-06-10 20:52:12
TXN001127,CUST0036,37318.03,Food,2026-01-18,0,HIGH,2026-06-10 20:52:12
TXN001128,CUST0830,33887.43,Food,2026-05-22,0,HIGH,2026-06-10 20:52:12
TXN001129,CUST0632,8318.49,Healthcare,2026-04-20,0,MEDIUM,2026-06-10 20:52:12
TXN001130,CUST0422,14119.53,Healthcare,2026-05-28,0,HIGH,2026-06-10 20:52:12
TXN001131,CUST0398,46378.05,Travel,2026-04-27,0,HIGH,2026-06-10 20:52:12
TXN001132,CUST0012,40726.09,Travel,2026-01-17,0,HIGH,2026-06-10 20:52:12
TXN001133,CUST0611,24207.6,Shopping,2026-05-22,0,HIGH,2026-06-10 20:52:12
TXN001134,CUST0684,45152.06,Food,2026-03-18,0,HIGH,2026-06-10 20:52:12
TXN001135,CUST0059,20739.26,Shopping,2026-01-16,0,HIGH,2026-06-10 20:52:12
TXN001136,CUST0635,17934.98,Healthcare,2026-03-15,0,HIGH,2026-06-10 20:52:12
TXN001137,CUST0809,18517.29,Healthcare,2026-03-05,0,HIGH,2026-06-10 20:52:12
TXN001138,CUST0209,20562.36,Travel,2026-03-20,0,HIGH,2026-06-10 20:52:12
TXN001139,CUST0803,21421.93,Food,2026-05-15,0,HIGH,2026-06-10 20:52:12
TXN001140,CUST0830,16740.04,Healthcare,2026-01-16,0,HIGH,2026-06-10 20:52:12
TXN001141,CUST0605,48407.17,Travel,2026-01-12,0,HIGH,2026-06-10 20:52:12
TXN001142,CUST0365,31272.57,Travel,2026-03-07,0,HIGH,2026-06-10 20:52:12
TXN001143,CUST0012,3378.67,Travel,2026-02-11,0,LOW,2026-06-10 20:52:12
TXN001144,CUST0566,12564.27,Travel,2026-02-04,0,HIGH,2026-06-10 20:52:12
TXN001145,CUST0175,13775.62,Food,2026-05-23,0,HIGH,2026-06-10 20:52:12
TXN001146,CUST0840,35614.97,Healthcare,2026-02-15,0,HIGH,2026-06-10 20:52:12
TXN001147,CUST0172,32982.26,Travel,2026-05-08,0,HIGH,2026-06-10 20:52:12
TXN001148,CUST0751,44840.14,Travel,2026-05-11,0,HIGH,2026-06-10 20:52:12
TXN001149,CUST0394,20930.22,Food,2026-02-08,0,HIGH,2026-06-10 20:52:12
TXN001150,CUST0447,1564.31,Travel,2026-03-17,0,LOW,2026-06-10 20:52:12
TXN001151,CUST0127,4189.33,Travel,2026-02-06,0,LOW,2026-06-10 20:52:12
TXN001152,CUST0973,2398.25,Travel,2026-03-11,0,LOW,2026-06-10 20:52:12
TXN001153,CUST0597,38095.61,Travel,2026-01-15,0,HIGH,2026-06-10 20:52:12
TXN001154,CUST0183,24454.44,Travel,2026-04-10,0,HIGH,2026-06-10 20:52:12
TXN001155,CUST0306,31703.08,Travel,2026-03-20,0,HIGH,2026-06-10 20:52:12
TXN001156,CUST0307,20431.6,Healthcare,2026-01-01,0,HIGH,2026-06-10 20:52:12
TXN001157,CUST0551,49122.61,Healthcare,2026-05-10,0,HIGH,2026-06-10 20:52:12
TXN001158,CUST0448,22985.94,Shopping,2026-03-11,0,HIGH,2026-06-10 20:52:12
TXN001159,CUST0218,5273.9,Food,2026-03-07,0,MEDIUM,2026-06-10 20:52:12
TXN001160,CUST0848,15795.0,Shopping,2026-04-24,0,HIGH,2026-06-10 20:52:12
TXN001161,CUST0714,18778.31,Shopping,2026-04-20,0,HIGH,2026-06-10 20:52:12
TXN001162,CUST0020,36732.93,Travel,2026-02-20,0,HIGH,2026-06-10 20:52:12
TXN001163,CUST0561,46554.39,Healthcare,2026-04-17,0,HIGH,2026-06-10 20:52:12
TXN001164,CUST0536,24225.75,Food,2026-02-02,0,HIGH,2026-06-10 20:52:12
TXN001165,CUST0970,7810.19,Food,2026-04-09,0,MEDIUM,2026-06-10 20:52:12
TXN001166,CUST0954,22410.14,Healthcare,2026-02-16,0,HIGH,2026-06-10 20:52:12
TXN001167,CUST0672,13070.98,Travel,2026-04-17,0,HIGH,2026-06-10 20:52:12
TXN001168,CUST0899,10966.78,Food,2026-01-30,0,HIGH,2026-06-10 20:52:12
TXN001169,CUST0868,46736.27,Food,2026-05-24,0,HIGH,2026-06-10 20:52:12
TXN001170,CUST0851,4398.85,Food,2026-02-24,0,LOW,2026-06-10 20:52:12
TXN001171,CUST0414,7370.11,Shopping,2026-06-04,0,MEDIUM,2026-06-10 20:52:12
TXN001172,CUST0617,11264.56,Shopping,2026-01-19,0,HIGH,2026-06-10 20:52:12
TXN001173,CUST0817,31923.8,Healthcare,2026-05-26,0,HIGH,2026-06-10 20:52:12
TXN001174,CUST0106,16571.07,Shopping,2026-04-27,0,HIGH,2026-06-10 20:52:12
TXN001175,CUST0713,3973.97,Food,2026-01-13,0,LOW,2026-06-10 20:52:12
TXN001176,CUST0725,1498.99,Travel,2026-04-06,0,LOW,2026-06-10 20:52:12
TXN001177,CUST0478,45594.42,Healthcare,2026-02-10,0,HIGH,2026-06-10 20:52:12
TXN001178,CUST0785,22903.95,Shopping,2026-04-09,0,HIGH,2026-06-10 20:52:12
TXN001179,CUST0629,41640.03,Travel,2026-01-13,0,HIGH,2026-06-10 20:52:12
TXN001180,CUST0621,30100.97,Travel,2026-06-04,0,HIGH,2026-06-10 20:52:12
TXN001181,CUST0916,32451.45,Healthcare,2026-01-07,1,HIGH,2026-06-10 20:52:12
TXN001182,CUST0289,9949.27,Travel,2026-05-12,0,MEDIUM,2026-06-10 20:52:12
TXN001183,CUST0938,11523.31,Travel,2026-06-06,0,HIGH,2026-06-10 20:52:12
TXN001184,CUST0108,35322.99,Healthcare,2026-02-10,0,HIGH,2026-06-10 20:52:12
TXN001185,CUST0528,7713.46,Shopping,2026-02-24,0,MEDIUM,2026-06-10 20:52:12
TXN001186,CUST0896,24724.82,Travel,2026-03-25,0,HIGH,2026-06-10 20:52:12
TXN001187,CUST0442,18041.16,Shopping,2026-03-13,0,HIGH,2026-06-10 20:52:12
TXN001188,CUST0233,42239.25,Travel,2026-01-25,0,HIGH,2026-06-10 20:52:12
TXN001189,CUST0443,5520.94,Travel,2026-01-10,0,MEDIUM,2026-06-10 20:52:12
TXN001190,CUST0614,40292.31,Travel,2026-04-12,0,HIGH,2026-06-10 20:52:12
TXN001191,CUST0694,1280.25,Food,2026-01-28,0,LOW,2026-06-10 20:52:12
TXN001192,CUST0932,20110.13,Healthcare,2026-06-03,0,HIGH,2026-06-10 20:52:12
TXN001193,CUST0335,39257.44,Healthcare,2026-04-21,0,HIGH,2026-06-10 20:52:12
TXN001194,CUST0454,40864.76,Travel,2026-05-16,0,HIGH,2026-06-10 20:52:12
TXN001195,CUST0140,26851.67,Shopping,2026-02-01,0,HIGH,2026-06-10 20:52:12
TXN001196,CUST0627,32222.39,Shopping,2026-05-14,0,HIGH,2026-06-10 20:52:12
TXN001197,CUST0055,45836.73,Healthcare,2026-03-14,0,HIGH,2026-06-10 20:52:12
TXN001198,CUST0321,40925.08,Food,2026-05-02,0,HIGH,2026-06-10 20:52:12
TXN001199,CUST0467,24345.93,Travel,2026-01-24,0,HIGH,2026-06-10 20:52:12
TXN001200,CUST0336,39663.58,Food,2026-01-04,0,HIGH,2026-06-10 20:52:12
TXN001201,CUST0067,26947.3,Shopping,2026-04-06,0,HIGH,2026-06-10 20:52:12
TXN001202,CUST0225,29419.48,Food,2026-04-01,0,HIGH,2026-06-10 20:52:12
TXN001203,CUST0877,11.36,Food,2026-01-18,0,LOW,2026-06-10 20:52:12
TXN001204,CUST0964,17008.68,Shopping,2026-01-21,1,HIGH,2026-06-10 20:52:12
TXN001205,CUST0763,12973.82,Shopping,2026-05-13,0,HIGH,2026-06-10 20:52:12
TXN001206,CUST0122,30606.23,Shopping,2026-02-05,0,HIGH,2026-06-10 20:52:12
TXN001207,CUST0619,32530.16,Travel,2026-01-12,0,HIGH,2026-06-10 20:52:12
TXN001208,CUST0579,44329.32,Shopping,2026-05-30,0,HIGH,2026-06-10 20:52:12
TXN001209,CUST0113,45566.79,Shopping,2026-04-26,0,HIGH,2026-06-10 20:52:12
TXN001210,CUST0234,8008.16,Travel,2026-04-06,0,MEDIUM,2026-06-10 20:52:12
TXN001211,CUST0270,2535.61,Food,2026-05-13,0,LOW,2026-06-10 20:52:12
TXN001212,CUST0509,14128.4,Shopping,2026-02-18,0,HIGH,2026-06-10 20:52:12
TXN001213,CUST0291,17101.41,Shopping,2026-05-06,0,HIGH,2026-06-10 20:52:12
TXN001214,CUST0132,22667.75,Travel,2026-04-24,0,HIGH,2026-06-10 20:52:12
TXN001215,CUST0885,29522.34,Shopping,2026-03-18,0,HIGH,2026-06-10 20:52:12
TXN001216,CUST0534,15002.19,Food,2026-04-15,0,HIGH,2026-06-10 20:52:12
TXN001217,CUST0800,41989.83,Healthcare,2026-02-12,0,HIGH,2026-06-10 20:52:12
TXN001218,CUST0526,20096.75,Healthcare,2026-04-20,0,HIGH,2026-06-10 20:52:12
TXN001219,CUST0988,25999.86,Healthcare,2026-01-10,0,HIGH,2026-06-10 20:52:12
TXN001220,CUST0449,42412.13,Food,2026-03-11,0,HIGH,2026-06-10 20:52:12
TXN001221,CUST0037,30954.39,Healthcare,2026-02-24,0,HIGH,2026-06-10 20:52:12
TXN001222,CUST0364,39683.95,Shopping,2026-04-03,0,HIGH,2026-06-10 20:52:12
TXN001223,CUST0384,20838.6,Travel,2026-05-08,0,HIGH,2026-06-10 20:52:12
TXN001224,CUST0692,4694.68,Healthcare,2026-05-27,1,LOW,2026-06-10 20:52:12
TXN001225,CUST0535,39336.72,Shopping,2026-02-20,0,HIGH,2026-06-10 20:52:12
TXN001226,CUST0658,17573.57,Food,2026-02-02,0,HIGH,2026-06-10 20:52:12
TXN001227,CUST0535,27864.92,Healthcare,2026-01-25,0,HIGH,2026-06-10 20:52:12
TXN001228,CUST0332,45320.56,Food,2026-01-31,0,HIGH,2026-06-10 20:52:12
TXN001229,CUST0624,18540.85,Healthcare,2026-01-30,0,HIGH,2026-06-10 20:52:12
TXN001230,CUST0968,20628.13,Shopping,2026-02-04,0,HIGH,2026-06-10 20:52:12
TXN001231,CUST0988,2450.33,Travel,2026-06-06,0,LOW,2026-06-10 20:52:12
TXN001232,CUST0002,5794.67,Healthcare,2026-01-22,0,MEDIUM,2026-06-10 20:52:12
TXN001233,CUST0174,5055.22,Shopping,2026-04-07,0,MEDIUM,2026-06-10 20:52:12
TXN001234,CUST0463,34033.18,Shopping,2026-02-08,0,HIGH,2026-06-10 20:52:12
TXN001235,CUST0383,15358.45,Travel,2026-03-28,0,HIGH,2026-06-10 20:52:12
TXN001236,CUST0360,39156.75,Travel,2026-03-21,0,HIGH,2026-06-10 20:52:12
TXN001237,CUST0308,38453.34,Shopping,2026-03-13,0,HIGH,2026-06-10 20:52:12
TXN001238,CUST0760,17950.11,Food,2026-06-09,0,HIGH,2026-06-10 20:52:12
TXN001239,CUST0772,2175.1,Travel,2026-01-30,0,LOW,2026-06-10 20:52:12
TXN001240,CUST0458,20691.78,Shopping,2026-01-02,0,HIGH,2026-06-10 20:52:12
TXN001241,CUST0363,48348.43,Food,2026-03-16,0,HIGH,2026-06-10 20:52:12
TXN001242,CUST0232,41498.41,Food,2026-02-07,0,HIGH,2026-06-10 20:52:12
TXN001243,CUST0979,15080.26,Travel,2026-05-17,0,HIGH,2026-06-10 20:52:12
TXN001244,CUST0169,42180.54,Travel,2026-02-12,0,HIGH,2026-06-10 20:52:12
TXN001245,CUST0744,16759.56,Healthcare,2026-05-28,0,HIGH,2026-06-10 20:52:12
TXN001246,CUST0682,26952.47,Food,2026-05-09,0,HIGH,2026-06-10 20:52:12
TXN001247,CUST0399,12622.08,Healthcare,2026-04-18,0,HIGH,2026-06-10 20:52:12
TXN001248,CUST0728,35634.25,Food,2026-04-26,1,HIGH,2026-06-10 20:52:12
TXN001249,CUST0707,32088.82,Travel,2026-05-07,0,HIGH,2026-06-10 20:52:12
TXN001250,CUST0866,23176.61,Food,2026-02-14,0,HIGH,2026-06-10 20:52:12
TXN001251,CUST0208,3308.67,Food,2026-06-05,0,LOW,2026-06-10 20:52:12
TXN001252,CUST0985,43260.67,Healthcare,2026-03-04,0,HIGH,2026-06-10 20:52:12
TXN001253,CUST0161,7895.57,Food,2026-03-04,0,MEDIUM,2026-06-10 20:52:12
TXN001254,CUST0284,43818.49,Travel,2026-02-13,0,HIGH,2026-06-10 20:52:12
TXN001255,CUST0018,18346.45,Healthcare,2026-06-07,0,HIGH,2026-06-10 20:52:12
TXN001256,CUST0748,37863.07,Travel,2026-05-05,0,HIGH,2026-06-10 20:52:12
TXN001257,CUST0775,48038.63,Travel,2026-05-11,0,HIGH,2026-06-10 20:52:12
TXN001258,CUST0654,6779.28,Healthcare,2026-05-09,0,MEDIUM,2026-06-10 20:52:12
TXN001259,CUST0327,1680.81,Food,2026-02-01,0,LOW,2026-06-10 20:52:12
TXN001260,CUST0968,37774.88,Travel,2026-01-29,0,HIGH,2026-06-10 20:52:12
TXN001261,CUST0562,49022.06,Shopping,2026-02-09,0,HIGH,2026-06-10 20:52:12
TXN001262,CUST0369,13540.28,Shopping,2026-04-06,0,HIGH,2026-06-10 20:52:12
TXN001263,CUST0023,20253.98,Shopping,2026-01-21,0,HIGH,2026-06-10 20:52:12
TXN001264,CUST0835,7524.03,Healthcare,2026-05-29,0,MEDIUM,2026-06-10 20:52:12
TXN001265,CUST0313,7256.42,Shopping,2026-01-17,0,MEDIUM,2026-06-10 20:52:12
TXN001266,CUST0746,47866.69,Food,2026-06-05,0,HIGH,2026-06-10 20:52:12
TXN001267,CUST0458,29029.89,Shopping,2026-05-02,0,HIGH,2026-06-10 20:52:12
TXN001268,CUST0045,44402.11,Travel,2026-03-28,0,HIGH,2026-06-10 20:52:12
TXN001269,CUST0668,20652.47,Food,2026-03-15,0,HIGH,2026-06-10 20:52:12
TXN001270,CUST0144,46976.7,Food,2026-05-14,0,HIGH,2026-06-10 20:52:12
TXN001271,CUST0024,3942.49,Food,2026-04-25,0,LOW,2026-06-10 20:52:12
TXN001272,CUST0536,14879.8,Travel,2026-06-09,0,HIGH,2026-06-10 20:52:12
TXN001273,CUST0930,33870.11,Healthcare,2026-03-19,0,HIGH,2026-06-10 20:52:12
TXN001274,CUST0590,33915.1,Shopping,2026-02-22,0,HIGH,2026-06-10 20:52:12
TXN001275,CUST0581,40683.83,Shopping,2026-01-12,1,HIGH,2026-06-10 20:52:12
TXN001276,CUST0800,43263.18,Healthcare,2026-04-17,0,HIGH,2026-06-10 20:52:12
TXN001277,CUST0172,49419.5,Healthcare,2026-05-21,1,HIGH,2026-06-10 20:52:12
TXN001278,CUST0280,18497.8,Food,2026-05-02,0,HIGH,2026-06-10 20:52:12
TXN001279,CUST0344,15825.57,Travel,2026-02-13,0,HIGH,2026-06-10 20:52:12
TXN001280,CUST0890,43415.49,Shopping,2026-01-19,0,HIGH,2026-06-10 20:52:12
TXN001281,CUST0275,10459.91,Food,2026-03-15,0,HIGH,2026-06-10 20:52:12
TXN001282,CUST0665,8377.73,Travel,2026-02-26,0,MEDIUM,2026-06-10 20:52:12
TXN001283,CUST0451,32883.24,Healthcare,2026-05-28,0,HIGH,2026-06-10 20:52:12
TXN001284,CUST0071,29607.25,Food,2026-04-16,0,HIGH,2026-06-10 20:52:12
TXN001285,CUST0542,10857.15,Shopping,2026-02-26,0,HIGH,2026-06-10 20:52:12
TXN001286,CUST0699,20443.17,Food,2026-04-06,0,HIGH,2026-06-10 20:52:12
TXN001287,CUST0166,12088.3,Healthcare,2026-02-13,1,HIGH,2026-06-10 20:52:12
TXN001288,CUST0148,41985.89,Shopping,2026-03-13,0,HIGH,2026-06-10 20:52:12
TXN001289,CUST0460,29669.13,Travel,2026-02-25,0,HIGH,2026-06-10 20:52:12
TXN001290,CUST0934,7335.74,Travel,2026-05-05,0,MEDIUM,2026-06-10 20:52:12
TXN001291,CUST0892,34002.42,Travel,2026-05-27,0,HIGH,2026-06-10 20:52:12
TXN001292,CUST0539,29197.34,Shopping,2026-01-07,0,HIGH,2026-06-10 20:52:12
TXN001293,CUST0555,47796.06,Shopping,2026-04-07,0,HIGH,2026-06-10 20:52:12
TXN001294,CUST0974,8959.17,Healthcare,2026-03-07,0,MEDIUM,2026-06-10 20:52:12
TXN001295,CUST0432,14274.38,Healthcare,2026-04-28,0,HIGH,2026-06-10 20:52:12
TXN001296,CUST0355,28923.68,Healthcare,2026-05-02,0,HIGH,2026-06-10 20:52:12
TXN001297,CUST0311,18948.82,Food,2026-05-09,0,HIGH,2026-06-10 20:52:12
TXN001298,CUST0731,13971.82,Travel,2026-06-08,0,HIGH,2026-06-10 20:52:12
TXN001299,CUST0241,21766.78,Travel,2026-03-02,0,HIGH,2026-06-10 20:52:12
TXN001300,CUST0578,5479.24,Travel,2026-04-12,0,MEDIUM,2026-06-10 20:52:12
TXN001301,CUST0768,11031.24,Shopping,2026-05-30,0,HIGH,2026-06-10 20:52:12
TXN001302,CUST0812,49202.13,Food,2026-04-06,0,HIGH,2026-06-10 20:52:12
TXN001303,CUST0956,39090.87,Food,2026-05-24,0,HIGH,2026-06-10 20:52:12
TXN001304,CUST0485,36640.8,Travel,2026-02-23,0,HIGH,2026-06-10 20:52:12
TXN001305,CUST0330,25833.2,Shopping,2026-01-20,0,HIGH,2026-06-10 20:52:12
TXN001306,CUST0411,30631.01,Healthcare,2026-01-25,0,HIGH,2026-06-10 20:52:12
TXN001307,CUST0813,4018.68,Healthcare,2026-01-10,0,LOW,2026-06-10 20:52:12
TXN001308,CUST0221,47124.8,Travel,2026-05-13,0,HIGH,2026-06-10 20:52:12
TXN001309,CUST0420,7826.47,Travel,2026-01-24,0,MEDIUM,2026-06-10 20:52:12
TXN001310,CUST0505,40214.11,Healthcare,2026-02-16,0,HIGH,2026-06-10 20:52:12
TXN001311,CUST0221,47543.49,Healthcare,2026-01-12,0,HIGH,2026-06-10 20:52:12
TXN001312,CUST0320,46120.46,Healthcare,2026-06-06,0,HIGH,2026-06-10 20:52:12
TXN001313,CUST0359,5373.67,Healthcare,2026-05-28,0,MEDIUM,2026-06-10 20:52:12
TXN001314,CUST0575,41074.55,Food,2026-01-21,0,HIGH,2026-06-10 20:52:12
TXN001315,CUST0597,26793.0,Food,2026-05-23,0,HIGH,2026-06-10 20:52:12
TXN001316,CUST0815,18514.87,Food,2026-05-08,0,HIGH,2026-06-10 20:52:12
TXN001317,CUST0969,1864.22,Shopping,2026-02-02,0,LOW,2026-06-10 20:52:12
TXN001318,CUST0374,44078.75,Healthcare,2026-02-12,0,HIGH,2026-06-10 20:52:12
TXN001319,CUST0863,29467.91,Travel,2026-03-12,0,HIGH,2026-06-10 20:52:12
TXN001320,CUST0206,33442.78,Travel,2026-03-24,0,HIGH,2026-06-10 20:52:12
TXN001321,CUST0285,14015.05,Travel,2026-04-07,0,HIGH,2026-06-10 20:52:12
TXN001322,CUST0800,4832.07,Healthcare,2026-05-06,0,LOW,2026-06-10 20:52:12
TXN001323,CUST0802,35964.13,Shopping,2026-01-17,0,HIGH,2026-06-10 20:52:12
TXN001324,CUST0780,18894.18,Travel,2026-04-20,0,HIGH,2026-06-10 20:52:12
TXN001325,CUST0675,17342.25,Travel,2026-05-31,0,HIGH,2026-06-10 20:52:12
TXN001326,CUST0283,44675.74,Shopping,2026-05-30,0,HIGH,2026-06-10 20:52:12
TXN001327,CUST0248,32900.15,Food,2026-03-22,0,HIGH,2026-06-10 20:52:12
TXN001328,CUST0476,27608.33,Travel,2026-01-30,0,HIGH,2026-06-10 20:52:12
TXN001329,CUST0303,21315.67,Shopping,2026-02-04,0,HIGH,2026-06-10 20:52:12
TXN001330,CUST0375,39490.22,Food,2026-01-13,0,HIGH,2026-06-10 20:52:12
TXN001331,CUST0782,40819.42,Travel,2026-02-24,0,HIGH,2026-06-10 20:52:12
TXN001332,CUST0178,38396.98,Healthcare,2026-03-11,0,HIGH,2026-06-10 20:52:12
TXN001333,CUST0622,41173.63,Healthcare,2026-05-09,0,HIGH,2026-06-10 20:52:12
TXN001334,CUST0859,48291.08,Healthcare,2026-03-20,0,HIGH,2026-06-10 20:52:12
TXN001335,CUST0539,12927.28,Shopping,2026-05-11,0,HIGH,2026-06-10 20:52:12
TXN001336,CUST0897,42499.9,Healthcare,2026-04-03,0,HIGH,2026-06-10 20:52:12
TXN001337,CUST0708,7909.22,Healthcare,2026-06-02,0,MEDIUM,2026-06-10 20:52:12
TXN001338,CUST0721,14324.96,Travel,2026-05-03,0,HIGH,2026-06-10 20:52:12
TXN001339,CUST0517,20344.39,Food,2026-03-26,0,HIGH,2026-06-10 20:52:12
TXN001340,CUST0025,850.56,Healthcare,2026-04-19,0,LOW,2026-06-10 20:52:12
TXN001341,CUST0456,41699.39,Shopping,2026-05-01,0,HIGH,2026-06-10 20:52:12
TXN001342,CUST0900,40815.02,Travel,2026-02-10,0,HIGH,2026-06-10 20:52:12
TXN001343,CUST0820,27593.89,Travel,2026-01-22,0,HIGH,2026-06-10 20:52:12
TXN001344,CUST0200,31134.59,Food,2026-05-15,0,HIGH,2026-06-10 20:52:12
TXN001345,CUST0051,37341.57,Travel,2026-04-25,0,HIGH,2026-06-10 20:52:12
TXN001346,CUST0673,20552.1,Shopping,2026-05-16,0,HIGH,2026-06-10 20:52:12
TXN001347,CUST0871,26330.46,Travel,2026-03-03,0,HIGH,2026-06-10 20:52:12
TXN001348,CUST0486,43410.6,Travel,2026-03-03,0,HIGH,2026-06-10 20:52:12
TXN001349,CUST0045,13020.73,Shopping,2026-03-17,0,HIGH,2026-06-10 20:52:12
TXN001350,CUST0035,29426.23,Travel,2026-05-12,0,HIGH,2026-06-10 20:52:12
TXN001351,CUST0470,9475.01,Shopping,2026-06-09,0,MEDIUM,2026-06-10 20:52:12
TXN001352,CUST0983,28332.2,Healthcare,2026-03-14,0,HIGH,2026-06-10 20:52:12
TXN001353,CUST0486,3072.56,Healthcare,2026-05-21,0,LOW,2026-06-10 20:52:12
TXN001354,CUST0017,47840.76,Healthcare,2026-01-02,0,HIGH,2026-06-10 20:52:12
TXN001355,CUST0543,16123.24,Travel,2026-05-01,0,HIGH,2026-06-10 20:52:12
TXN001356,CUST0190,41534.92,Shopping,2026-05-14,1,HIGH,2026-06-10 20:52:12
TXN001357,CUST0616,9316.53,Food,2026-01-03,0,MEDIUM,2026-06-10 20:52:12
TXN001358,CUST0464,44172.53,Shopping,2026-06-02,0,HIGH,2026-06-10 20:52:12
TXN001359,CUST0853,25506.0,Travel,2026-05-20,1,HIGH,2026-06-10 20:52:12
TXN001360,CUST0030,26901.98,Travel,2026-01-25,0,HIGH,2026-06-10 20:52:12
TXN001361,CUST0416,4273.77,Food,2026-05-05,0,LOW,2026-06-10 20:52:12
TXN001362,CUST0243,30947.91,Healthcare,2026-03-10,0,HIGH,2026-06-10 20:52:12
TXN001363,CUST0061,4802.04,Shopping,2026-05-15,0,LOW,2026-06-10 20:52:12
TXN001364,CUST0871,23364.7,Travel,2026-02-19,0,HIGH,2026-06-10 20:52:12
TXN001365,CUST0315,28174.17,Shopping,2026-04-14,0,HIGH,2026-06-10 20:52:12
TXN001366,CUST0548,18994.17,Healthcare,2026-05-11,0,HIGH,2026-06-10 20:52:12
TXN001367,CUST0034,5087.05,Shopping,2026-03-23,0,MEDIUM,2026-06-10 20:52:12
TXN001368,CUST0963,19390.75,Travel,2026-03-24,0,HIGH,2026-06-10 20:52:12
TXN001369,CUST0868,49574.17,Healthcare,2026-03-06,0,HIGH,2026-06-10 20:52:12
TXN001370,CUST0180,17915.27,Shopping,2026-01-09,0,HIGH,2026-06-10 20:52:12
TXN001371,CUST0934,18188.02,Travel,2026-01-27,0,HIGH,2026-06-10 20:52:12
TXN001372,CUST0123,43487.59,Food,2026-03-20,0,HIGH,2026-06-10 20:52:12
TXN001373,CUST0815,21710.83,Healthcare,2026-02-24,1,HIGH,2026-06-10 20:52:12
TXN001374,CUST0923,5919.93,Travel,2026-04-02,0,MEDIUM,2026-06-10 20:52:12
TXN001375,CUST0924,46617.94,Healthcare,2026-01-27,0,HIGH,2026-06-10 20:52:12
TXN001376,CUST0035,30185.07,Healthcare,2026-04-08,0,HIGH,2026-06-10 20:52:12
TXN001377,CUST0396,13760.92,Shopping,2026-06-09,0,HIGH,2026-06-10 20:52:12
TXN001378,CUST0007,17611.21,Shopping,2026-06-09,0,HIGH,2026-06-10 20:52:12
TXN001379,CUST0495,46336.51,Shopping,2026-04-19,0,HIGH,2026-06-10 20:52:12
TXN001380,CUST0417,37009.95,Travel,2026-05-18,0,HIGH,2026-06-10 20:52:12
TXN001381,CUST0315,18145.85,Shopping,2026-03-24,0,HIGH,2026-06-10 20:52:12
TXN001382,CUST0131,25785.02,Shopping,2026-03-03,1,HIGH,2026-06-10 20:52:12
TXN001383,CUST0778,31689.88,Shopping,2026-03-06,0,HIGH,2026-06-10 20:52:12
TXN001384,CUST0006,28546.48,Healthcare,2026-01-07,0,HIGH,2026-06-10 20:52:12
TXN001385,CUST0801,40628.19,Shopping,2026-04-21,0,HIGH,2026-06-10 20:52:12
TXN001386,CUST0135,31843.87,Shopping,2026-03-25,0,HIGH,2026-06-10 20:52:12
TXN001387,CUST0317,19985.02,Healthcare,2026-01-29,0,HIGH,2026-06-10 20:52:12
TXN001388,CUST0894,26695.33,Travel,2026-06-07,0,HIGH,2026-06-10 20:52:12
TXN001389,CUST0252,22591.18,Travel,2026-03-13,0,HIGH,2026-06-10 20:52:12
TXN001390,CUST0045,671.43,Travel,2026-04-30,0,LOW,2026-06-10 20:52:12
TXN001391,CUST0139,2524.44,Shopping,2026-03-18,1,LOW,2026-06-10 20:52:12
TXN001392,CUST0671,770.83,Travel,2026-05-25,0,LOW,2026-06-10 20:52:12
TXN001393,CUST0897,36211.64,Travel,2026-02-09,0,HIGH,2026-06-10 20:52:12
TXN001394,CUST0142,35137.87,Food,2026-04-16,0,HIGH,2026-06-10 20:52:12
TXN001395,CUST0227,8456.78,Shopping,2026-02-06,1,MEDIUM,2026-06-10 20:52:12
TXN001396,CUST0663,42940.73,Food,2026-04-09,0,HIGH,2026-06-10 20:52:12
TXN001397,CUST0368,26137.24,Travel,2026-01-19,0,HIGH,2026-06-10 20:52:12
TXN001398,CUST0582,36729.03,Food,2026-05-26,0,HIGH,2026-06-10 20:52:12
TXN001399,CUST0471,1161.04,Food,2026-01-01,0,LOW,2026-06-10 20:52:12
TXN001400,CUST0192,24393.1,Food,2026-02-11,0,HIGH,2026-06-10 20:52:12
TXN001401,CUST0657,41255.44,Shopping,2026-04-01,0,HIGH,2026-06-10 20:52:12
TXN001402,CUST0288,36864.85,Shopping,2026-05-19,0,HIGH,2026-06-10 20:52:12
TXN001403,CUST0012,9046.64,Food,2026-05-28,0,MEDIUM,2026-06-10 20:52:12
TXN001404,CUST0192,39110.96,Food,2026-05-25,0,HIGH,2026-06-10 20:52:12
TXN001405,CUST0635,41631.97,Shopping,2026-02-02,0,HIGH,2026-06-10 20:52:12
TXN001406,CUST0525,18256.0,Food,2026-03-13,0,HIGH,2026-06-10 20:52:12
TXN001407,CUST0657,14736.84,Healthcare,2026-06-05,0,HIGH,2026-06-10 20:52:12
TXN001408,CUST0076,6291.92,Healthcare,2026-04-16,1,MEDIUM,2026-06-10 20:52:12
TXN001409,CUST0902,8471.95,Healthcare,2026-03-13,0,MEDIUM,2026-06-10 20:52:12
TXN001410,CUST0965,45060.65,Healthcare,2026-02-03,0,HIGH,2026-06-10 20:52:12
TXN001411,CUST0193,9545.52,Healthcare,2026-01-08,0,MEDIUM,2026-06-10 20:52:12
TXN001412,CUST0235,22096.96,Travel,2026-03-17,0,HIGH,2026-06-10 20:52:12
TXN001413,CUST0285,26363.5,Travel,2026-03-24,0,HIGH,2026-06-10 20:52:12
TXN001414,CUST0705,33765.19,Healthcare,2026-05-27,0,HIGH,2026-06-10 20:52:12
TXN001415,CUST0154,37205.01,Food,2026-03-11,0,HIGH,2026-06-10 20:52:12
TXN001416,CUST0485,11060.74,Shopping,2026-04-11,0,HIGH,2026-06-10 20:52:12
TXN001417,CUST0175,18183.82,Shopping,2026-01-15,0,HIGH,2026-06-10 20:52:12
TXN001418,CUST0904,3093.16,Food,2026-05-08,0,LOW,2026-06-10 20:52:12
TXN001419,CUST0580,13792.77,Travel,2026-06-04,0,HIGH,2026-06-10 20:52:12
TXN001420,CUST0220,22572.03,Shopping,2026-04-09,0,HIGH,2026-06-10 20:52:12
TXN001421,CUST0255,4958.85,Shopping,2026-03-16,0,LOW,2026-06-10 20:52:12
TXN001422,CUST0574,16271.62,Travel,2026-01-18,0,HIGH,2026-06-10 20:52:12
TXN001423,CUST0380,35592.76,Shopping,2026-05-28,0,HIGH,2026-06-10 20:52:12
TXN001424,CUST0874,37983.14,Travel,2026-03-19,0,HIGH,2026-06-10 20:52:12
TXN001425,CUST0545,29617.74,Food,2026-03-10,0,HIGH,2026-06-10 20:52:12
TXN001426,CUST0854,13102.81,Shopping,2026-03-24,0,HIGH,2026-06-10 20:52:12
TXN001427,CUST0240,44827.8,Shopping,2026-01-22,1,HIGH,2026-06-10 20:52:12
TXN001428,CUST0869,15593.79,Travel,2026-02-06,0,HIGH,2026-06-10 20:52:12
TXN001429,CUST0481,1833.81,Shopping,2026-03-15,0,LOW,2026-06-10 20:52:12
TXN001430,CUST0654,1633.63,Travel,2026-04-02,0,LOW,2026-06-10 20:52:12
TXN001431,CUST0647,10072.49,Shopping,2026-02-08,0,HIGH,2026-06-10 20:52:12
TXN001432,CUST0696,27658.56,Healthcare,2026-04-02,0,HIGH,2026-06-10 20:52:12
TXN001433,CUST0996,1321.33,Travel,2026-05-08,0,LOW,2026-06-10 20:52:12
TXN001434,CUST0278,42476.53,Travel,2026-04-10,0,HIGH,2026-06-10 20:52:12
TXN001435,CUST0917,6936.39,Travel,2026-02-08,0,MEDIUM,2026-06-10 20:52:12
TXN001436,CUST0844,3914.53,Healthcare,2026-01-01,0,LOW,2026-06-10 20:52:12
TXN001437,CUST0131,34971.23,Food,2026-04-18,0,HIGH,2026-06-10 20:52:12
TXN001438,CUST0922,7056.72,Healthcare,2026-01-30,0,MEDIUM,2026-06-10 20:52:12
TXN001439,CUST0193,16849.05,Travel,2026-03-05,0,HIGH,2026-06-10 20:52:12
TXN001440,CUST0370,39703.49,Food,2026-04-13,0,HIGH,2026-06-10 20:52:12
TXN001441,CUST0606,9866.55,Shopping,2026-02-07,0,MEDIUM,2026-06-10 20:52:12
TXN001442,CUST0637,8294.6,Travel,2026-04-19,1,MEDIUM,2026-06-10 20:52:12
TXN001443,CUST0706,12109.05,Travel,2026-01-10,0,HIGH,2026-06-10 20:52:12
TXN001444,CUST0622,5981.94,Healthcare,2026-05-25,0,MEDIUM,2026-06-10 20:52:12
TXN001445,CUST0488,38222.7,Healthcare,2026-05-24,0,HIGH,2026-06-10 20:52:12
TXN001446,CUST0406,29283.53,Shopping,2026-01-03,0,HIGH,2026-06-10 20:52:12
TXN001447,CUST0404,14807.89,Healthcare,2026-06-05,0,HIGH,2026-06-10 20:52:12
TXN001448,CUST0852,22000.55,Healthcare,2026-03-23,0,HIGH,2026-06-10 20:52:12
TXN001449,CUST0357,47252.72,Food,2026-03-19,0,HIGH,2026-06-10 20:52:12
TXN001450,CUST0513,5179.57,Food,2026-06-01,0,MEDIUM,2026-06-10 20:52:12
TXN001451,CUST0156,17760.95,Healthcare,2026-05-01,0,HIGH,2026-06-10 20:52:12
TXN001452,CUST0110,40973.71,Food,2026-02-22,0,HIGH,2026-06-10 20:52:12
TXN001453,CUST0444,456.59,Healthcare,2026-05-24,0,LOW,2026-06-10 20:52:12
TXN001454,CUST0135,37092.48,Healthcare,2026-03-22,0,HIGH,2026-06-10 20:52:12
TXN001455,CUST0669,41407.72,Healthcare,2026-04-04,0,HIGH,2026-06-10 20:52:12
TXN001456,CUST0243,13925.06,Shopping,2026-01-28,0,HIGH,2026-06-10 20:52:12
TXN001457,CUST0294,2182.82,Healthcare,2026-05-18,0,LOW,2026-06-10 20:52:12
TXN001458,CUST0807,46371.23,Shopping,2026-03-14,0,HIGH,2026-06-10 20:52:12
TXN001459,CUST0852,42651.02,Healthcare,2026-02-04,0,HIGH,2026-06-10 20:52:12
TXN001460,CUST0294,40770.29,Healthcare,2026-02-12,0,HIGH,2026-06-10 20:52:12
TXN001461,CUST0690,25729.48,Shopping,2026-05-11,0,HIGH,2026-06-10 20:52:12
TXN001462,CUST0731,34205.21,Travel,2026-05-04,0,HIGH,2026-06-10 20:52:12
TXN001463,CUST0814,17138.03,Travel,2026-03-26,0,HIGH,2026-06-10 20:52:12
TXN001464,CUST0155,17061.34,Food,2026-06-04,0,HIGH,2026-06-10 20:52:12
TXN001465,CUST0789,30219.95,Healthcare,2026-01-20,0,HIGH,2026-06-10 20:52:12
TXN001466,CUST0898,3237.02,Food,2026-03-05,0,LOW,2026-06-10 20:52:12
TXN001467,CUST0590,18031.57,Travel,2026-06-06,0,HIGH,2026-06-10 20:52:12
TXN001468,CUST0073,2543.43,Shopping,2026-05-14,0,LOW,2026-06-10 20:52:12
TXN001469,CUST0659,10548.52,Shopping,2026-03-05,0,HIGH,2026-06-10 20:52:12
TXN001470,CUST0505,27954.25,Food,2026-03-15,0,HIGH,2026-06-10 20:52:12
TXN001471,CUST0504,28008.53,Food,2026-03-24,0,HIGH,2026-06-10 20:52:12
TXN001472,CUST0980,17322.32,Shopping,2026-04-06,0,HIGH,2026-06-10 20:52:12
TXN001473,CUST0083,32665.54,Healthcare,2026-05-21,0,HIGH,2026-06-10 20:52:12
TXN001474,CUST0005,23345.94,Shopping,2026-02-22,0,HIGH,2026-06-10 20:52:12
TXN001475,CUST0515,22969.06,Travel,2026-04-26,0,HIGH,2026-06-10 20:52:12
TXN001476,CUST0153,13050.59,Shopping,2026-04-24,0,HIGH,2026-06-10 20:52:12
TXN001477,CUST0633,6246.94,Food,2026-02-08,0,MEDIUM,2026-06-10 20:52:12
TXN001478,CUST0536,46945.14,Shopping,2026-01-18,0,HIGH,2026-06-10 20:52:12
TXN001479,CUST0157,13205.13,Food,2026-04-08,0,HIGH,2026-06-10 20:52:12
TXN001480,CUST0462,45559.53,Healthcare,2026-01-20,0,HIGH,2026-06-10 20:52:12
TXN001481,CUST0025,5090.39,Healthcare,2026-04-10,0,MEDIUM,2026-06-10 20:52:12
TXN001482,CUST0626,23644.83,Healthcare,2026-03-12,0,HIGH,2026-06-10 20:52:12
TXN001483,CUST0762,40379.69,Travel,2026-01-05,0,HIGH,2026-06-10 20:52:12
TXN001484,CUST0615,6711.59,Food,2026-02-16,0,MEDIUM,2026-06-10 20:52:12
TXN001485,CUST0031,5478.27,Travel,2026-05-30,0,MEDIUM,2026-06-10 20:52:12
TXN001486,CUST0708,36634.16,Travel,2026-02-06,0,HIGH,2026-06-10 20:52:12
TXN001487,CUST0533,243.31,Shopping,2026-01-04,0,LOW,2026-06-10 20:52:12
TXN001488,CUST0889,2113.88,Food,2026-01-17,0,LOW,2026-06-10 20:52:12
TXN001489,CUST0746,29854.77,Healthcare,2026-03-11,1,HIGH,2026-06-10 20:52:12
TXN001490,CUST0602,25963.23,Healthcare,2026-02-11,0,HIGH,2026-06-10 20:52:12
TXN001491,CUST0952,28717.96,Travel,2026-03-02,0,HIGH,2026-06-10 20:52:12
TXN001492,CUST0279,20940.52,Food,2026-02-01,0,HIGH,2026-06-10 20:52:12
TXN001493,CUST0646,4169.18,Shopping,2026-02-10,0,LOW,2026-06-10 20:52:12
TXN001494,CUST0325,40622.83,Shopping,2026-01-29,0,HIGH,2026-06-10 20:52:12
TXN001495,CUST0410,34154.43,Healthcare,2026-05-30,0,HIGH,2026-06-10 20:52:12
TXN001496,CUST0584,42592.98,Travel,2026-03-08,0,HIGH,2026-06-10 20:52:12
TXN001497,CUST0309,7237.69,Shopping,2026-01-11,0,MEDIUM,2026-06-10 20:52:12
TXN001498,CUST0093,22383.97,Travel,2026-06-07,0,HIGH,2026-06-10 20:52:12
TXN001499,CUST0346,42706.06,Travel,2026-03-20,0,HIGH,2026-06-10 20:52:12
TXN001500,CUST0120,20655.33,Travel,2026-02-12,0,HIGH,2026-06-10 20:52:12
TXN001501,CUST0930,14638.58,Travel,2026-01-17,0,HIGH,2026-06-10 20:52:12
TXN001502,CUST0188,38736.72,Travel,2026-05-21,0,HIGH,2026-06-10 20:52:12
TXN001503,CUST0858,21894.29,Food,2026-06-03,0,HIGH,2026-06-10 20:52:12
TXN001504,CUST0685,25323.36,Shopping,2026-01-18,0,HIGH,2026-06-10 20:52:12
TXN001505,CUST0380,12894.72,Healthcare,2026-05-29,0,HIGH,2026-06-10 20:52:12
TXN001506,CUST0761,29746.59,Shopping,2026-04-20,0,HIGH,2026-06-10 20:52:12
TXN001507,CUST0477,18152.35,Travel,2026-04-15,0,HIGH,2026-06-10 20:52:12
TXN001508,CUST0656,33713.17,Shopping,2026-01-31,0,HIGH,2026-06-10 20:52:12
TXN001509,CUST0184,21828.56,Shopping,2026-01-25,0,HIGH,2026-06-10 20:52:12
TXN001510,CUST0791,19698.05,Healthcare,2026-02-19,1,HIGH,2026-06-10 20:52:12
TXN001511,CUST0877,13910.32,Food,2026-05-04,0,HIGH,2026-06-10 20:52:12
TXN001512,CUST0730,871.53,Food,2026-04-18,0,LOW,2026-06-10 20:52:12
TXN001513,CUST0615,29321.23,Food,2026-02-01,0,HIGH,2026-06-10 20:52:12
TXN001514,CUST0274,19851.18,Food,2026-03-12,0,HIGH,2026-06-10 20:52:12
TXN001515,CUST0881,35329.55,Healthcare,2026-01-19,0,HIGH,2026-06-10 20:52:12
TXN001516,CUST0563,41135.18,Healthcare,2026-03-28,0,HIGH,2026-06-10 20:52:12
TXN001517,CUST0477,29528.27,Shopping,2026-05-20,0,HIGH,2026-06-10 20:52:12
TXN001518,CUST0931,49601.51,Food,2026-03-23,0,HIGH,2026-06-10 20:52:12
TXN001519,CUST0484,26566.58,Food,2026-01-16,1,HIGH,2026-06-10 20:52:12
TXN001520,CUST0257,38701.34,Food,2026-02-03,0,HIGH,2026-06-10 20:52:12
TXN001521,CUST0160,11372.54,Travel,2026-01-30,0,HIGH,2026-06-10 20:52:12
TXN001522,CUST0792,20557.71,Food,2026-01-03,0,HIGH,2026-06-10 20:52:12
TXN001523,CUST0591,19541.55,Travel,2026-05-10,0,HIGH,2026-06-10 20:52:12
TXN001524,CUST0146,1752.56,Shopping,2026-01-11,0,LOW,2026-06-10 20:52:12
TXN001525,CUST0149,31279.77,Food,2026-04-19,0,HIGH,2026-06-10 20:52:12
TXN001526,CUST0129,26867.8,Food,2026-01-04,0,HIGH,2026-06-10 20:52:12
TXN001527,CUST0932,779.48,Shopping,2026-01-15,1,LOW,2026-06-10 20:52:12
TXN001528,CUST0268,12956.61,Healthcare,2026-04-22,0,HIGH,2026-06-10 20:52:12
TXN001529,CUST0521,27108.49,Healthcare,2026-04-11,0,HIGH,2026-06-10 20:52:12
TXN001530,CUST0481,46526.36,Healthcare,2026-04-11,0,HIGH,2026-06-10 20:52:12
TXN001531,CUST0917,30779.17,Healthcare,2026-01-06,0,HIGH,2026-06-10 20:52:12
TXN001532,CUST0968,5308.84,Travel,2026-05-21,0,MEDIUM,2026-06-10 20:52:12
TXN001533,CUST0836,38086.45,Travel,2026-03-22,0,HIGH,2026-06-10 20:52:12
TXN001534,CUST0396,20352.98,Shopping,2026-04-01,0,HIGH,2026-06-10 20:52:12
TXN001535,CUST0211,30361.97,Shopping,2026-02-10,0,HIGH,2026-06-10 20:52:12
TXN001536,CUST0498,45300.31,Shopping,2026-05-25,0,HIGH,2026-06-10 20:52:12
TXN001537,CUST0751,25012.31,Travel,2026-05-10,0,HIGH,2026-06-10 20:52:12
TXN001538,CUST0923,26101.37,Healthcare,2026-02-10,0,HIGH,2026-06-10 20:52:12
TXN001539,CUST0027,6576.12,Healthcare,2026-05-30,0,MEDIUM,2026-06-10 20:52:12
TXN001540,CUST0022,37522.92,Shopping,2026-03-11,0,HIGH,2026-06-10 20:52:12
TXN001541,CUST0265,44488.11,Food,2026-04-22,0,HIGH,2026-06-10 20:52:12
TXN001542,CUST0610,44961.29,Food,2026-05-11,0,HIGH,2026-06-10 20:52:12
TXN001543,CUST0788,27447.01,Shopping,2026-01-29,0,HIGH,2026-06-10 20:52:12
TXN001544,CUST0050,30571.73,Travel,2026-04-18,0,HIGH,2026-06-10 20:52:12
TXN001545,CUST0824,17874.11,Travel,2026-02-05,0,HIGH,2026-06-10 20:52:12
TXN001546,CUST0615,28437.83,Travel,2026-01-23,0,HIGH,2026-06-10 20:52:12
TXN001547,CUST0794,24995.67,Shopping,2026-03-16,0,HIGH,2026-06-10 20:52:12
TXN001548,CUST0057,32250.31,Food,2026-06-02,0,HIGH,2026-06-10 20:52:12
TXN001549,CUST0345,44753.19,Travel,2026-01-08,0,HIGH,2026-06-10 20:52:12
TXN001550,CUST0300,7793.78,Travel,2026-06-01,0,MEDIUM,2026-06-10 20:52:12
TXN001551,CUST0965,7436.72,Food,2026-02-23,0,MEDIUM,2026-06-10 20:52:12
TXN001552,CUST0690,9034.61,Shopping,2026-02-04,1,MEDIUM,2026-06-10 20:52:12
TXN001553,CUST0160,38068.71,Healthcare,2026-04-16,0,HIGH,2026-06-10 20:52:12
TXN001554,CUST0171,14540.61,Travel,2026-03-06,0,HIGH,2026-06-10 20:52:12
TXN001555,CUST0579,41000.37,Healthcare,2026-05-03,0,HIGH,2026-06-10 20:52:12
TXN001556,CUST0308,49791.06,Travel,2026-01-09,0,HIGH,2026-06-10 20:52:12
TXN001557,CUST0984,43691.24,Shopping,2026-04-09,0,HIGH,2026-06-10 20:52:12
TXN001558,CUST0836,49334.42,Healthcare,2026-01-05,0,HIGH,2026-06-10 20:52:12
TXN001559,CUST0923,6119.51,Food,2026-02-20,0,MEDIUM,2026-06-10 20:52:12
TXN001560,CUST0497,37972.83,Travel,2026-02-21,0,HIGH,2026-06-10 20:52:12
TXN001561,CUST0501,24439.77,Food,2026-01-09,0,HIGH,2026-06-10 20:52:12
TXN001562,CUST0179,29408.43,Food,2026-02-20,0,HIGH,2026-06-10 20:52:12
TXN001563,CUST0882,43030.99,Food,2026-01-29,0,HIGH,2026-06-10 20:52:12
TXN001564,CUST0530,17864.15,Food,2026-03-15,0,HIGH,2026-06-10 20:52:12
TXN001565,CUST0969,13436.35,Food,2026-04-20,0,HIGH,2026-06-10 20:52:12
TXN001566,CUST0597,48104.52,Healthcare,2026-03-04,0,HIGH,2026-06-10 20:52:12
TXN001567,CUST0961,11156.07,Healthcare,2026-03-28,0,HIGH,2026-06-10 20:52:12
TXN001568,CUST0452,47142.69,Food,2026-02-03,0,HIGH,2026-06-10 20:52:12
TXN001569,CUST0853,22331.97,Healthcare,2026-06-06,0,HIGH,2026-06-10 20:52:12
TXN001570,CUST0786,3182.53,Healthcare,2026-02-15,0,LOW,2026-06-10 20:52:12
TXN001571,CUST0057,19600.66,Travel,2026-03-05,0,HIGH,2026-06-10 20:52:12
TXN001572,CUST0012,45612.04,Food,2026-02-13,0,HIGH,2026-06-10 20:52:12
TXN001573,CUST0797,46333.74,Travel,2026-04-29,0,HIGH,2026-06-10 20:52:12
TXN001574,CUST0976,31399.52,Food,2026-03-04,0,HIGH,2026-06-10 20:52:12
TXN001575,CUST0751,31656.64,Healthcare,2026-05-21,0,HIGH,2026-06-10 20:52:12
TXN001576,CUST0151,6439.5,Food,2026-05-07,0,MEDIUM,2026-06-10 20:52:12
TXN001577,CUST0530,48586.86,Shopping,2026-01-03,0,HIGH,2026-06-10 20:52:12
TXN001578,CUST0137,31486.09,Shopping,2026-03-19,0,HIGH,2026-06-10 20:52:12
TXN001579,CUST0485,16622.39,Healthcare,2026-03-06,0,HIGH,2026-06-10 20:52:12
TXN001580,CUST0908,18413.66,Healthcare,2026-03-22,0,HIGH,2026-06-10 20:52:12
TXN001581,CUST0866,45065.46,Travel,2026-05-06,0,HIGH,2026-06-10 20:52:12
TXN001582,CUST0528,44994.79,Travel,2026-05-24,0,HIGH,2026-06-10 20:52:12
TXN001583,CUST0199,3059.57,Travel,2026-02-14,0,LOW,2026-06-10 20:52:12
TXN001584,CUST0983,39380.05,Food,2026-02-28,0,HIGH,2026-06-10 20:52:12
TXN001585,CUST0509,45671.33,Travel,2026-04-28,0,HIGH,2026-06-10 20:52:12
TXN001586,CUST0157,31854.55,Shopping,2026-04-30,0,HIGH,2026-06-10 20:52:12
TXN001587,CUST0210,38281.13,Healthcare,2026-05-09,0,HIGH,2026-06-10 20:52:12
TXN001588,CUST0777,1598.96,Travel,2026-02-06,0,LOW,2026-06-10 20:52:12
TXN001589,CUST0114,35446.79,Shopping,2026-02-07,0,HIGH,2026-06-10 20:52:12
TXN001590,CUST0873,32606.43,Travel,2026-02-20,0,HIGH,2026-06-10 20:52:12
TXN001591,CUST0551,48001.74,Shopping,2026-01-15,0,HIGH,2026-06-10 20:52:12
TXN001592,CUST0533,15263.9,Travel,2026-05-23,1,HIGH,2026-06-10 20:52:12
TXN001593,CUST0724,46042.64,Healthcare,2026-01-28,0,HIGH,2026-06-10 20:52:12
TXN001594,CUST0068,16312.78,Travel,2026-04-05,0,HIGH,2026-06-10 20:52:12
TXN001595,CUST0687,36466.58,Shopping,2026-05-27,0,HIGH,2026-06-10 20:52:12
TXN001596,CUST0820,16662.46,Food,2026-04-14,0,HIGH,2026-06-10 20:52:12
TXN001597,CUST0504,20687.96,Shopping,2026-03-09,0,HIGH,2026-06-10 20:52:12
TXN001598,CUST0339,1763.85,Travel,2026-02-23,1,LOW,2026-06-10 20:52:12
TXN001599,CUST0976,33647.35,Travel,2026-03-30,0,HIGH,2026-06-10 20:52:12
TXN001600,CUST0811,16508.33,Shopping,2026-03-28,0,HIGH,2026-06-10 20:52:12
TXN001601,CUST0434,22760.65,Healthcare,2026-05-13,0,HIGH,2026-06-10 20:52:12
TXN001602,CUST0414,10129.56,Healthcare,2026-02-01,0,HIGH,2026-06-10 20:52:12
TXN001603,CUST0103,47400.84,Food,2026-02-26,0,HIGH,2026-06-10 20:52:12
TXN001604,CUST0236,28065.55,Healthcare,2026-04-02,0,HIGH,2026-06-10 20:52:12
TXN001605,CUST0467,22286.18,Travel,2026-05-27,0,HIGH,2026-06-10 20:52:12
TXN001606,CUST0224,49740.58,Healthcare,2026-06-09,0,HIGH,2026-06-10 20:52:12
TXN001607,CUST0047,41776.93,Travel,2026-03-27,0,HIGH,2026-06-10 20:52:12
TXN001608,CUST0948,5174.71,Shopping,2026-05-11,0,MEDIUM,2026-06-10 20:52:12
TXN001609,CUST0731,8633.17,Healthcare,2026-06-01,0,MEDIUM,2026-06-10 20:52:12
TXN001610,CUST0777,17298.06,Food,2026-04-03,0,HIGH,2026-06-10 20:52:12
TXN001611,CUST0419,12815.02,Travel,2026-05-27,0,HIGH,2026-06-10 20:52:12
TXN001612,CUST0068,3031.66,Healthcare,2026-02-24,0,LOW,2026-06-10 20:52:12
TXN001613,CUST0198,41490.7,Healthcare,2026-03-01,1,HIGH,2026-06-10 20:52:12
TXN001614,CUST0161,14192.16,Food,2026-01-24,0,HIGH,2026-06-10 20:52:12
TXN001615,CUST0349,7951.28,Healthcare,2026-04-07,0,MEDIUM,2026-06-10 20:52:12
TXN001616,CUST0609,20717.65,Travel,2026-05-12,0,HIGH,2026-06-10 20:52:12
TXN001617,CUST0502,20834.09,Food,2026-02-28,0,HIGH,2026-06-10 20:52:12
TXN001618,CUST0431,41526.46,Shopping,2026-02-17,0,HIGH,2026-06-10 20:52:12
TXN001619,CUST0564,43577.05,Food,2026-06-09,0,HIGH,2026-06-10 20:52:12
TXN001620,CUST0548,19393.37,Shopping,2026-03-22,0,HIGH,2026-06-10 20:52:12
TXN001621,CUST0813,3645.95,Travel,2026-04-13,0,LOW,2026-06-10 20:52:12
TXN001622,CUST0735,6204.54,Food,2026-02-10,0,MEDIUM,2026-06-10 20:52:12
TXN001623,CUST0118,25648.46,Healthcare,2026-03-14,0,HIGH,2026-06-10 20:52:12
TXN001624,CUST0204,2107.0,Healthcare,2026-05-01,0,LOW,2026-06-10 20:52:12
TXN001625,CUST0146,24633.65,Shopping,2026-03-20,0,HIGH,2026-06-10 20:52:12
TXN001626,CUST0966,14939.74,Healthcare,2026-02-25,0,HIGH,2026-06-10 20:52:12
TXN001627,CUST0869,49827.34,Travel,2026-01-20,0,HIGH,2026-06-10 20:52:12
TXN001628,CUST0343,8195.88,Food,2026-04-21,0,MEDIUM,2026-06-10 20:52:12
TXN001629,CUST0677,30546.73,Travel,2026-04-12,0,HIGH,2026-06-10 20:52:12
TXN001630,CUST0127,46855.42,Healthcare,2026-04-15,1,HIGH,2026-06-10 20:52:12
TXN001631,CUST0975,44214.2,Travel,2026-05-26,0,HIGH,2026-06-10 20:52:12
TXN001632,CUST0087,46713.68,Travel,2026-05-21,0,HIGH,2026-06-10 20:52:12
TXN001633,CUST0803,33994.65,Travel,2026-04-17,0,HIGH,2026-06-10 20:52:12
TXN001634,CUST0286,6454.49,Food,2026-05-13,0,MEDIUM,2026-06-10 20:52:12
TXN001635,CUST0754,41104.02,Shopping,2026-04-15,0,HIGH,2026-06-10 20:52:12
TXN001636,CUST0920,25385.24,Travel,2026-04-21,0,HIGH,2026-06-10 20:52:12
TXN001637,CUST0830,40959.11,Travel,2026-01-31,0,HIGH,2026-06-10 20:52:12
TXN001638,CUST0693,29555.74,Healthcare,2026-03-29,0,HIGH,2026-06-10 20:52:12
TXN001639,CUST0406,31759.59,Food,2026-03-12,0,HIGH,2026-06-10 20:52:12
TXN001640,CUST0623,42450.91,Travel,2026-04-30,0,HIGH,2026-06-10 20:52:12
TXN001641,CUST0097,29677.14,Travel,2026-02-17,0,HIGH,2026-06-10 20:52:12
TXN001642,CUST0352,24880.31,Shopping,2026-03-20,0,HIGH,2026-06-10 20:52:12
TXN001643,CUST0716,16803.42,Shopping,2026-04-11,0,HIGH,2026-06-10 20:52:12
TXN001644,CUST0873,11981.48,Shopping,2026-03-09,0,HIGH,2026-06-10 20:52:12
TXN001645,CUST0739,11613.49,Travel,2026-04-11,0,HIGH,2026-06-10 20:52:12
TXN001646,CUST0552,3000.13,Shopping,2026-02-04,0,LOW,2026-06-10 20:52:12
TXN001647,CUST0258,36884.76,Food,2026-05-16,0,HIGH,2026-06-10 20:52:12
TXN001648,CUST0643,35111.55,Travel,2026-02-18,0,HIGH,2026-06-10 20:52:12
TXN001649,CUST0056,8766.0,Healthcare,2026-05-30,0,MEDIUM,2026-06-10 20:52:12
TXN001650,CUST0045,28255.68,Food,2026-05-08,1,HIGH,2026-06-10 20:52:12
TXN001651,CUST0565,7254.08,Healthcare,2026-05-10,0,MEDIUM,2026-06-10 20:52:12
TXN001652,CUST0509,9862.93,Travel,2026-03-04,0,MEDIUM,2026-06-10 20:52:12
TXN001653,CUST0615,14126.41,Shopping,2026-01-14,0,HIGH,2026-06-10 20:52:12
TXN001654,CUST0028,42118.7,Travel,2026-03-18,0,HIGH,2026-06-10 20:52:12
TXN001655,CUST0095,6757.04,Travel,2026-01-19,0,MEDIUM,2026-06-10 20:52:12
TXN001656,CUST0085,4210.63,Healthcare,2026-01-06,0,LOW,2026-06-10 20:52:12
TXN001657,CUST0503,40228.1,Food,2026-05-20,0,HIGH,2026-06-10 20:52:12
TXN001658,CUST0938,7804.25,Travel,2026-06-03,0,MEDIUM,2026-06-10 20:52:12
TXN001659,CUST0561,17538.65,Travel,2026-05-12,0,HIGH,2026-06-10 20:52:12
TXN001660,CUST0225,35323.1,Shopping,2026-03-27,0,HIGH,2026-06-10 20:52:12
TXN001661,CUST0104,6406.01,Shopping,2026-02-22,0,MEDIUM,2026-06-10 20:52:12
TXN001662,CUST0243,48652.73,Shopping,2026-02-28,0,HIGH,2026-06-10 20:52:12
TXN001663,CUST0245,12095.0,Healthcare,2026-03-29,0,HIGH,2026-06-10 20:52:12
TXN001664,CUST0194,11351.08,Food,2026-02-20,0,HIGH,2026-06-10 20:52:12
TXN001665,CUST0197,9120.83,Food,2026-05-27,0,MEDIUM,2026-06-10 20:52:12
TXN001666,CUST0981,12852.33,Travel,2026-01-25,0,HIGH,2026-06-10 20:52:12
TXN001667,CUST0405,37315.62,Shopping,2026-03-14,0,HIGH,2026-06-10 20:52:12
TXN001668,CUST0356,27172.03,Healthcare,2026-03-05,0,HIGH,2026-06-10 20:52:12
TXN001669,CUST0066,23515.63,Food,2026-03-12,0,HIGH,2026-06-10 20:52:12
TXN001670,CUST0370,19299.19,Travel,2026-01-10,0,HIGH,2026-06-10 20:52:12
TXN001671,CUST0482,3481.58,Travel,2026-04-13,0,LOW,2026-06-10 20:52:12
TXN001672,CUST0188,2554.06,Healthcare,2026-01-12,0,LOW,2026-06-10 20:52:12
TXN001673,CUST0869,32766.8,Travel,2026-04-04,0,HIGH,2026-06-10 20:52:12
TXN001674,CUST0041,21936.81,Healthcare,2026-01-19,0,HIGH,2026-06-10 20:52:12
TXN001675,CUST0460,48934.44,Shopping,2026-05-23,0,HIGH,2026-06-10 20:52:12
TXN001676,CUST0519,13030.52,Shopping,2026-01-28,0,HIGH,2026-06-10 20:52:12
TXN001677,CUST0952,13741.17,Food,2026-03-25,0,HIGH,2026-06-10 20:52:12
TXN001678,CUST0451,41214.15,Travel,2026-02-13,0,HIGH,2026-06-10 20:52:12
TXN001679,CUST0813,41560.75,Shopping,2026-05-06,0,HIGH,2026-06-10 20:52:12
TXN001680,CUST0133,47371.7,Healthcare,2026-01-08,0,HIGH,2026-06-10 20:52:12
TXN001681,CUST0234,40411.19,Shopping,2026-01-19,0,HIGH,2026-06-10 20:52:12
TXN001682,CUST0727,5886.37,Healthcare,2026-04-15,0,MEDIUM,2026-06-10 20:52:12
TXN001683,CUST0111,29384.66,Food,2026-04-28,0,HIGH,2026-06-10 20:52:12
TXN001684,CUST0788,17404.95,Shopping,2026-01-28,0,HIGH,2026-06-10 20:52:12
TXN001685,CUST0527,40574.04,Shopping,2026-05-25,0,HIGH,2026-06-10 20:52:12
TXN001686,CUST0647,5488.69,Travel,2026-05-16,0,MEDIUM,2026-06-10 20:52:12
TXN001687,CUST0362,4176.46,Travel,2026-05-03,0,LOW,2026-06-10 20:52:12
TXN001688,CUST0357,44921.79,Food,2026-05-01,0,HIGH,2026-06-10 20:52:12
TXN001689,CUST0746,31592.97,Travel,2026-02-02,0,HIGH,2026-06-10 20:52:12
TXN001690,CUST0279,39156.77,Healthcare,2026-01-19,0,HIGH,2026-06-10 20:52:12
TXN001691,CUST0686,45595.85,Travel,2026-01-07,0,HIGH,2026-06-10 20:52:12
TXN001692,CUST0567,28799.11,Healthcare,2026-02-03,0,HIGH,2026-06-10 20:52:12
TXN001693,CUST0168,32060.51,Shopping,2026-04-26,0,HIGH,2026-06-10 20:52:12
TXN001694,CUST0382,18307.81,Travel,2026-05-20,0,HIGH,2026-06-10 20:52:12
TXN001695,CUST0817,4132.2,Shopping,2026-05-02,0,LOW,2026-06-10 20:52:12
TXN001696,CUST0617,40333.58,Travel,2026-04-07,0,HIGH,2026-06-10 20:52:12
TXN001697,CUST0406,18544.0,Healthcare,2026-04-13,0,HIGH,2026-06-10 20:52:12
TXN001698,CUST0843,31796.83,Shopping,2026-04-22,0,HIGH,2026-06-10 20:52:12
TXN001699,CUST0430,6381.89,Travel,2026-02-20,0,MEDIUM,2026-06-10 20:52:12
TXN001700,CUST0180,21109.11,Healthcare,2026-01-11,0,HIGH,2026-06-10 20:52:12
TXN001701,CUST0924,4245.88,Shopping,2026-04-09,0,LOW,2026-06-10 20:52:12
TXN001702,CUST0894,17728.92,Travel,2026-04-01,0,HIGH,2026-06-10 20:52:12
TXN001703,CUST0948,36530.36,Healthcare,2026-05-18,0,HIGH,2026-06-10 20:52:12
TXN001704,CUST0985,11544.0,Healthcare,2026-03-17,0,HIGH,2026-06-10 20:52:12
TXN001705,CUST0059,5200.48,Travel,2026-01-30,0,MEDIUM,2026-06-10 20:52:12
TXN001706,CUST0633,26034.82,Food,2026-01-23,0,HIGH,2026-06-10 20:52:12
TXN001707,CUST0477,47071.54,Shopping,2026-05-25,0,HIGH,2026-06-10 20:52:12
TXN001708,CUST0249,28527.77,Travel,2026-03-20,0,HIGH,2026-06-10 20:52:12
TXN001709,CUST0325,9102.37,Shopping,2026-03-07,0,MEDIUM,2026-06-10 20:52:12
TXN001710,CUST0348,713.33,Travel,2026-01-19,0,LOW,2026-06-10 20:52:12
TXN001711,CUST0512,19184.1,Food,2026-02-23,0,HIGH,2026-06-10 20:52:12
TXN001712,CUST0338,3487.66,Shopping,2026-04-10,0,LOW,2026-06-10 20:52:12
TXN001713,CUST0115,44270.8,Healthcare,2026-03-11,0,HIGH,2026-06-10 20:52:12
TXN001714,CUST0796,24641.17,Food,2026-03-08,0,HIGH,2026-06-10 20:52:12
TXN001715,CUST0849,30047.42,Shopping,2026-02-14,0,HIGH,2026-06-10 20:52:12
TXN001716,CUST0514,26134.99,Food,2026-03-25,0,HIGH,2026-06-10 20:52:12
TXN001717,CUST0802,33552.3,Travel,2026-04-16,0,HIGH,2026-06-10 20:52:12
TXN001718,CUST0916,16605.37,Shopping,2026-01-01,0,HIGH,2026-06-10 20:52:12
TXN001719,CUST0184,46886.9,Healthcare,2026-03-18,0,HIGH,2026-06-10 20:52:12
TXN001720,CUST0053,4857.69,Travel,2026-01-02,0,LOW,2026-06-10 20:52:12
TXN001721,CUST0270,2225.24,Healthcare,2026-01-04,0,LOW,2026-06-10 20:52:12
TXN001722,CUST0061,25165.47,Healthcare,2026-03-31,0,HIGH,2026-06-10 20:52:12
TXN001723,CUST0423,33242.85,Travel,2026-05-01,0,HIGH,2026-06-10 20:52:12
TXN001724,CUST0073,23784.04,Travel,2026-05-19,0,HIGH,2026-06-10 20:52:12
TXN001725,CUST0535,42249.24,Healthcare,2026-05-02,0,HIGH,2026-06-10 20:52:12
TXN001726,CUST0998,26837.94,Shopping,2026-06-06,0,HIGH,2026-06-10 20:52:12
TXN001727,CUST0766,46329.58,Travel,2026-01-17,0,HIGH,2026-06-10 20:52:12
TXN001728,CUST0144,22476.76,Shopping,2026-05-26,0,HIGH,2026-06-10 20:52:12
TXN001729,CUST0240,13034.59,Food,2026-02-27,0,HIGH,2026-06-10 20:52:12
TXN001730,CUST0274,2238.09,Shopping,2026-01-29,0,LOW,2026-06-10 20:52:12
TXN001731,CUST0175,43164.16,Food,2026-05-26,0,HIGH,2026-06-10 20:52:12
TXN001732,CUST0158,12467.09,Healthcare,2026-04-06,0,HIGH,2026-06-10 20:52:12
TXN001733,CUST0409,19014.0,Travel,2026-04-13,0,HIGH,2026-06-10 20:52:12
TXN001734,CUST0599,36569.28,Food,2026-04-01,0,HIGH,2026-06-10 20:52:12
TXN001735,CUST0399,23326.5,Travel,2026-04-09,0,HIGH,2026-06-10 20:52:12
TXN001736,CUST0165,45153.16,Healthcare,2026-04-26,0,HIGH,2026-06-10 20:52:12
TXN001737,CUST0782,20820.63,Shopping,2026-01-16,0,HIGH,2026-06-10 20:52:12
TXN001738,CUST0176,44858.7,Healthcare,2026-05-08,0,HIGH,2026-06-10 20:52:12
TXN001739,CUST0370,43980.65,Healthcare,2026-02-20,0,HIGH,2026-06-10 20:52:12
TXN001740,CUST0162,28867.42,Food,2026-04-25,0,HIGH,2026-06-10 20:52:12
TXN001741,CUST0786,39386.0,Shopping,2026-04-03,0,HIGH,2026-06-10 20:52:12
TXN001742,CUST0709,3413.98,Food,2026-02-26,0,LOW,2026-06-10 20:52:12
TXN001743,CUST0684,5481.65,Travel,2026-01-01,0,MEDIUM,2026-06-10 20:52:12
TXN001744,CUST0049,12978.9,Healthcare,2026-03-25,0,HIGH,2026-06-10 20:52:12
TXN001745,CUST0819,27300.2,Travel,2026-03-03,0,HIGH,2026-06-10 20:52:12
TXN001746,CUST0513,49315.04,Food,2026-05-27,0,HIGH,2026-06-10 20:52:12
TXN001747,CUST0398,11403.93,Healthcare,2026-05-24,0,HIGH,2026-06-10 20:52:12
TXN001748,CUST0784,26059.56,Healthcare,2026-04-14,0,HIGH,2026-06-10 20:52:12
TXN001749,CUST0651,18663.47,Travel,2026-05-31,0,HIGH,2026-06-10 20:52:12
TXN001750,CUST0278,12191.12,Shopping,2026-01-14,0,HIGH,2026-06-10 20:52:12
TXN001751,CUST0663,10393.43,Healthcare,2026-02-07,0,HIGH,2026-06-10 20:52:12
TXN001752,CUST0685,15135.97,Shopping,2026-05-06,0,HIGH,2026-06-10 20:52:12
TXN001753,CUST0040,20572.71,Healthcare,2026-04-16,0,HIGH,2026-06-10 20:52:12
TXN001754,CUST0337,42642.27,Food,2026-03-28,0,HIGH,2026-06-10 20:52:12
TXN001755,CUST0819,16366.13,Shopping,2026-01-18,0,HIGH,2026-06-10 20:52:12
TXN001756,CUST0938,40774.1,Travel,2026-05-06,0,HIGH,2026-06-10 20:52:12
TXN001757,CUST0117,49666.96,Travel,2026-04-29,0,HIGH,2026-06-10 20:52:12
TXN001758,CUST0179,33627.89,Shopping,2026-01-29,0,HIGH,2026-06-10 20:52:12
TXN001759,CUST0170,34504.69,Travel,2026-05-21,0,HIGH,2026-06-10 20:52:12
TXN001760,CUST0848,15491.03,Shopping,2026-03-05,0,HIGH,2026-06-10 20:52:12
TXN001761,CUST0809,16801.95,Travel,2026-06-02,0,HIGH,2026-06-10 20:52:12
TXN001762,CUST0194,7895.92,Food,2026-03-05,0,MEDIUM,2026-06-10 20:52:12
TXN001763,CUST0602,47.7,Travel,2026-06-09,0,LOW,2026-06-10 20:52:12
TXN001764,CUST0369,27805.34,Healthcare,2026-05-04,0,HIGH,2026-06-10 20:52:12
TXN001765,CUST0509,42966.42,Shopping,2026-01-03,0,HIGH,2026-06-10 20:52:12
TXN001766,CUST0621,130.35,Healthcare,2026-03-27,0,LOW,2026-06-10 20:52:12
TXN001767,CUST0640,47062.93,Shopping,2026-02-27,0,HIGH,2026-06-10 20:52:12
TXN001768,CUST0506,12376.8,Healthcare,2026-03-25,0,HIGH,2026-06-10 20:52:12
TXN001769,CUST0944,42448.22,Travel,2026-04-25,0,HIGH,2026-06-10 20:52:12
TXN001770,CUST0324,15507.29,Travel,2026-01-13,0,HIGH,2026-06-10 20:52:12
TXN001771,CUST0777,43276.85,Shopping,2026-03-26,0,HIGH,2026-06-10 20:52:12
TXN001772,CUST0716,14703.93,Travel,2026-05-01,0,HIGH,2026-06-10 20:52:12
TXN001773,CUST0527,20576.31,Food,2026-01-08,0,HIGH,2026-06-10 20:52:12
TXN001774,CUST0341,36219.06,Travel,2026-04-26,0,HIGH,2026-06-10 20:52:12
TXN001775,CUST0947,39338.35,Healthcare,2026-03-13,0,HIGH,2026-06-10 20:52:12
TXN001776,CUST0871,10323.88,Shopping,2026-05-02,0,HIGH,2026-06-10 20:52:12
TXN001777,CUST0521,19482.05,Shopping,2026-03-29,0,HIGH,2026-06-10 20:52:12
TXN001778,CUST0963,37820.2,Healthcare,2026-05-08,0,HIGH,2026-06-10 20:52:12
TXN001779,CUST0572,23101.4,Travel,2026-03-08,0,HIGH,2026-06-10 20:52:12
TXN001780,CUST0131,17313.22,Travel,2026-06-03,0,HIGH,2026-06-10 20:52:12
TXN001781,CUST0853,32735.27,Food,2026-06-08,0,HIGH,2026-06-10 20:52:12
TXN001782,CUST0490,37601.53,Healthcare,2026-05-06,0,HIGH,2026-06-10 20:52:12
TXN001783,CUST0531,18848.84,Food,2026-01-13,0,HIGH,2026-06-10 20:52:12
TXN001784,CUST0670,9332.77,Food,2026-03-09,0,MEDIUM,2026-06-10 20:52:12
TXN001785,CUST0347,22382.43,Healthcare,2026-01-26,0,HIGH,2026-06-10 20:52:12
TXN001786,CUST0612,15474.41,Shopping,2026-04-07,0,HIGH,2026-06-10 20:52:12
TXN001787,CUST0293,5508.43,Travel,2026-05-12,0,MEDIUM,2026-06-10 20:52:12
TXN001788,CUST0449,47718.05,Food,2026-03-08,0,HIGH,2026-06-10 20:52:12
TXN001789,CUST0143,38037.27,Travel,2026-04-19,0,HIGH,2026-06-10 20:52:12
TXN001790,CUST0394,8172.63,Food,2026-02-23,0,MEDIUM,2026-06-10 20:52:12
TXN001791,CUST0721,290.86,Travel,2026-01-25,0,LOW,2026-06-10 20:52:12
TXN001792,CUST0076,4109.87,Shopping,2026-05-17,0,LOW,2026-06-10 20:52:12
TXN001793,CUST0643,12298.54,Shopping,2026-01-14,0,HIGH,2026-06-10 20:52:12
TXN001794,CUST0701,13147.69,Healthcare,2026-05-18,0,HIGH,2026-06-10 20:52:12
TXN001795,CUST0531,17141.06,Travel,2026-06-08,0,HIGH,2026-06-10 20:52:12
TXN001796,CUST0791,47916.59,Healthcare,2026-02-22,0,HIGH,2026-06-10 20:52:12
TXN001797,CUST0370,41877.0,Food,2026-02-27,0,HIGH,2026-06-10 20:52:12
TXN001798,CUST0557,15999.5,Travel,2026-05-31,0,HIGH,2026-06-10 20:52:12
TXN001799,CUST0926,8262.03,Food,2026-03-11,0,MEDIUM,2026-06-10 20:52:12
TXN001800,CUST0833,17440.31,Healthcare,2026-02-10,0,HIGH,2026-06-10 20:52:12
TXN001801,CUST0519,28781.63,Shopping,2026-05-06,0,HIGH,2026-06-10 20:52:12
TXN001802,CUST0760,22164.1,Healthcare,2026-02-11,0,HIGH,2026-06-10 20:52:12
TXN001803,CUST0215,9852.76,Food,2026-06-05,0,MEDIUM,2026-06-10 20:52:12
TXN001804,CUST0489,48022.13,Travel,2026-03-30,0,HIGH,2026-06-10 20:52:12
TXN001805,CUST0695,32748.82,Travel,2026-04-03,0,HIGH,2026-06-10 20:52:12
TXN001806,CUST0079,23618.82,Healthcare,2026-02-05,0,HIGH,2026-06-10 20:52:12
TXN001807,CUST0774,17337.95,Shopping,2026-03-13,0,HIGH,2026-06-10 20:52:12
TXN001808,CUST0685,38259.78,Shopping,2026-03-20,1,HIGH,2026-06-10 20:52:12
TXN001809,CUST0697,5982.36,Healthcare,2026-04-23,0,MEDIUM,2026-06-10 20:52:12
TXN001810,CUST0345,10862.68,Travel,2026-04-13,0,HIGH,2026-06-10 20:52:12
TXN001811,CUST0089,6793.47,Shopping,2026-03-05,0,MEDIUM,2026-06-10 20:52:12
TXN001812,CUST0256,20630.35,Travel,2026-01-13,0,HIGH,2026-06-10 20:52:12
TXN001813,CUST0939,38031.59,Food,2026-06-08,0,HIGH,2026-06-10 20:52:12
TXN001814,CUST0091,40617.71,Healthcare,2026-03-03,0,HIGH,2026-06-10 20:52:12
TXN001815,CUST0521,19850.01,Healthcare,2026-01-20,0,HIGH,2026-06-10 20:52:12
TXN001816,CUST0597,44209.26,Healthcare,2026-05-05,0,HIGH,2026-06-10 20:52:12
TXN001817,CUST0515,14787.31,Healthcare,2026-01-02,0,HIGH,2026-06-10 20:52:12
TXN001818,CUST0611,13491.38,Healthcare,2026-04-30,0,HIGH,2026-06-10 20:52:12
TXN001819,CUST0778,40939.9,Shopping,2026-05-09,0,HIGH,2026-06-10 20:52:12
TXN001820,CUST0811,40562.4,Food,2026-03-07,0,HIGH,2026-06-10 20:52:12
TXN001821,CUST0138,29456.32,Healthcare,2026-03-23,0,HIGH,2026-06-10 20:52:12
TXN001822,CUST0534,9767.58,Travel,2026-03-03,0,MEDIUM,2026-06-10 20:52:12
TXN001823,CUST0910,31669.04,Healthcare,2026-02-03,0,HIGH,2026-06-10 20:52:12
TXN001824,CUST0510,13774.46,Shopping,2026-02-05,0,HIGH,2026-06-10 20:52:12
TXN001825,CUST0424,49110.86,Travel,2026-04-10,0,HIGH,2026-06-10 20:52:12
TXN001826,CUST0001,35830.82,Food,2026-06-06,0,HIGH,2026-06-10 20:52:12
TXN001827,CUST0992,8441.25,Travel,2026-01-10,0,MEDIUM,2026-06-10 20:52:12
TXN001828,CUST0748,16656.88,Travel,2026-05-02,0,HIGH,2026-06-10 20:52:12
TXN001829,CUST0618,137.32,Food,2026-03-13,0,LOW,2026-06-10 20:52:12
TXN001830,CUST0078,15062.34,Shopping,2026-02-02,0,HIGH,2026-06-10 20:52:12
TXN001831,CUST0105,43278.51,Food,2026-02-15,0,HIGH,2026-06-10 20:52:12
TXN001832,CUST0569,5031.31,Travel,2026-01-23,0,MEDIUM,2026-06-10 20:52:12
TXN001833,CUST0640,44199.97,Healthcare,2026-02-15,0,HIGH,2026-06-10 20:52:12
TXN001834,CUST0751,836.79,Travel,2026-04-13,0,LOW,2026-06-10 20:52:12
TXN001835,CUST0177,7063.54,Travel,2026-03-07,0,MEDIUM,2026-06-10 20:52:12
TXN001836,CUST0104,39862.11,Travel,2026-03-12,0,HIGH,2026-06-10 20:52:12
TXN001837,CUST0917,28849.51,Food,2026-01-26,0,HIGH,2026-06-10 20:52:12
TXN001838,CUST0169,44569.31,Healthcare,2026-03-07,0,HIGH,2026-06-10 20:52:12
TXN001839,CUST0528,11565.81,Healthcare,2026-03-12,0,HIGH,2026-06-10 20:52:12
TXN001840,CUST0872,3060.53,Healthcare,2026-01-21,0,LOW,2026-06-10 20:52:12
TXN001841,CUST0068,15395.23,Travel,2026-02-08,0,HIGH,2026-06-10 20:52:12
TXN001842,CUST0248,675.0,Healthcare,2026-02-09,0,LOW,2026-06-10 20:52:12
TXN001843,CUST0571,34036.31,Shopping,2026-04-13,0,HIGH,2026-06-10 20:52:12
TXN001844,CUST0995,9815.32,Travel,2026-01-01,0,MEDIUM,2026-06-10 20:52:12
TXN001845,CUST0940,47867.28,Shopping,2026-04-01,0,HIGH,2026-06-10 20:52:12
TXN001846,CUST0790,34863.86,Travel,2026-03-30,0,HIGH,2026-06-10 20:52:12
TXN001847,CUST0007,26538.49,Healthcare,2026-05-22,0,HIGH,2026-06-10 20:52:12
TXN001848,CUST0902,40748.58,Shopping,2026-01-13,0,HIGH,2026-06-10 20:52:12
TXN001849,CUST0541,27943.42,Shopping,2026-04-28,0,HIGH,2026-06-10 20:52:12
TXN001850,CUST0966,31728.69,Food,2026-02-06,1,HIGH,2026-06-10 20:52:12
TXN001851,CUST0398,14176.86,Healthcare,2026-01-20,0,HIGH,2026-06-10 20:52:12
TXN001852,CUST0443,22975.62,Travel,2026-04-25,0,HIGH,2026-06-10 20:52:12
TXN001853,CUST0369,19068.64,Shopping,2026-05-25,0,HIGH,2026-06-10 20:52:12
TXN001854,CUST0691,49221.29,Shopping,2026-01-29,0,HIGH,2026-06-10 20:52:12
TXN001855,CUST0721,7800.69,Shopping,2026-04-23,0,MEDIUM,2026-06-10 20:52:12
TXN001856,CUST0949,12140.64,Healthcare,2026-05-16,0,HIGH,2026-06-10 20:52:12
TXN001857,CUST0049,27326.56,Food,2026-06-05,0,HIGH,2026-06-10 20:52:12
TXN001858,CUST0446,33972.3,Shopping,2026-02-28,0,HIGH,2026-06-10 20:52:12
TXN001859,CUST0269,381.79,Healthcare,2026-06-04,0,LOW,2026-06-10 20:52:12
TXN001860,CUST0855,31209.42,Food,2026-04-13,0,HIGH,2026-06-10 20:52:12
TXN001861,CUST0721,9112.36,Food,2026-03-22,0,MEDIUM,2026-06-10 20:52:12
TXN001862,CUST0071,23261.9,Healthcare,2026-06-06,0,HIGH,2026-06-10 20:52:12
TXN001863,CUST0105,12501.57,Shopping,2026-05-17,0,HIGH,2026-06-10 20:52:12
TXN001864,CUST0095,8089.42,Travel,2026-04-30,0,MEDIUM,2026-06-10 20:52:12
TXN001865,CUST0237,48126.18,Food,2026-04-19,0,HIGH,2026-06-10 20:52:12
TXN001866,CUST0292,45347.42,Shopping,2026-03-28,0,HIGH,2026-06-10 20:52:12
TXN001867,CUST0405,49158.65,Shopping,2026-01-31,0,HIGH,2026-06-10 20:52:12
TXN001868,CUST0421,48662.9,Food,2026-01-09,0,HIGH,2026-06-10 20:52:12
TXN001869,CUST0521,34160.88,Healthcare,2026-01-13,0,HIGH,2026-06-10 20:52:12
TXN001870,CUST0647,16788.13,Shopping,2026-04-07,0,HIGH,2026-06-10 20:52:12
TXN001871,CUST0110,40180.42,Shopping,2026-02-02,0,HIGH,2026-06-10 20:52:12
TXN001872,CUST0721,33062.06,Food,2026-01-30,0,HIGH,2026-06-10 20:52:12
TXN001873,CUST0743,27768.06,Travel,2026-05-02,0,HIGH,2026-06-10 20:52:12
TXN001874,CUST0663,7529.6,Shopping,2026-06-05,0,MEDIUM,2026-06-10 20:52:12
TXN001875,CUST0737,23911.83,Healthcare,2026-03-21,0,HIGH,2026-06-10 20:52:12
TXN001876,CUST0643,3728.3,Shopping,2026-05-07,0,LOW,2026-06-10 20:52:12
TXN001877,CUST0383,26274.7,Food,2026-02-28,0,HIGH,2026-06-10 20:52:12
TXN001878,CUST0616,17728.15,Food,2026-05-23,0,HIGH,2026-06-10 20:52:12
TXN001879,CUST0152,6452.72,Healthcare,2026-04-02,0,MEDIUM,2026-06-10 20:52:12
TXN001880,CUST0373,13666.62,Food,2026-03-14,0,HIGH,2026-06-10 20:52:12
TXN001881,CUST0543,44708.1,Healthcare,2026-05-27,0,HIGH,2026-06-10 20:52:12
TXN001882,CUST0893,6419.93,Travel,2026-02-01,0,MEDIUM,2026-06-10 20:52:12
TXN001883,CUST0936,18086.33,Shopping,2026-05-03,0,HIGH,2026-06-10 20:52:12
TXN001884,CUST0684,17542.87,Food,2026-01-27,0,HIGH,2026-06-10 20:52:12
TXN001885,CUST0735,24725.48,Healthcare,2026-02-10,0,HIGH,2026-06-10 20:52:12
TXN001886,CUST0489,28006.88,Shopping,2026-02-12,0,HIGH,2026-06-10 20:52:12
TXN001887,CUST0552,43137.63,Food,2026-05-29,0,HIGH,2026-06-10 20:52:12
TXN001888,CUST0913,24053.19,Healthcare,2026-06-07,0,HIGH,2026-06-10 20:52:12
TXN001889,CUST0664,30465.64,Travel,2026-04-18,0,HIGH,2026-06-10 20:52:12
TXN001890,CUST0450,11040.65,Healthcare,2026-04-09,0,HIGH,2026-06-10 20:52:12
TXN001891,CUST0807,2654.44,Travel,2026-01-29,0,LOW,2026-06-10 20:52:12
TXN001892,CUST0977,504.33,Healthcare,2026-03-28,0,LOW,2026-06-10 20:52:12
TXN001893,CUST0355,19505.55,Shopping,2026-05-01,0,HIGH,2026-06-10 20:52:12
TXN001894,CUST0341,31554.33,Healthcare,2026-06-04,0,HIGH,2026-06-10 20:52:12
TXN001895,CUST0412,6021.17,Shopping,2026-05-20,0,MEDIUM,2026-06-10 20:52:12
TXN001896,CUST0770,2992.8,Shopping,2026-06-05,0,LOW,2026-06-10 20:52:12
TXN001897,CUST0306,41861.1,Shopping,2026-02-07,0,HIGH,2026-06-10 20:52:12
TXN001898,CUST0550,169.29,Food,2026-01-29,0,LOW,2026-06-10 20:52:12
TXN001899,CUST0799,33819.22,Food,2026-03-29,0,HIGH,2026-06-10 20:52:12
TXN001900,CUST0559,38450.83,Healthcare,2026-05-09,0,HIGH,2026-06-10 20:52:12
TXN001901,CUST0835,3027.42,Healthcare,2026-02-18,0,LOW,2026-06-10 20:52:12
TXN001902,CUST0418,4744.95,Food,2026-01-16,0,LOW,2026-06-10 20:52:12
TXN001903,CUST0218,7459.17,Healthcare,2026-05-01,0,MEDIUM,2026-06-10 20:52:12
TXN001904,CUST0295,33736.26,Healthcare,2026-05-15,1,HIGH,2026-06-10 20:52:12
TXN001905,CUST0854,49552.39,Healthcare,2026-01-21,0,HIGH,2026-06-10 20:52:12
TXN001906,CUST0942,27886.46,Travel,2026-04-07,0,HIGH,2026-06-10 20:52:12
TXN001907,CUST0049,48414.19,Travel,2026-04-25,0,HIGH,2026-06-10 20:52:12
TXN001908,CUST0216,24317.04,Shopping,2026-03-10,0,HIGH,2026-06-10 20:52:12
TXN001909,CUST0647,3587.53,Shopping,2026-05-02,0,LOW,2026-06-10 20:52:12
TXN001910,CUST0824,37538.47,Travel,2026-03-19,0,HIGH,2026-06-10 20:52:12
TXN001911,CUST0010,2054.06,Travel,2026-02-21,0,LOW,2026-06-10 20:52:12
TXN001912,CUST0754,12128.67,Healthcare,2026-05-17,0,HIGH,2026-06-10 20:52:12
TXN001913,CUST0679,14524.79,Shopping,2026-04-21,0,HIGH,2026-06-10 20:52:12
TXN001914,CUST0627,4397.4,Food,2026-05-01,0,LOW,2026-06-10 20:52:12
TXN001915,CUST0084,17302.72,Healthcare,2026-03-03,0,HIGH,2026-06-10 20:52:12
TXN001916,CUST0793,33931.06,Healthcare,2026-01-29,0,HIGH,2026-06-10 20:52:12
TXN001917,CUST0230,23118.79,Healthcare,2026-05-06,0,HIGH,2026-06-10 20:52:12
TXN001918,CUST0864,4907.02,Healthcare,2026-01-22,0,LOW,2026-06-10 20:52:12
TXN001919,CUST0230,39566.43,Healthcare,2026-05-03,0,HIGH,2026-06-10 20:52:12
TXN001920,CUST0096,31168.96,Food,2026-02-13,0,HIGH,2026-06-10 20:52:12
TXN001921,CUST0205,20908.66,Food,2026-05-01,0,HIGH,2026-06-10 20:52:12
TXN001922,CUST0170,47559.75,Shopping,2026-04-08,0,HIGH,2026-06-10 20:52:12
TXN001923,CUST0228,29391.47,Shopping,2026-04-17,0,HIGH,2026-06-10 20:52:12
TXN001924,CUST0352,8817.41,Food,2026-02-11,0,MEDIUM,2026-06-10 20:52:12
TXN001925,CUST0572,8340.12,Healthcare,2026-01-17,0,MEDIUM,2026-06-10 20:52:12
TXN001926,CUST0209,41631.13,Food,2026-02-06,0,HIGH,2026-06-10 20:52:12
TXN001927,CUST0975,49605.1,Shopping,2026-06-08,0,HIGH,2026-06-10 20:52:12
TXN001928,CUST0211,17836.53,Healthcare,2026-04-22,0,HIGH,2026-06-10 20:52:12
TXN001929,CUST0204,6028.86,Healthcare,2026-05-19,0,MEDIUM,2026-06-10 20:52:12
TXN001930,CUST0478,13901.22,Travel,2026-01-21,1,HIGH,2026-06-10 20:52:12
TXN001931,CUST0261,25408.23,Healthcare,2026-03-14,0,HIGH,2026-06-10 20:52:12
TXN001932,CUST0517,12224.34,Healthcare,2026-01-09,0,HIGH,2026-06-10 20:52:12
TXN001933,CUST0120,37108.91,Shopping,2026-05-06,0,HIGH,2026-06-10 20:52:12
TXN001934,CUST0057,41220.92,Healthcare,2026-05-31,0,HIGH,2026-06-10 20:52:12
TXN001935,CUST0424,13861.26,Food,2026-03-25,0,HIGH,2026-06-10 20:52:12
TXN001936,CUST0553,8367.34,Food,2026-03-19,0,MEDIUM,2026-06-10 20:52:12
TXN001937,CUST0686,22571.36,Food,2026-01-04,0,HIGH,2026-06-10 20:52:12
TXN001938,CUST0741,27302.1,Travel,2026-03-30,0,HIGH,2026-06-10 20:52:12
TXN001939,CUST0219,35735.81,Shopping,2026-06-08,0,HIGH,2026-06-10 20:52:12
TXN001940,CUST0188,42086.99,Shopping,2026-01-13,0,HIGH,2026-06-10 20:52:12
TXN001941,CUST0398,29468.36,Shopping,2026-04-13,0,HIGH,2026-06-10 20:52:12
TXN001942,CUST0973,26427.99,Healthcare,2026-03-04,0,HIGH,2026-06-10 20:52:12
TXN001943,CUST0456,16407.76,Travel,2026-03-03,0,HIGH,2026-06-10 20:52:12
TXN001944,CUST0686,27022.36,Shopping,2026-02-17,0,HIGH,2026-06-10 20:52:12
TXN001945,CUST0746,10146.73,Healthcare,2026-01-13,0,HIGH,2026-06-10 20:52:12
TXN001946,CUST0239,8024.78,Healthcare,2026-04-15,0,MEDIUM,2026-06-10 20:52:12
TXN001947,CUST0838,28104.88,Food,2026-03-29,0,HIGH,2026-06-10 20:52:12
TXN001948,CUST0523,12896.73,Food,2026-04-30,0,HIGH,2026-06-10 20:52:12
TXN001949,CUST0347,38157.86,Food,2026-04-13,0,HIGH,2026-06-10 20:52:12
TXN001950,CUST0885,140.59,Healthcare,2026-04-19,0,LOW,2026-06-10 20:52:12
TXN001951,CUST0832,2860.4,Healthcare,2026-05-23,0,LOW,2026-06-10 20:52:12
TXN001952,CUST0427,21077.24,Shopping,2026-01-11,0,HIGH,2026-06-10 20:52:12
TXN001953,CUST0776,27002.26,Travel,2026-01-21,0,HIGH,2026-06-10 20:52:12
TXN001954,CUST0959,13433.17,Shopping,2026-01-22,0,HIGH,2026-06-10 20:52:12
TXN001955,CUST0834,22852.04,Travel,2026-05-30,0,HIGH,2026-06-10 20:52:12
TXN001956,CUST0180,18725.15,Food,2026-01-25,0,HIGH,2026-06-10 20:52:12
TXN001957,CUST0930,33392.06,Shopping,2026-03-23,0,HIGH,2026-06-10 20:52:12
TXN001958,CUST0103,8411.6,Food,2026-03-14,0,MEDIUM,2026-06-10 20:52:12
TXN001959,CUST0154,34201.85,Shopping,2026-03-04,0,HIGH,2026-06-10 20:52:12
TXN001960,CUST0789,26786.46,Shopping,2026-04-14,0,HIGH,2026-06-10 20:52:12
TXN001961,CUST0993,2880.84,Travel,2026-01-22,0,LOW,2026-06-10 20:52:12
TXN001962,CUST0757,21354.03,Shopping,2026-03-27,0,HIGH,2026-06-10 20:52:12
TXN001963,CUST0507,3832.81,Travel,2026-04-28,0,LOW,2026-06-10 20:52:12
TXN001964,CUST0009,22067.45,Healthcare,2026-03-21,0,HIGH,2026-06-10 20:52:12
TXN001965,CUST0293,31703.78,Healthcare,2026-01-15,0,HIGH,2026-06-10 20:52:12
TXN001966,CUST0579,40363.84,Food,2026-02-26,0,HIGH,2026-06-10 20:52:12
TXN001967,CUST0186,19628.89,Travel,2026-04-16,1,HIGH,2026-06-10 20:52:12
TXN001968,CUST0875,5725.49,Food,2026-02-06,0,MEDIUM,2026-06-10 20:52:12
TXN001969,CUST0423,38178.47,Food,2026-03-02,0,HIGH,2026-06-10 20:52:12
TXN001970,CUST0683,43147.23,Healthcare,2026-02-28,0,HIGH,2026-06-10 20:52:12
TXN001971,CUST0408,10040.16,Food,2026-01-22,0,HIGH,2026-06-10 20:52:12
TXN001972,CUST0742,29111.01,Travel,2026-03-21,0,HIGH,2026-06-10 20:52:12
TXN001973,CUST0779,18128.19,Shopping,2026-06-02,0,HIGH,2026-06-10 20:52:12
TXN001974,CUST0737,34945.54,Healthcare,2026-02-27,0,HIGH,2026-06-10 20:52:12
TXN001975,CUST0533,9406.77,Food,2026-01-09,0,MEDIUM,2026-06-10 20:52:12
TXN001976,CUST0199,14867.37,Travel,2026-05-15,0,HIGH,2026-06-10 20:52:12
TXN001977,CUST0068,39086.97,Travel,2026-01-14,0,HIGH,2026-06-10 20:52:12
TXN001978,CUST0699,24695.67,Food,2026-03-31,0,HIGH,2026-06-10 20:52:12
TXN001979,CUST0044,13789.65,Healthcare,2026-05-20,0,HIGH,2026-06-10 20:52:12
TXN001980,CUST0592,16515.77,Shopping,2026-04-13,0,HIGH,2026-06-10 20:52:12
TXN001981,CUST0381,36471.54,Healthcare,2026-04-03,0,HIGH,2026-06-10 20:52:12
TXN001982,CUST0850,3036.38,Shopping,2026-02-11,0,LOW,2026-06-10 20:52:12
TXN001983,CUST0474,2061.07,Healthcare,2026-04-26,0,LOW,2026-06-10 20:52:12
TXN001984,CUST0721,10106.93,Healthcare,2026-02-20,0,HIGH,2026-06-10 20:52:12
TXN001985,CUST0110,16176.87,Travel,2026-04-24,0,HIGH,2026-06-10 20:52:12
TXN001986,CUST0695,677.27,Shopping,2026-02-01,0,LOW,2026-06-10 20:52:12
TXN001987,CUST0599,40454.46,Food,2026-03-26,0,HIGH,2026-06-10 20:52:12
TXN001988,CUST0433,14391.95,Travel,2026-03-27,0,HIGH,2026-06-10 20:52:12
TXN001989,CUST0550,20214.28,Food,2026-05-04,0,HIGH,2026-06-10 20:52:12
TXN001990,CUST0834,6959.26,Food,2026-01-23,0,MEDIUM,2026-06-10 20:52:12
TXN001991,CUST0187,46266.47,Shopping,2026-04-21,0,HIGH,2026-06-10 20:52:12
TXN001992,CUST0265,19917.58,Travel,2026-05-11,0,HIGH,2026-06-10 20:52:12
TXN001993,CUST0537,44216.44,Healthcare,2026-05-16,0,HIGH,2026-06-10 20:52:12
TXN001994,CUST0802,28185.31,Travel,2026-01-14,0,HIGH,2026-06-10 20:52:12
TXN001995,CUST0642,41079.23,Travel,2026-05-29,0,HIGH,2026-06-10 20:52:12
TXN001996,CUST0698,12298.55,Food,2026-02-09,0,HIGH,2026-06-10 20:52:12
TXN001997,CUST0925,49221.06,Healthcare,2026-06-01,0,HIGH,2026-06-10 20:52:12
TXN001998,CUST0963,38731.68,Food,2026-03-09,0,HIGH,2026-06-10 20:52:12
TXN001999,CUST0589,43256.16,Healthcare,2026-06-07,0,HIGH,2026-06-10 20:52:12
TXN002000,CUST0614,33952.75,Healthcare,2026-04-28,0,HIGH,2026-06-10 20:52:12
TXN002001,CUST0800,8348.16,Food,2026-05-22,0,MEDIUM,2026-06-10 20:52:12
TXN002002,CUST0259,29728.85,Travel,2026-04-20,0,HIGH,2026-06-10 20:52:12
TXN002003,CUST0427,3659.17,Food,2026-05-13,0,LOW,2026-06-10 20:52:12
TXN002004,CUST0497,2805.89,Food,2026-03-05,0,LOW,2026-06-10 20:52:12
TXN002005,CUST0380,27988.6,Travel,2026-04-29,0,HIGH,2026-06-10 20:52:12
TXN002006,CUST0920,6607.8,Healthcare,2026-01-23,0,MEDIUM,2026-06-10 20:52:12
TXN002007,CUST0089,34063.1,Healthcare,2026-03-31,0,HIGH,2026-06-10 20:52:12
TXN002008,CUST0300,8066.48,Shopping,2026-04-19,0,MEDIUM,2026-06-10 20:52:12
TXN002009,CUST0114,34397.85,Food,2026-06-01,0,HIGH,2026-06-10 20:52:12
TXN002010,CUST0336,43905.5,Travel,2026-06-06,0,HIGH,2026-06-10 20:52:12
TXN002011,CUST0936,18179.22,Travel,2026-02-27,0,HIGH,2026-06-10 20:52:12
TXN002012,CUST0663,10751.3,Food,2026-02-05,0,HIGH,2026-06-10 20:52:12
TXN002013,CUST0396,22465.91,Healthcare,2026-02-23,0,HIGH,2026-06-10 20:52:12
TXN002014,CUST0554,8456.96,Food,2026-04-03,0,MEDIUM,2026-06-10 20:52:12
TXN002015,CUST0416,37986.73,Travel,2026-02-24,0,HIGH,2026-06-10 20:52:12
TXN002016,CUST0224,8674.51,Shopping,2026-04-21,0,MEDIUM,2026-06-10 20:52:12
TXN002017,CUST0655,2085.19,Shopping,2026-01-08,0,LOW,2026-06-10 20:52:12
TXN002018,CUST0670,41793.65,Food,2026-06-03,0,HIGH,2026-06-10 20:52:12
TXN002019,CUST0546,43066.64,Travel,2026-01-11,0,HIGH,2026-06-10 20:52:12
TXN002020,CUST0974,23832.13,Healthcare,2026-01-08,0,HIGH,2026-06-10 20:52:12
TXN002021,CUST0727,28143.67,Healthcare,2026-06-03,0,HIGH,2026-06-10 20:52:12
TXN002022,CUST0661,36034.13,Shopping,2026-05-03,1,HIGH,2026-06-10 20:52:12
TXN002023,CUST0288,38197.82,Food,2026-02-23,1,HIGH,2026-06-10 20:52:12
TXN002024,CUST0838,1850.49,Shopping,2026-03-28,0,LOW,2026-06-10 20:52:12
TXN002025,CUST0498,6719.78,Healthcare,2026-05-26,0,MEDIUM,2026-06-10 20:52:12
TXN002026,CUST0251,27474.0,Healthcare,2026-05-01,0,HIGH,2026-06-10 20:52:12
TXN002027,CUST0473,4664.56,Shopping,2026-03-01,0,LOW,2026-06-10 20:52:12
TXN002028,CUST0972,21220.26,Shopping,2026-04-11,0,HIGH,2026-06-10 20:52:12
TXN002029,CUST0365,40991.69,Healthcare,2026-02-27,0,HIGH,2026-06-10 20:52:12
TXN002030,CUST0264,2929.12,Shopping,2026-01-05,0,LOW,2026-06-10 20:52:12
TXN002031,CUST0518,19338.44,Food,2026-02-01,0,HIGH,2026-06-10 20:52:12
TXN002032,CUST0079,28277.2,Shopping,2026-01-08,0,HIGH,2026-06-10 20:52:12
TXN002033,CUST0039,16927.36,Healthcare,2026-04-30,0,HIGH,2026-06-10 20:52:12
TXN002034,CUST0573,14367.97,Travel,2026-05-02,0,HIGH,2026-06-10 20:52:12
TXN002035,CUST0862,20533.36,Shopping,2026-01-18,0,HIGH,2026-06-10 20:52:12
TXN002036,CUST0124,33006.05,Food,2026-04-17,0,HIGH,2026-06-10 20:52:12
TXN002037,CUST0988,45249.86,Travel,2026-05-09,0,HIGH,2026-06-10 20:52:12
TXN002038,CUST0482,7186.15,Shopping,2026-02-14,0,MEDIUM,2026-06-10 20:52:12
TXN002039,CUST0289,17922.64,Shopping,2026-03-08,0,HIGH,2026-06-10 20:52:12
TXN002040,CUST0760,41804.17,Healthcare,2026-04-29,0,HIGH,2026-06-10 20:52:12
TXN002041,CUST0917,44979.92,Shopping,2026-02-20,0,HIGH,2026-06-10 20:52:12
TXN002042,CUST0124,17156.91,Food,2026-04-04,0,HIGH,2026-06-10 20:52:12
TXN002043,CUST0037,33814.87,Shopping,2026-04-04,0,HIGH,2026-06-10 20:52:12
TXN002044,CUST0964,37364.57,Travel,2026-01-26,0,HIGH,2026-06-10 20:52:12
TXN002045,CUST0503,23269.5,Food,2026-03-19,0,HIGH,2026-06-10 20:52:12
TXN002046,CUST0299,16414.88,Shopping,2026-06-04,0,HIGH,2026-06-10 20:52:12
TXN002047,CUST0057,1805.72,Healthcare,2026-01-04,0,LOW,2026-06-10 20:52:12
TXN002048,CUST0473,23339.12,Healthcare,2026-04-27,0,HIGH,2026-06-10 20:52:12
TXN002049,CUST0874,18800.28,Food,2026-05-26,0,HIGH,2026-06-10 20:52:12
TXN002050,CUST0156,17434.24,Food,2026-04-28,0,HIGH,2026-06-10 20:52:12
TXN002051,CUST0195,15469.1,Shopping,2026-04-23,0,HIGH,2026-06-10 20:52:12
TXN002052,CUST0592,9177.67,Healthcare,2026-02-07,0,MEDIUM,2026-06-10 20:52:12
TXN002053,CUST0180,49457.57,Travel,2026-03-24,0,HIGH,2026-06-10 20:52:12
TXN002054,CUST0599,15486.88,Food,2026-05-17,0,HIGH,2026-06-10 20:52:12
TXN002055,CUST0470,20128.54,Shopping,2026-04-05,0,HIGH,2026-06-10 20:52:12
TXN002056,CUST0674,45571.24,Food,2026-02-03,0,HIGH,2026-06-10 20:52:12
TXN002057,CUST0663,36456.31,Healthcare,2026-01-22,0,HIGH,2026-06-10 20:52:12
TXN002058,CUST0141,614.17,Travel,2026-05-20,0,LOW,2026-06-10 20:52:12
TXN002059,CUST0067,37433.99,Healthcare,2026-04-09,0,HIGH,2026-06-10 20:52:12
TXN002060,CUST0744,22817.63,Food,2026-05-16,0,HIGH,2026-06-10 20:52:12
TXN002061,CUST0633,8324.54,Healthcare,2026-02-13,0,MEDIUM,2026-06-10 20:52:12
TXN002062,CUST0317,15094.86,Shopping,2026-01-09,0,HIGH,2026-06-10 20:52:12
TXN002063,CUST0367,16615.76,Food,2026-04-22,0,HIGH,2026-06-10 20:52:12
TXN002064,CUST0691,32371.87,Shopping,2026-03-16,0,HIGH,2026-06-10 20:52:12
TXN002065,CUST0684,2952.72,Healthcare,2026-04-27,0,LOW,2026-06-10 20:52:12
TXN002066,CUST0090,42319.73,Healthcare,2026-03-27,0,HIGH,2026-06-10 20:52:12
TXN002067,CUST0204,32446.39,Food,2026-01-18,0,HIGH,2026-06-10 20:52:12
TXN002068,CUST0801,15727.73,Travel,2026-01-14,0,HIGH,2026-06-10 20:52:12
TXN002069,CUST0178,46055.19,Shopping,2026-04-12,0,HIGH,2026-06-10 20:52:12
TXN002070,CUST0558,43290.92,Food,2026-05-10,0,HIGH,2026-06-10 20:52:12
TXN002071,CUST0102,17626.63,Healthcare,2026-01-28,0,HIGH,2026-06-10 20:52:12
TXN002072,CUST0532,25178.2,Food,2026-02-13,0,HIGH,2026-06-10 20:52:12
TXN002073,CUST0567,21610.96,Food,2026-03-14,0,HIGH,2026-06-10 20:52:12
TXN002074,CUST0836,32423.32,Healthcare,2026-02-21,0,HIGH,2026-06-10 20:52:12
TXN002075,CUST0074,623.76,Shopping,2026-03-16,0,LOW,2026-06-10 20:52:12
TXN002076,CUST0373,29411.28,Healthcare,2026-04-25,0,HIGH,2026-06-10 20:52:12
TXN002077,CUST0495,45466.99,Food,2026-06-07,0,HIGH,2026-06-10 20:52:12
TXN002078,CUST0177,2181.68,Food,2026-01-31,0,LOW,2026-06-10 20:52:12
TXN002079,CUST0905,1746.59,Healthcare,2026-01-28,0,LOW,2026-06-10 20:52:12
TXN002080,CUST0576,15634.65,Healthcare,2026-05-08,0,HIGH,2026-06-10 20:52:12
TXN002081,CUST0925,37179.55,Food,2026-03-04,0,HIGH,2026-06-10 20:52:12
TXN002082,CUST0299,35113.7,Travel,2026-01-10,0,HIGH,2026-06-10 20:52:12
TXN002083,CUST0302,9474.45,Shopping,2026-01-22,0,MEDIUM,2026-06-10 20:52:12
TXN002084,CUST0349,22200.66,Shopping,2026-01-25,0,HIGH,2026-06-10 20:52:12
TXN002085,CUST0639,13182.02,Travel,2026-04-10,0,HIGH,2026-06-10 20:52:12
TXN002086,CUST0220,10126.71,Shopping,2026-06-02,0,HIGH,2026-06-10 20:52:12
TXN002087,CUST0630,7554.23,Food,2026-01-30,0,MEDIUM,2026-06-10 20:52:12
TXN002088,CUST0161,17382.95,Food,2026-03-21,0,HIGH,2026-06-10 20:52:12
TXN002089,CUST0242,11490.84,Food,2026-04-13,0,HIGH,2026-06-10 20:52:12
TXN002090,CUST0251,10894.32,Food,2026-04-30,0,HIGH,2026-06-10 20:52:12
TXN002091,CUST0079,45551.59,Travel,2026-01-20,0,HIGH,2026-06-10 20:52:12
TXN002092,CUST0185,25704.52,Food,2026-02-04,0,HIGH,2026-06-10 20:52:12
TXN002093,CUST0649,21566.94,Shopping,2026-03-21,0,HIGH,2026-06-10 20:52:12
TXN002094,CUST0618,2838.22,Travel,2026-01-08,0,LOW,2026-06-10 20:52:12
TXN002095,CUST0629,513.24,Shopping,2026-03-16,0,LOW,2026-06-10 20:52:12
TXN002096,CUST0365,28377.52,Food,2026-01-21,0,HIGH,2026-06-10 20:52:12
TXN002097,CUST0609,41805.21,Food,2026-02-12,0,HIGH,2026-06-10 20:52:12
TXN002098,CUST0705,25631.32,Shopping,2026-03-11,0,HIGH,2026-06-10 20:52:12
TXN002099,CUST0602,45812.79,Shopping,2026-01-17,0,HIGH,2026-06-10 20:52:12
TXN002100,CUST0060,28720.6,Travel,2026-04-14,0,HIGH,2026-06-10 20:52:12
TXN002101,CUST0459,35799.18,Shopping,2026-03-05,0,HIGH,2026-06-10 20:52:12
TXN002102,CUST0302,48730.01,Shopping,2026-03-19,0,HIGH,2026-06-10 20:52:12
TXN002103,CUST0425,14151.72,Travel,2026-05-21,0,HIGH,2026-06-10 20:52:12
TXN002104,CUST0668,19890.45,Food,2026-01-06,0,HIGH,2026-06-10 20:52:12
TXN002105,CUST0577,42518.39,Shopping,2026-03-05,0,HIGH,2026-06-10 20:52:12
TXN002106,CUST0952,46792.41,Shopping,2026-04-16,0,HIGH,2026-06-10 20:52:12
TXN002107,CUST0204,44088.04,Food,2026-03-24,0,HIGH,2026-06-10 20:52:12
TXN002108,CUST0455,30239.16,Healthcare,2026-04-07,0,HIGH,2026-06-10 20:52:12
TXN002109,CUST0663,18481.53,Shopping,2026-04-16,0,HIGH,2026-06-10 20:52:12
TXN002110,CUST0130,19851.45,Travel,2026-05-01,0,HIGH,2026-06-10 20:52:12
TXN002111,CUST0047,33958.82,Shopping,2026-01-15,0,HIGH,2026-06-10 20:52:12
TXN002112,CUST0159,12657.55,Shopping,2026-04-30,0,HIGH,2026-06-10 20:52:12
TXN002113,CUST0744,35610.69,Travel,2026-05-16,0,HIGH,2026-06-10 20:52:12
TXN002114,CUST0805,44614.01,Food,2026-03-27,0,HIGH,2026-06-10 20:52:12
TXN002115,CUST0248,22089.73,Food,2026-05-13,0,HIGH,2026-06-10 20:52:12
TXN002116,CUST0128,11400.78,Travel,2026-04-16,0,HIGH,2026-06-10 20:52:12
TXN002117,CUST0399,46469.94,Food,2026-01-14,0,HIGH,2026-06-10 20:52:12
TXN002118,CUST0033,18472.04,Healthcare,2026-03-18,0,HIGH,2026-06-10 20:52:12
TXN002119,CUST0661,37483.42,Shopping,2026-05-19,0,HIGH,2026-06-10 20:52:12
TXN002120,CUST0363,24261.91,Healthcare,2026-01-02,0,HIGH,2026-06-10 20:52:12
TXN002121,CUST0466,3180.92,Travel,2026-02-14,1,LOW,2026-06-10 20:52:12
TXN002122,CUST0311,38338.35,Shopping,2026-05-10,0,HIGH,2026-06-10 20:52:12
TXN002123,CUST0646,27061.87,Travel,2026-04-13,0,HIGH,2026-06-10 20:52:12
TXN002124,CUST0875,35300.59,Food,2026-01-15,0,HIGH,2026-06-10 20:52:12
TXN002125,CUST0413,11019.18,Travel,2026-04-30,1,HIGH,2026-06-10 20:52:12
TXN002126,CUST0555,34287.94,Shopping,2026-06-09,0,HIGH,2026-06-10 20:52:12
TXN002127,CUST0038,39116.32,Healthcare,2026-05-18,0,HIGH,2026-06-10 20:52:12
TXN002128,CUST0677,23044.77,Healthcare,2026-05-10,0,HIGH,2026-06-10 20:52:12
TXN002129,CUST0704,21589.31,Food,2026-01-23,0,HIGH,2026-06-10 20:52:12
TXN002130,CUST0693,17608.49,Healthcare,2026-03-15,0,HIGH,2026-06-10 20:52:12
TXN002131,CUST0831,7611.77,Travel,2026-03-30,0,MEDIUM,2026-06-10 20:52:12
TXN002132,CUST0444,1729.31,Travel,2026-04-19,0,LOW,2026-06-10 20:52:12
TXN002133,CUST0803,15472.83,Shopping,2026-03-31,0,HIGH,2026-06-10 20:52:12
TXN002134,CUST0462,12728.25,Travel,2026-02-22,0,HIGH,2026-06-10 20:52:12
TXN002135,CUST0020,8794.81,Shopping,2026-01-30,0,MEDIUM,2026-06-10 20:52:12
TXN002136,CUST0871,15924.25,Travel,2026-02-05,0,HIGH,2026-06-10 20:52:12
TXN002137,CUST0486,36450.38,Healthcare,2026-04-19,0,HIGH,2026-06-10 20:52:12
TXN002138,CUST0193,9422.72,Healthcare,2026-03-23,0,MEDIUM,2026-06-10 20:52:12
TXN002139,CUST0287,11658.92,Shopping,2026-02-21,0,HIGH,2026-06-10 20:52:12
TXN002140,CUST0241,47465.88,Food,2026-04-29,0,HIGH,2026-06-10 20:52:12
TXN002141,CUST0426,18532.6,Food,2026-02-01,0,HIGH,2026-06-10 20:52:12
TXN002142,CUST0098,32536.62,Travel,2026-01-05,0,HIGH,2026-06-10 20:52:12
TXN002143,CUST0692,12878.82,Travel,2026-06-05,0,HIGH,2026-06-10 20:52:12
TXN002144,CUST0659,36618.7,Travel,2026-01-13,0,HIGH,2026-06-10 20:52:12
TXN002145,CUST0735,9464.11,Shopping,2026-05-27,0,MEDIUM,2026-06-10 20:52:12
TXN002146,CUST0911,10627.34,Healthcare,2026-04-21,1,HIGH,2026-06-10 20:52:12
TXN002147,CUST0605,22254.64,Healthcare,2026-01-02,0,HIGH,2026-06-10 20:52:12
TXN002148,CUST0499,16558.71,Travel,2026-02-06,0,HIGH,2026-06-10 20:52:12
TXN002149,CUST0767,5958.7,Healthcare,2026-05-07,0,MEDIUM,2026-06-10 20:52:12
TXN002150,CUST0337,41657.57,Travel,2026-04-19,0,HIGH,2026-06-10 20:52:12
TXN002151,CUST0807,21559.31,Healthcare,2026-03-04,0,HIGH,2026-06-10 20:52:12
TXN002152,CUST0666,17276.94,Shopping,2026-01-07,0,HIGH,2026-06-10 20:52:12
TXN002153,CUST0695,39695.62,Healthcare,2026-01-05,0,HIGH,2026-06-10 20:52:12
TXN002154,CUST0716,5024.0,Food,2026-03-17,0,MEDIUM,2026-06-10 20:52:12
TXN002155,CUST0131,19297.46,Food,2026-05-02,0,HIGH,2026-06-10 20:52:12
TXN002156,CUST0819,11558.55,Healthcare,2026-02-11,0,HIGH,2026-06-10 20:52:12
TXN002157,CUST0779,41320.94,Shopping,2026-03-26,0,HIGH,2026-06-10 20:52:12
TXN002158,CUST0093,36062.58,Travel,2026-05-24,0,HIGH,2026-06-10 20:52:12
TXN002159,CUST0615,5972.19,Healthcare,2026-01-29,0,MEDIUM,2026-06-10 20:52:12
TXN002160,CUST0018,48159.49,Food,2026-04-30,0,HIGH,2026-06-10 20:52:12
TXN002161,CUST0471,34759.11,Healthcare,2026-01-17,0,HIGH,2026-06-10 20:52:12
TXN002162,CUST0118,18706.17,Shopping,2026-02-23,0,HIGH,2026-06-10 20:52:12
TXN002163,CUST0591,43342.73,Shopping,2026-03-26,0,HIGH,2026-06-10 20:52:12
TXN002164,CUST0238,26009.55,Food,2026-04-14,0,HIGH,2026-06-10 20:52:12
TXN002165,CUST0215,447.51,Food,2026-04-13,0,LOW,2026-06-10 20:52:12
TXN002166,CUST0105,37272.3,Travel,2026-03-17,0,HIGH,2026-06-10 20:52:12
TXN002167,CUST0803,7740.02,Shopping,2026-02-20,0,MEDIUM,2026-06-10 20:52:12
TXN002168,CUST0676,32125.96,Travel,2026-02-20,0,HIGH,2026-06-10 20:52:12
TXN002169,CUST0290,10913.38,Shopping,2026-06-09,0,HIGH,2026-06-10 20:52:12
TXN002170,CUST0550,31495.19,Shopping,2026-02-10,0,HIGH,2026-06-10 20:52:12
TXN002171,CUST0529,27989.07,Healthcare,2026-01-30,0,HIGH,2026-06-10 20:52:12
TXN002172,CUST0255,44323.3,Travel,2026-01-21,1,HIGH,2026-06-10 20:52:12
TXN002173,CUST0691,3342.21,Food,2026-05-24,0,LOW,2026-06-10 20:52:12
TXN002174,CUST0607,26812.28,Travel,2026-03-30,0,HIGH,2026-06-10 20:52:12
TXN002175,CUST0380,23203.8,Food,2026-05-16,0,HIGH,2026-06-10 20:52:12
TXN002176,CUST0035,29456.48,Shopping,2026-06-02,0,HIGH,2026-06-10 20:52:12
TXN002177,CUST0641,35767.54,Food,2026-03-29,0,HIGH,2026-06-10 20:52:12
TXN002178,CUST0865,27002.75,Travel,2026-03-31,0,HIGH,2026-06-10 20:52:12
TXN002179,CUST0445,27680.8,Healthcare,2026-04-21,0,HIGH,2026-06-10 20:52:12
TXN002180,CUST0096,28518.38,Food,2026-02-14,0,HIGH,2026-06-10 20:52:12
TXN002181,CUST0903,14185.2,Travel,2026-04-28,0,HIGH,2026-06-10 20:52:12
TXN002182,CUST0407,7983.47,Healthcare,2026-03-15,0,MEDIUM,2026-06-10 20:52:12
TXN002183,CUST0932,6824.72,Shopping,2026-02-02,0,MEDIUM,2026-06-10 20:52:12
TXN002184,CUST0895,2288.83,Food,2026-03-25,0,LOW,2026-06-10 20:52:12
TXN002185,CUST0134,3231.38,Food,2026-05-16,0,LOW,2026-06-10 20:52:12
TXN002186,CUST0927,25370.88,Travel,2026-04-11,0,HIGH,2026-06-10 20:52:12
TXN002187,CUST0520,29326.08,Shopping,2026-06-01,0,HIGH,2026-06-10 20:52:12
TXN002188,CUST0742,2431.53,Healthcare,2026-02-22,0,LOW,2026-06-10 20:52:12
TXN002189,CUST0239,14429.29,Healthcare,2026-05-31,0,HIGH,2026-06-10 20:52:12
TXN002190,CUST0093,44629.95,Food,2026-04-05,0,HIGH,2026-06-10 20:52:12
TXN002191,CUST0403,49538.95,Food,2026-01-01,1,HIGH,2026-06-10 20:52:12
TXN002192,CUST0787,13129.06,Shopping,2026-02-20,0,HIGH,2026-06-10 20:52:12
TXN002193,CUST0250,23891.58,Healthcare,2026-02-23,0,HIGH,2026-06-10 20:52:12
TXN002194,CUST0194,27469.61,Food,2026-02-21,0,HIGH,2026-06-10 20:52:12
TXN002195,CUST0957,49146.36,Healthcare,2026-06-05,0,HIGH,2026-06-10 20:52:12
TXN002196,CUST0026,19556.3,Healthcare,2026-03-30,0,HIGH,2026-06-10 20:52:12
TXN002197,CUST0085,18114.47,Healthcare,2026-03-28,1,HIGH,2026-06-10 20:52:12
TXN002198,CUST0123,10757.28,Healthcare,2026-05-02,0,HIGH,2026-06-10 20:52:12
TXN002199,CUST0178,1307.53,Healthcare,2026-01-19,0,LOW,2026-06-10 20:52:12
TXN002200,CUST0506,30188.07,Travel,2026-03-31,0,HIGH,2026-06-10 20:52:12
TXN002201,CUST0861,11637.59,Food,2026-02-28,0,HIGH,2026-06-10 20:52:12
TXN002202,CUST0920,4909.02,Travel,2026-03-03,0,LOW,2026-06-10 20:52:12
TXN002203,CUST0787,14052.28,Shopping,2026-04-22,0,HIGH,2026-06-10 20:52:12
TXN002204,CUST0360,16893.36,Travel,2026-05-28,0,HIGH,2026-06-10 20:52:12
TXN002205,CUST0448,47313.96,Travel,2026-05-24,0,HIGH,2026-06-10 20:52:12
TXN002206,CUST0602,24384.54,Travel,2026-02-18,0,HIGH,2026-06-10 20:52:12
TXN002207,CUST0752,12647.89,Travel,2026-02-16,0,HIGH,2026-06-10 20:52:12
TXN002208,CUST0466,33272.36,Travel,2026-03-26,0,HIGH,2026-06-10 20:52:12
TXN002209,CUST0616,24324.83,Food,2026-01-07,0,HIGH,2026-06-10 20:52:12
TXN002210,CUST0693,2875.88,Healthcare,2026-01-03,0,LOW,2026-06-10 20:52:12
TXN002211,CUST0377,45796.24,Healthcare,2026-06-08,0,HIGH,2026-06-10 20:52:12
TXN002212,CUST0730,15446.0,Shopping,2026-01-06,0,HIGH,2026-06-10 20:52:12
TXN002213,CUST0392,26418.36,Travel,2026-03-16,0,HIGH,2026-06-10 20:52:12
TXN002214,CUST0826,12529.15,Shopping,2026-03-05,0,HIGH,2026-06-10 20:52:12
TXN002215,CUST0311,46917.21,Food,2026-04-26,1,HIGH,2026-06-10 20:52:12
TXN002216,CUST0760,41496.69,Food,2026-01-12,0,HIGH,2026-06-10 20:52:12
TXN002217,CUST0746,9308.06,Healthcare,2026-02-16,0,MEDIUM,2026-06-10 20:52:12
TXN002218,CUST0615,46139.22,Shopping,2026-05-26,0,HIGH,2026-06-10 20:52:12
TXN002219,CUST0617,2049.3,Healthcare,2026-04-02,0,LOW,2026-06-10 20:52:12
TXN002220,CUST0563,19326.56,Shopping,2026-02-01,0,HIGH,2026-06-10 20:52:12
TXN002221,CUST0848,30285.27,Food,2026-02-11,0,HIGH,2026-06-10 20:52:12
TXN002222,CUST0861,7082.15,Food,2026-01-11,0,MEDIUM,2026-06-10 20:52:12
TXN002223,CUST0311,34559.63,Travel,2026-04-13,0,HIGH,2026-06-10 20:52:12
TXN002224,CUST0189,14887.77,Shopping,2026-04-21,0,HIGH,2026-06-10 20:52:12
TXN002225,CUST0768,25810.47,Food,2026-02-01,0,HIGH,2026-06-10 20:52:12
TXN002226,CUST0509,36726.72,Travel,2026-01-18,0,HIGH,2026-06-10 20:52:12
TXN002227,CUST0666,14810.55,Food,2026-01-03,0,HIGH,2026-06-10 20:52:12
TXN002228,CUST0799,47764.21,Shopping,2026-02-18,0,HIGH,2026-06-10 20:52:12
TXN002229,CUST0025,33409.14,Food,2026-01-13,0,HIGH,2026-06-10 20:52:12
TXN002230,CUST0350,42870.72,Food,2026-02-02,0,HIGH,2026-06-10 20:52:12
TXN002231,CUST0437,11994.23,Food,2026-05-27,0,HIGH,2026-06-10 20:52:12
TXN002232,CUST0916,23203.52,Travel,2026-03-17,0,HIGH,2026-06-10 20:52:12
TXN002233,CUST0734,38466.97,Food,2026-01-12,0,HIGH,2026-06-10 20:52:12
TXN002234,CUST0853,32914.85,Healthcare,2026-03-04,0,HIGH,2026-06-10 20:52:12
TXN002235,CUST0325,22071.82,Travel,2026-05-12,0,HIGH,2026-06-10 20:52:12
TXN002236,CUST0112,3447.11,Shopping,2026-03-14,0,LOW,2026-06-10 20:52:12
TXN002237,CUST0347,19157.71,Shopping,2026-05-28,0,HIGH,2026-06-10 20:52:12
TXN002238,CUST0920,38243.58,Healthcare,2026-01-22,0,HIGH,2026-06-10 20:52:12
TXN002239,CUST0606,30810.94,Healthcare,2026-03-17,0,HIGH,2026-06-10 20:52:12
TXN002240,CUST0442,41516.79,Healthcare,2026-01-27,0,HIGH,2026-06-10 20:52:12
TXN002241,CUST0514,34590.6,Shopping,2026-02-19,0,HIGH,2026-06-10 20:52:12
TXN002242,CUST0981,49740.69,Healthcare,2026-01-11,0,HIGH,2026-06-10 20:52:12
TXN002243,CUST0004,43752.64,Shopping,2026-03-18,0,HIGH,2026-06-10 20:52:12
TXN002244,CUST0467,33332.39,Healthcare,2026-04-22,0,HIGH,2026-06-10 20:52:12
TXN002245,CUST0466,29832.74,Healthcare,2026-01-23,0,HIGH,2026-06-10 20:52:12
TXN002246,CUST0446,46860.28,Travel,2026-03-24,0,HIGH,2026-06-10 20:52:12
TXN002247,CUST0502,36390.28,Shopping,2026-05-05,0,HIGH,2026-06-10 20:52:12
TXN002248,CUST0219,24313.95,Food,2026-02-19,0,HIGH,2026-06-10 20:52:12
TXN002249,CUST0889,32026.64,Travel,2026-04-20,0,HIGH,2026-06-10 20:52:12
TXN002250,CUST0220,9879.29,Travel,2026-02-10,0,MEDIUM,2026-06-10 20:52:12
TXN002251,CUST0541,41327.67,Travel,2026-04-10,0,HIGH,2026-06-10 20:52:12
TXN002252,CUST0555,29056.2,Healthcare,2026-03-15,0,HIGH,2026-06-10 20:52:12
TXN002253,CUST0314,7787.76,Shopping,2026-02-15,0,MEDIUM,2026-06-10 20:52:12
TXN002254,CUST0085,28795.48,Healthcare,2026-01-06,0,HIGH,2026-06-10 20:52:12
TXN002255,CUST0038,47968.0,Travel,2026-04-12,0,HIGH,2026-06-10 20:52:12
TXN002256,CUST0084,42364.08,Travel,2026-01-27,0,HIGH,2026-06-10 20:52:12
TXN002257,CUST0865,41256.46,Shopping,2026-03-05,0,HIGH,2026-06-10 20:52:12
TXN002258,CUST0052,16983.35,Shopping,2026-04-17,0,HIGH,2026-06-10 20:52:12
TXN002259,CUST0926,30664.56,Healthcare,2026-03-30,0,HIGH,2026-06-10 20:52:12
TXN002260,CUST0472,12633.4,Healthcare,2026-06-05,0,HIGH,2026-06-10 20:52:12
TXN002261,CUST0064,2926.35,Healthcare,2026-02-06,0,LOW,2026-06-10 20:52:12
TXN002262,CUST0944,12505.6,Travel,2026-03-09,0,HIGH,2026-06-10 20:52:12
TXN002263,CUST0375,10402.61,Travel,2026-02-13,0,HIGH,2026-06-10 20:52:12
TXN002264,CUST0902,16798.7,Travel,2026-01-27,0,HIGH,2026-06-10 20:52:12
TXN002265,CUST0061,2297.16,Travel,2026-01-28,0,LOW,2026-06-10 20:52:12
TXN002266,CUST0110,17483.59,Travel,2026-06-04,0,HIGH,2026-06-10 20:52:12
TXN002267,CUST0025,20210.96,Travel,2026-02-27,0,HIGH,2026-06-10 20:52:12
TXN002268,CUST0819,29825.45,Travel,2026-03-15,0,HIGH,2026-06-10 20:52:12
TXN002269,CUST0577,32670.15,Healthcare,2026-02-11,1,HIGH,2026-06-10 20:52:12
TXN002270,CUST0816,34078.11,Healthcare,2026-04-19,0,HIGH,2026-06-10 20:52:12
TXN002271,CUST0309,17417.46,Healthcare,2026-05-07,0,HIGH,2026-06-10 20:52:12
TXN002272,CUST0021,23137.75,Healthcare,2026-04-23,0,HIGH,2026-06-10 20:52:12
TXN002273,CUST0715,38353.3,Food,2026-02-18,0,HIGH,2026-06-10 20:52:12
TXN002274,CUST0110,3919.51,Healthcare,2026-01-05,0,LOW,2026-06-10 20:52:12
TXN002275,CUST0555,45553.07,Healthcare,2026-03-07,0,HIGH,2026-06-10 20:52:12
TXN002276,CUST0891,5732.56,Healthcare,2026-03-09,0,MEDIUM,2026-06-10 20:52:12
TXN002277,CUST0542,35877.26,Shopping,2026-05-30,0,HIGH,2026-06-10 20:52:12
TXN002278,CUST0018,32121.2,Shopping,2026-04-26,0,HIGH,2026-06-10 20:52:12
TXN002279,CUST0852,6773.83,Healthcare,2026-04-27,0,MEDIUM,2026-06-10 20:52:12
TXN002280,CUST0059,46787.45,Travel,2026-04-25,0,HIGH,2026-06-10 20:52:12
TXN002281,CUST0178,16668.82,Travel,2026-01-05,0,HIGH,2026-06-10 20:52:12
TXN002282,CUST0675,10853.27,Food,2026-02-26,0,HIGH,2026-06-10 20:52:12
TXN002283,CUST0158,13016.77,Food,2026-01-23,0,HIGH,2026-06-10 20:52:12
TXN002284,CUST0886,11442.68,Food,2026-04-24,0,HIGH,2026-06-10 20:52:12
TXN002285,CUST0982,15754.11,Food,2026-05-17,0,HIGH,2026-06-10 20:52:12
TXN002286,CUST0358,1274.6,Food,2026-01-29,0,LOW,2026-06-10 20:52:12
TXN002287,CUST0126,1288.6,Healthcare,2026-04-24,0,LOW,2026-06-10 20:52:12
TXN002288,CUST0535,1465.4,Food,2026-04-19,0,LOW,2026-06-10 20:52:12
TXN002289,CUST0064,2147.27,Shopping,2026-05-25,0,LOW,2026-06-10 20:52:12
TXN002290,CUST0878,45821.86,Shopping,2026-01-07,0,HIGH,2026-06-10 20:52:12
TXN002291,CUST0937,34109.47,Food,2026-01-15,0,HIGH,2026-06-10 20:52:12
TXN002292,CUST0903,13663.94,Healthcare,2026-06-09,0,HIGH,2026-06-10 20:52:12
TXN002293,CUST0029,33709.03,Shopping,2026-02-05,0,HIGH,2026-06-10 20:52:12
TXN002294,CUST0493,33872.24,Shopping,2026-04-20,0,HIGH,2026-06-10 20:52:12
TXN002295,CUST0421,10514.55,Food,2026-04-22,0,HIGH,2026-06-10 20:52:12
TXN002296,CUST0730,3084.05,Healthcare,2026-02-22,0,LOW,2026-06-10 20:52:12
TXN002297,CUST0146,43889.35,Healthcare,2026-04-27,0,HIGH,2026-06-10 20:52:12
TXN002298,CUST0563,21918.84,Healthcare,2026-03-27,0,HIGH,2026-06-10 20:52:12
TXN002299,CUST0228,35466.19,Shopping,2026-02-18,0,HIGH,2026-06-10 20:52:12
TXN002300,CUST0233,7005.66,Travel,2026-01-25,0,MEDIUM,2026-06-10 20:52:12
TXN002301,CUST0518,46230.13,Shopping,2026-02-28,0,HIGH,2026-06-10 20:52:12
TXN002302,CUST0275,7542.18,Food,2026-05-03,0,MEDIUM,2026-06-10 20:52:12
TXN002303,CUST0633,39296.81,Shopping,2026-04-30,0,HIGH,2026-06-10 20:52:12
TXN002304,CUST0235,29462.0,Shopping,2026-05-18,0,HIGH,2026-06-10 20:52:12
TXN002305,CUST0373,10386.25,Food,2026-04-13,0,HIGH,2026-06-10 20:52:12
TXN002306,CUST0307,26427.57,Healthcare,2026-05-08,0,HIGH,2026-06-10 20:52:12
TXN002307,CUST0372,46024.86,Healthcare,2026-01-10,0,HIGH,2026-06-10 20:52:12
TXN002308,CUST0820,40225.18,Food,2026-02-01,0,HIGH,2026-06-10 20:52:12
TXN002309,CUST0995,2145.38,Shopping,2026-02-14,0,LOW,2026-06-10 20:52:12
TXN002310,CUST0482,9402.1,Food,2026-01-02,0,MEDIUM,2026-06-10 20:52:12
TXN002311,CUST0374,15427.22,Food,2026-04-19,0,HIGH,2026-06-10 20:52:12
TXN002312,CUST0491,12956.59,Food,2026-01-10,0,HIGH,2026-06-10 20:52:12
TXN002313,CUST0643,6874.93,Healthcare,2026-04-17,1,MEDIUM,2026-06-10 20:52:12
TXN002314,CUST0899,18983.42,Travel,2026-03-17,0,HIGH,2026-06-10 20:52:12
TXN002315,CUST0318,32104.68,Shopping,2026-01-20,0,HIGH,2026-06-10 20:52:12
TXN002316,CUST0268,16748.13,Travel,2026-04-11,0,HIGH,2026-06-10 20:52:12
TXN002317,CUST0079,11404.31,Food,2026-01-18,0,HIGH,2026-06-10 20:52:12
TXN002318,CUST0578,26786.59,Shopping,2026-04-20,0,HIGH,2026-06-10 20:52:12
TXN002319,CUST0851,32373.98,Healthcare,2026-05-22,0,HIGH,2026-06-10 20:52:12
TXN002320,CUST0430,22632.64,Shopping,2026-01-13,0,HIGH,2026-06-10 20:52:12
TXN002321,CUST0477,43168.76,Travel,2026-04-28,0,HIGH,2026-06-10 20:52:12
TXN002322,CUST0576,49183.6,Travel,2026-03-15,0,HIGH,2026-06-10 20:52:12
TXN002323,CUST0781,14215.64,Food,2026-03-18,0,HIGH,2026-06-10 20:52:12
TXN002324,CUST0036,10404.37,Shopping,2026-02-07,0,HIGH,2026-06-10 20:52:12
TXN002325,CUST0577,34896.61,Food,2026-02-16,0,HIGH,2026-06-10 20:52:12
TXN002326,CUST0519,2105.5,Shopping,2026-03-30,0,LOW,2026-06-10 20:52:12
TXN002327,CUST0237,17541.84,Food,2026-01-29,0,HIGH,2026-06-10 20:52:12
TXN002328,CUST0411,24744.99,Healthcare,2026-06-04,0,HIGH,2026-06-10 20:52:12
TXN002329,CUST0128,3200.13,Shopping,2026-02-16,0,LOW,2026-06-10 20:52:12
TXN002330,CUST0282,25108.75,Food,2026-06-05,0,HIGH,2026-06-10 20:52:12
TXN002331,CUST0832,48483.4,Travel,2026-05-06,0,HIGH,2026-06-10 20:52:12
TXN002332,CUST0086,6813.01,Travel,2026-03-01,0,MEDIUM,2026-06-10 20:52:12
TXN002333,CUST0842,44253.13,Food,2026-06-06,1,HIGH,2026-06-10 20:52:12
TXN002334,CUST0159,13301.69,Healthcare,2026-04-18,0,HIGH,2026-06-10 20:52:12
TXN002335,CUST0956,39405.53,Travel,2026-03-14,0,HIGH,2026-06-10 20:52:12
TXN002336,CUST0078,16941.27,Shopping,2026-04-06,0,HIGH,2026-06-10 20:52:12
TXN002337,CUST0961,34581.24,Travel,2026-03-22,0,HIGH,2026-06-10 20:52:12
TXN002338,CUST0313,4671.71,Shopping,2026-05-26,0,LOW,2026-06-10 20:52:12
TXN002339,CUST0089,41640.59,Travel,2026-03-23,0,HIGH,2026-06-10 20:52:12
TXN002340,CUST0769,14591.31,Food,2026-04-25,0,HIGH,2026-06-10 20:52:12
TXN002341,CUST0488,4716.18,Healthcare,2026-01-29,0,LOW,2026-06-10 20:52:12
TXN002342,CUST0716,2610.73,Travel,2026-01-17,0,LOW,2026-06-10 20:52:12
TXN002343,CUST0248,25099.07,Travel,2026-06-02,0,HIGH,2026-06-10 20:52:12
TXN002344,CUST0564,5735.39,Shopping,2026-05-22,0,MEDIUM,2026-06-10 20:52:12
TXN002345,CUST0005,38614.67,Healthcare,2026-06-03,0,HIGH,2026-06-10 20:52:12
TXN002346,CUST0407,46270.79,Shopping,2026-06-05,0,HIGH,2026-06-10 20:52:12
TXN002347,CUST0763,13127.15,Shopping,2026-05-07,0,HIGH,2026-06-10 20:52:12
TXN002348,CUST0711,9478.06,Healthcare,2026-05-23,0,MEDIUM,2026-06-10 20:52:12
TXN002349,CUST0241,10360.5,Shopping,2026-03-03,0,HIGH,2026-06-10 20:52:12
TXN002350,CUST0079,6047.93,Food,2026-01-14,0,MEDIUM,2026-06-10 20:52:12
TXN002351,CUST0195,22921.46,Travel,2026-03-21,1,HIGH,2026-06-10 20:52:12
TXN002352,CUST0084,19099.52,Travel,2026-04-22,0,HIGH,2026-06-10 20:52:12
TXN002353,CUST0855,24489.99,Food,2026-01-22,1,HIGH,2026-06-10 20:52:12
TXN002354,CUST0803,8028.82,Travel,2026-06-04,0,MEDIUM,2026-06-10 20:52:12
TXN002355,CUST0290,19182.07,Healthcare,2026-05-22,0,HIGH,2026-06-10 20:52:12
TXN002356,CUST0068,35206.42,Shopping,2026-04-09,0,HIGH,2026-06-10 20:52:12
TXN002357,CUST0833,43208.5,Shopping,2026-06-08,0,HIGH,2026-06-10 20:52:12
TXN002358,CUST0335,25559.02,Healthcare,2026-05-01,0,HIGH,2026-06-10 20:52:12
TXN002359,CUST0298,44577.02,Shopping,2026-01-14,0,HIGH,2026-06-10 20:52:12
TXN002360,CUST0379,48685.27,Shopping,2026-02-07,0,HIGH,2026-06-10 20:52:12
TXN002361,CUST0406,7241.23,Travel,2026-01-20,0,MEDIUM,2026-06-10 20:52:12
TXN002362,CUST0709,33122.17,Food,2026-05-03,0,HIGH,2026-06-10 20:52:12
TXN002363,CUST0169,18814.72,Food,2026-03-20,0,HIGH,2026-06-10 20:52:12
TXN002364,CUST0983,27773.63,Food,2026-04-23,0,HIGH,2026-06-10 20:52:12
TXN002365,CUST0389,47014.72,Healthcare,2026-03-14,0,HIGH,2026-06-10 20:52:12
TXN002366,CUST0591,32187.47,Food,2026-03-16,0,HIGH,2026-06-10 20:52:12
TXN002367,CUST0387,29558.8,Shopping,2026-05-24,0,HIGH,2026-06-10 20:52:12
TXN002368,CUST0975,24517.93,Shopping,2026-04-09,0,HIGH,2026-06-10 20:52:12
TXN002369,CUST0553,669.06,Travel,2026-01-28,0,LOW,2026-06-10 20:52:12
TXN002370,CUST0468,14064.53,Food,2026-03-06,0,HIGH,2026-06-10 20:52:12
TXN002371,CUST0976,6715.3,Shopping,2026-04-16,0,MEDIUM,2026-06-10 20:52:12
TXN002372,CUST0056,20594.95,Healthcare,2026-02-14,0,HIGH,2026-06-10 20:52:12
TXN002373,CUST0964,25181.88,Food,2026-05-24,1,HIGH,2026-06-10 20:52:12
TXN002374,CUST0043,26348.21,Travel,2026-03-04,0,HIGH,2026-06-10 20:52:12
TXN002375,CUST0489,18754.38,Travel,2026-04-27,0,HIGH,2026-06-10 20:52:12
TXN002376,CUST0744,29094.7,Food,2026-03-09,0,HIGH,2026-06-10 20:52:12
TXN002377,CUST0376,3771.39,Food,2026-02-10,0,LOW,2026-06-10 20:52:12
TXN002378,CUST0057,48874.78,Food,2026-01-09,0,HIGH,2026-06-10 20:52:12
TXN002379,CUST0764,13215.14,Food,2026-03-20,0,HIGH,2026-06-10 20:52:12
TXN002380,CUST0063,10187.38,Food,2026-03-25,0,HIGH,2026-06-10 20:52:12
TXN002381,CUST0053,15222.86,Food,2026-04-17,0,HIGH,2026-06-10 20:52:12
TXN002382,CUST0419,42773.04,Healthcare,2026-03-04,1,HIGH,2026-06-10 20:52:12
TXN002383,CUST0882,28532.68,Shopping,2026-04-10,0,HIGH,2026-06-10 20:52:12
TXN002384,CUST0960,47728.98,Travel,2026-02-20,0,HIGH,2026-06-10 20:52:12
TXN002385,CUST0373,24259.2,Food,2026-03-13,0,HIGH,2026-06-10 20:52:12
TXN002386,CUST0283,44141.74,Food,2026-01-24,0,HIGH,2026-06-10 20:52:12
TXN002387,CUST0798,23547.23,Food,2026-04-19,0,HIGH,2026-06-10 20:52:12
TXN002388,CUST0843,13582.81,Travel,2026-04-22,0,HIGH,2026-06-10 20:52:12
TXN002389,CUST0418,3026.51,Healthcare,2026-05-20,0,LOW,2026-06-10 20:52:12
TXN002390,CUST0866,28289.53,Food,2026-05-28,0,HIGH,2026-06-10 20:52:12
TXN002391,CUST0331,10303.93,Shopping,2026-04-11,0,HIGH,2026-06-10 20:52:12
TXN002392,CUST0688,49638.26,Food,2026-03-26,0,HIGH,2026-06-10 20:52:12
TXN002393,CUST0109,25830.75,Shopping,2026-01-01,0,HIGH,2026-06-10 20:52:12
TXN002394,CUST0593,21710.92,Food,2026-02-22,0,HIGH,2026-06-10 20:52:12
TXN002395,CUST0453,36923.09,Healthcare,2026-01-17,0,HIGH,2026-06-10 20:52:12
TXN002396,CUST0879,36905.43,Healthcare,2026-04-30,0,HIGH,2026-06-10 20:52:12
TXN002397,CUST0993,21121.18,Travel,2026-01-13,0,HIGH,2026-06-10 20:52:12
TXN002398,CUST0992,40100.91,Shopping,2026-01-25,0,HIGH,2026-06-10 20:52:12
TXN002399,CUST0765,42185.18,Shopping,2026-03-31,0,HIGH,2026-06-10 20:52:12
TXN002400,CUST0473,35013.87,Food,2026-05-11,0,HIGH,2026-06-10 20:52:12
TXN002401,CUST0586,37290.12,Healthcare,2026-03-25,0,HIGH,2026-06-10 20:52:12
TXN002402,CUST0696,26383.13,Healthcare,2026-01-05,0,HIGH,2026-06-10 20:52:12
TXN002403,CUST0304,2790.46,Healthcare,2026-01-13,0,LOW,2026-06-10 20:52:12
TXN002404,CUST0846,4499.69,Food,2026-02-21,0,LOW,2026-06-10 20:52:12
TXN002405,CUST0111,3428.56,Travel,2026-04-21,0,LOW,2026-06-10 20:52:12
TXN002406,CUST0122,16016.71,Travel,2026-03-28,0,HIGH,2026-06-10 20:52:12
TXN002407,CUST0015,31196.15,Shopping,2026-02-21,0,HIGH,2026-06-10 20:52:12
TXN002408,CUST0994,20440.43,Healthcare,2026-01-11,0,HIGH,2026-06-10 20:52:12
TXN002409,CUST0560,48129.54,Food,2026-06-04,0,HIGH,2026-06-10 20:52:12
TXN002410,CUST0913,41504.12,Shopping,2026-04-27,0,HIGH,2026-06-10 20:52:12
TXN002411,CUST0968,40338.27,Healthcare,2026-04-17,0,HIGH,2026-06-10 20:52:12
TXN002412,CUST0291,11874.87,Travel,2026-04-23,0,HIGH,2026-06-10 20:52:12
TXN002413,CUST0603,47809.9,Healthcare,2026-04-06,0,HIGH,2026-06-10 20:52:12
TXN002414,CUST0226,5620.08,Food,2026-03-24,0,MEDIUM,2026-06-10 20:52:12
TXN002415,CUST0533,1880.08,Travel,2026-05-21,0,LOW,2026-06-10 20:52:12
TXN002416,CUST0453,24687.92,Healthcare,2026-01-07,0,HIGH,2026-06-10 20:52:12
TXN002417,CUST0644,13766.64,Travel,2026-04-29,0,HIGH,2026-06-10 20:52:12
TXN002418,CUST0372,18645.25,Travel,2026-05-21,0,HIGH,2026-06-10 20:52:12
TXN002419,CUST0007,43884.13,Travel,2026-04-03,0,HIGH,2026-06-10 20:52:12
TXN002420,CUST0317,8599.05,Travel,2026-01-19,0,MEDIUM,2026-06-10 20:52:12
TXN002421,CUST0276,17579.74,Food,2026-01-18,0,HIGH,2026-06-10 20:52:12
TXN002422,CUST0541,42412.92,Healthcare,2026-05-08,0,HIGH,2026-06-10 20:52:12
TXN002423,CUST0121,33229.69,Shopping,2026-02-28,0,HIGH,2026-06-10 20:52:12
TXN002424,CUST0118,22330.15,Food,2026-01-12,0,HIGH,2026-06-10 20:52:12
TXN002425,CUST0547,28478.9,Shopping,2026-04-01,0,HIGH,2026-06-10 20:52:12
TXN002426,CUST0355,13684.36,Shopping,2026-04-16,0,HIGH,2026-06-10 20:52:12
TXN002427,CUST0937,29096.81,Travel,2026-02-24,0,HIGH,2026-06-10 20:52:12
TXN002428,CUST0071,43103.73,Shopping,2026-05-07,0,HIGH,2026-06-10 20:52:12
TXN002429,CUST0164,8928.6,Travel,2026-03-29,0,MEDIUM,2026-06-10 20:52:12
TXN002430,CUST0168,13607.27,Shopping,2026-04-17,0,HIGH,2026-06-10 20:52:12
TXN002431,CUST0241,19919.48,Food,2026-03-20,0,HIGH,2026-06-10 20:52:12
TXN002432,CUST0542,41937.73,Travel,2026-05-09,0,HIGH,2026-06-10 20:52:12
TXN002433,CUST0612,25287.32,Shopping,2026-03-22,0,HIGH,2026-06-10 20:52:12
TXN002434,CUST0181,43494.63,Food,2026-01-18,0,HIGH,2026-06-10 20:52:12
TXN002435,CUST0458,34848.15,Travel,2026-05-26,0,HIGH,2026-06-10 20:52:12
TXN002436,CUST0339,25673.82,Shopping,2026-01-04,0,HIGH,2026-06-10 20:52:12
TXN002437,CUST0340,41525.1,Healthcare,2026-04-21,0,HIGH,2026-06-10 20:52:12
TXN002438,CUST0251,34831.97,Food,2026-03-28,0,HIGH,2026-06-10 20:52:12
TXN002439,CUST0111,43453.66,Travel,2026-01-13,0,HIGH,2026-06-10 20:52:12
TXN002440,CUST0693,25689.34,Food,2026-01-10,0,HIGH,2026-06-10 20:52:12
TXN002441,CUST0351,35964.47,Shopping,2026-04-26,0,HIGH,2026-06-10 20:52:12
TXN002442,CUST0501,18419.37,Food,2026-02-09,0,HIGH,2026-06-10 20:52:12
TXN002443,CUST0812,44448.22,Food,2026-04-18,0,HIGH,2026-06-10 20:52:12
TXN002444,CUST0448,22008.54,Food,2026-01-12,0,HIGH,2026-06-10 20:52:12
TXN002445,CUST0565,41558.32,Shopping,2026-02-27,0,HIGH,2026-06-10 20:52:12
TXN002446,CUST0846,41873.26,Shopping,2026-05-28,0,HIGH,2026-06-10 20:52:12
TXN002447,CUST0532,42534.79,Shopping,2026-01-31,0,HIGH,2026-06-10 20:52:12
TXN002448,CUST0835,41565.83,Shopping,2026-02-26,0,HIGH,2026-06-10 20:52:12
TXN002449,CUST0281,46020.88,Food,2026-05-19,0,HIGH,2026-06-10 20:52:12
TXN002450,CUST0361,21882.43,Healthcare,2026-02-08,0,HIGH,2026-06-10 20:52:12
TXN002451,CUST0791,31417.05,Healthcare,2026-05-17,0,HIGH,2026-06-10 20:52:12
TXN002452,CUST0011,12664.89,Healthcare,2026-05-26,0,HIGH,2026-06-10 20:52:12
TXN002453,CUST0558,8766.37,Shopping,2026-05-04,0,MEDIUM,2026-06-10 20:52:12
TXN002454,CUST0257,24674.13,Shopping,2026-06-08,0,HIGH,2026-06-10 20:52:12
TXN002455,CUST0533,7069.89,Travel,2026-02-17,0,MEDIUM,2026-06-10 20:52:12
TXN002456,CUST0887,32307.14,Travel,2026-03-30,0,HIGH,2026-06-10 20:52:12
TXN002457,CUST0516,45157.88,Shopping,2026-05-15,0,HIGH,2026-06-10 20:52:12
TXN002458,CUST0503,17634.78,Food,2026-01-23,0,HIGH,2026-06-10 20:52:12
TXN002459,CUST0368,33831.86,Food,2026-05-08,0,HIGH,2026-06-10 20:52:12
TXN002460,CUST0806,13803.32,Healthcare,2026-03-29,0,HIGH,2026-06-10 20:52:12
TXN002461,CUST0396,2463.69,Shopping,2026-04-27,0,LOW,2026-06-10 20:52:12
TXN002462,CUST0575,15678.39,Food,2026-05-09,0,HIGH,2026-06-10 20:52:12
TXN002463,CUST0059,5367.75,Healthcare,2026-06-01,0,MEDIUM,2026-06-10 20:52:12
TXN002464,CUST0456,33222.94,Healthcare,2026-03-02,0,HIGH,2026-06-10 20:52:12
TXN002465,CUST0445,8060.71,Healthcare,2026-03-02,0,MEDIUM,2026-06-10 20:52:12
TXN002466,CUST0439,46377.38,Healthcare,2026-02-12,0,HIGH,2026-06-10 20:52:12
TXN002467,CUST0491,2689.68,Food,2026-03-10,0,LOW,2026-06-10 20:52:12
TXN002468,CUST0737,10854.3,Travel,2026-03-03,0,HIGH,2026-06-10 20:52:12
TXN002469,CUST0089,32993.98,Food,2026-05-10,0,HIGH,2026-06-10 20:52:12
TXN002470,CUST0238,5963.62,Shopping,2026-02-03,0,MEDIUM,2026-06-10 20:52:12
TXN002471,CUST0007,26634.2,Healthcare,2026-02-12,0,HIGH,2026-06-10 20:52:12
TXN002472,CUST0188,7892.88,Travel,2026-06-01,0,MEDIUM,2026-06-10 20:52:12
TXN002473,CUST0316,33084.92,Travel,2026-02-25,0,HIGH,2026-06-10 20:52:12
TXN002474,CUST0627,36345.88,Shopping,2026-05-25,0,HIGH,2026-06-10 20:52:12
TXN002475,CUST0104,44285.1,Shopping,2026-05-20,0,HIGH,2026-06-10 20:52:12
TXN002476,CUST0857,17561.88,Travel,2026-04-05,0,HIGH,2026-06-10 20:52:12
TXN002477,CUST0626,41690.08,Travel,2026-05-24,0,HIGH,2026-06-10 20:52:12
TXN002478,CUST0444,22527.66,Travel,2026-04-30,0,HIGH,2026-06-10 20:52:12
TXN002479,CUST0045,40076.94,Healthcare,2026-01-01,0,HIGH,2026-06-10 20:52:12
TXN002480,CUST0784,42282.5,Shopping,2026-01-05,0,HIGH,2026-06-10 20:52:12
TXN002481,CUST0509,6265.92,Travel,2026-05-22,0,MEDIUM,2026-06-10 20:52:12
TXN002482,CUST0398,41907.69,Food,2026-02-01,0,HIGH,2026-06-10 20:52:12
TXN002483,CUST0317,14867.1,Healthcare,2026-03-30,0,HIGH,2026-06-10 20:52:12
TXN002484,CUST0988,18877.44,Healthcare,2026-06-02,0,HIGH,2026-06-10 20:52:12
TXN002485,CUST0242,31087.65,Travel,2026-05-19,1,HIGH,2026-06-10 20:52:12
TXN002486,CUST0340,37666.0,Food,2026-02-19,0,HIGH,2026-06-10 20:52:12
TXN002487,CUST0109,25072.02,Shopping,2026-04-25,0,HIGH,2026-06-10 20:52:12
TXN002488,CUST0879,17295.39,Shopping,2026-04-30,0,HIGH,2026-06-10 20:52:12
TXN002489,CUST0426,19110.9,Shopping,2026-01-27,0,HIGH,2026-06-10 20:52:12
TXN002490,CUST0244,29574.38,Healthcare,2026-02-28,1,HIGH,2026-06-10 20:52:12
TXN002491,CUST0514,39305.01,Healthcare,2026-02-28,0,HIGH,2026-06-10 20:52:12
TXN002492,CUST0836,14300.52,Travel,2026-02-02,0,HIGH,2026-06-10 20:52:12
TXN002493,CUST0439,3068.72,Shopping,2026-05-21,0,LOW,2026-06-10 20:52:12
TXN002494,CUST0237,28409.93,Travel,2026-05-05,0,HIGH,2026-06-10 20:52:12
TXN002495,CUST0611,5337.47,Travel,2026-03-01,0,MEDIUM,2026-06-10 20:52:12
TXN002496,CUST0842,12473.95,Food,2026-04-21,0,HIGH,2026-06-10 20:52:12
TXN002497,CUST0041,32130.34,Shopping,2026-02-13,0,HIGH,2026-06-10 20:52:12
TXN002498,CUST0341,40534.36,Travel,2026-01-17,0,HIGH,2026-06-10 20:52:12
TXN002499,CUST0250,4937.6,Food,2026-05-09,0,LOW,2026-06-10 20:52:12
TXN002500,CUST0305,10318.65,Food,2026-02-01,0,HIGH,2026-06-10 20:52:12
TXN002501,CUST0799,23572.78,Travel,2026-03-20,0,HIGH,2026-06-10 20:52:12
TXN002502,CUST0252,11430.8,Healthcare,2026-01-26,0,HIGH,2026-06-10 20:52:12
TXN002503,CUST0017,24514.61,Shopping,2026-02-03,0,HIGH,2026-06-10 20:52:12
TXN002504,CUST0615,39391.48,Healthcare,2026-03-06,0,HIGH,2026-06-10 20:52:12
TXN002505,CUST0663,25331.64,Shopping,2026-02-05,0,HIGH,2026-06-10 20:52:12
TXN002506,CUST0091,17272.23,Shopping,2026-01-08,0,HIGH,2026-06-10 20:52:12
TXN002507,CUST0464,37841.43,Healthcare,2026-01-19,0,HIGH,2026-06-10 20:52:12
TXN002508,CUST0865,22537.28,Travel,2026-03-03,0,HIGH,2026-06-10 20:52:12
TXN002509,CUST0298,31725.1,Food,2026-03-12,0,HIGH,2026-06-10 20:52:12
TXN002510,CUST0800,41988.68,Healthcare,2026-05-15,0,HIGH,2026-06-10 20:52:12
TXN002511,CUST0728,12945.24,Travel,2026-05-04,0,HIGH,2026-06-10 20:52:12
TXN002512,CUST0721,31884.04,Food,2026-03-21,0,HIGH,2026-06-10 20:52:12
TXN002513,CUST0002,39958.49,Travel,2026-05-26,0,HIGH,2026-06-10 20:52:12
TXN002514,CUST0803,26497.57,Travel,2026-05-20,0,HIGH,2026-06-10 20:52:12
TXN002515,CUST0112,33595.58,Shopping,2026-01-12,0,HIGH,2026-06-10 20:52:12
TXN002516,CUST0927,5798.28,Healthcare,2026-04-28,0,MEDIUM,2026-06-10 20:52:12
TXN002517,CUST0654,12219.57,Food,2026-03-06,1,HIGH,2026-06-10 20:52:12
TXN002518,CUST0621,25421.45,Shopping,2026-05-22,0,HIGH,2026-06-10 20:52:12
TXN002519,CUST0505,47517.28,Healthcare,2026-01-29,0,HIGH,2026-06-10 20:52:12
TXN002520,CUST0971,44687.6,Shopping,2026-04-12,1,HIGH,2026-06-10 20:52:12
TXN002521,CUST0414,30655.94,Travel,2026-03-14,0,HIGH,2026-06-10 20:52:12
TXN002522,CUST0569,44863.55,Shopping,2026-01-26,0,HIGH,2026-06-10 20:52:12
TXN002523,CUST0372,30236.03,Food,2026-03-08,0,HIGH,2026-06-10 20:52:12
TXN002524,CUST0968,29944.15,Shopping,2026-03-16,0,HIGH,2026-06-10 20:52:12
TXN002525,CUST0195,3337.62,Healthcare,2026-03-21,0,LOW,2026-06-10 20:52:12
TXN002526,CUST0940,32833.4,Travel,2026-02-04,0,HIGH,2026-06-10 20:52:12
TXN002527,CUST0438,1711.1,Food,2026-06-09,0,LOW,2026-06-10 20:52:12
TXN002528,CUST0179,13816.55,Food,2026-05-05,0,HIGH,2026-06-10 20:52:12
TXN002529,CUST0313,10382.77,Food,2026-02-01,0,HIGH,2026-06-10 20:52:12
TXN002530,CUST0280,20259.02,Food,2026-05-15,0,HIGH,2026-06-10 20:52:12
TXN002531,CUST0424,4236.11,Shopping,2026-06-06,0,LOW,2026-06-10 20:52:12
TXN002532,CUST0179,33031.21,Food,2026-02-15,0,HIGH,2026-06-10 20:52:12
TXN002533,CUST0816,30927.08,Healthcare,2026-06-01,0,HIGH,2026-06-10 20:52:12
TXN002534,CUST0326,45375.8,Shopping,2026-04-21,0,HIGH,2026-06-10 20:52:12
TXN002535,CUST0981,5096.84,Healthcare,2026-04-28,0,MEDIUM,2026-06-10 20:52:12
TXN002536,CUST0399,12297.79,Travel,2026-06-07,0,HIGH,2026-06-10 20:52:12
TXN002537,CUST0481,6811.4,Food,2026-04-15,0,MEDIUM,2026-06-10 20:52:12
TXN002538,CUST0823,28807.06,Food,2026-03-15,0,HIGH,2026-06-10 20:52:12
TXN002539,CUST0975,2399.69,Travel,2026-01-17,0,LOW,2026-06-10 20:52:12
TXN002540,CUST0264,14990.6,Food,2026-02-22,0,HIGH,2026-06-10 20:52:12
TXN002541,CUST0800,35439.75,Shopping,2026-01-13,0,HIGH,2026-06-10 20:52:12
TXN002542,CUST0099,33510.46,Travel,2026-04-02,0,HIGH,2026-06-10 20:52:12
TXN002543,CUST0289,27307.32,Travel,2026-01-17,0,HIGH,2026-06-10 20:52:12
TXN002544,CUST0696,7394.91,Travel,2026-05-11,0,MEDIUM,2026-06-10 20:52:12
TXN002545,CUST0830,12196.98,Healthcare,2026-05-14,0,HIGH,2026-06-10 20:52:12
TXN002546,CUST0662,49859.58,Travel,2026-06-02,0,HIGH,2026-06-10 20:52:12
TXN002547,CUST0406,38033.14,Healthcare,2026-02-12,0,HIGH,2026-06-10 20:52:12
TXN002548,CUST0466,18874.97,Travel,2026-02-05,0,HIGH,2026-06-10 20:52:12
TXN002549,CUST0578,37244.35,Healthcare,2026-06-02,0,HIGH,2026-06-10 20:52:12
TXN002550,CUST0920,23300.06,Travel,2026-02-28,0,HIGH,2026-06-10 20:52:12
TXN002551,CUST0863,977.84,Healthcare,2026-03-25,0,LOW,2026-06-10 20:52:12
TXN002552,CUST0568,8871.75,Shopping,2026-01-27,0,MEDIUM,2026-06-10 20:52:12
TXN002553,CUST0993,27514.36,Shopping,2026-05-10,0,HIGH,2026-06-10 20:52:12
TXN002554,CUST0171,16818.21,Travel,2026-02-12,1,HIGH,2026-06-10 20:52:12
TXN002555,CUST0147,36477.16,Food,2026-03-09,0,HIGH,2026-06-10 20:52:12
TXN002556,CUST0492,31929.73,Travel,2026-05-09,0,HIGH,2026-06-10 20:52:12
TXN002557,CUST0787,28063.08,Food,2026-04-09,0,HIGH,2026-06-10 20:52:12
TXN002558,CUST0299,43810.9,Healthcare,2026-03-30,1,HIGH,2026-06-10 20:52:12
TXN002559,CUST0335,31525.81,Shopping,2026-03-01,1,HIGH,2026-06-10 20:52:12
TXN002560,CUST0481,28851.72,Food,2026-02-19,1,HIGH,2026-06-10 20:52:12
TXN002561,CUST0965,27846.38,Food,2026-04-22,0,HIGH,2026-06-10 20:52:12
TXN002562,CUST0585,37367.84,Shopping,2026-01-15,0,HIGH,2026-06-10 20:52:12
TXN002563,CUST0184,43365.38,Shopping,2026-03-26,0,HIGH,2026-06-10 20:52:12
TXN002564,CUST0015,33863.17,Healthcare,2026-04-08,0,HIGH,2026-06-10 20:52:12
TXN002565,CUST0268,44883.33,Food,2026-06-02,0,HIGH,2026-06-10 20:52:12
TXN002566,CUST0389,5157.0,Food,2026-01-10,0,MEDIUM,2026-06-10 20:52:12
TXN002567,CUST0454,16623.0,Travel,2026-04-17,1,HIGH,2026-06-10 20:52:12
TXN002568,CUST0612,5050.21,Healthcare,2026-02-07,0,MEDIUM,2026-06-10 20:52:12
TXN002569,CUST0576,10239.17,Food,2026-06-06,0,HIGH,2026-06-10 20:52:12
TXN002570,CUST0087,24729.38,Shopping,2026-05-31,0,HIGH,2026-06-10 20:52:12
TXN002571,CUST0554,44412.32,Food,2026-04-07,0,HIGH,2026-06-10 20:52:12
TXN002572,CUST0830,18503.23,Food,2026-04-27,0,HIGH,2026-06-10 20:52:12
TXN002573,CUST0731,44993.23,Shopping,2026-05-13,0,HIGH,2026-06-10 20:52:12
TXN002574,CUST0562,23507.47,Travel,2026-05-15,0,HIGH,2026-06-10 20:52:12
TXN002575,CUST0328,5883.46,Shopping,2026-05-22,0,MEDIUM,2026-06-10 20:52:12
TXN002576,CUST0429,39578.23,Shopping,2026-02-24,0,HIGH,2026-06-10 20:52:12
TXN002577,CUST0150,38577.75,Food,2026-01-17,0,HIGH,2026-06-10 20:52:12
TXN002578,CUST0482,42572.77,Food,2026-03-09,0,HIGH,2026-06-10 20:52:12
TXN002579,CUST0757,29432.36,Shopping,2026-04-07,0,HIGH,2026-06-10 20:52:12
TXN002580,CUST0388,49922.6,Food,2026-02-09,0,HIGH,2026-06-10 20:52:12
TXN002581,CUST0256,43000.21,Food,2026-01-19,0,HIGH,2026-06-10 20:52:12
TXN002582,CUST0462,31333.97,Food,2026-06-05,0,HIGH,2026-06-10 20:52:12
TXN002583,CUST0138,41512.85,Shopping,2026-05-08,0,HIGH,2026-06-10 20:52:12
TXN002584,CUST0183,37061.45,Food,2026-05-15,0,HIGH,2026-06-10 20:52:12
TXN002585,CUST0767,10924.78,Travel,2026-03-05,0,HIGH,2026-06-10 20:52:12
TXN002586,CUST0489,3437.55,Food,2026-02-07,0,LOW,2026-06-10 20:52:12
TXN002587,CUST0196,8916.48,Food,2026-03-09,0,MEDIUM,2026-06-10 20:52:12
TXN002588,CUST0731,16711.99,Shopping,2026-01-18,0,HIGH,2026-06-10 20:52:12
TXN002589,CUST0375,47338.91,Food,2026-03-31,0,HIGH,2026-06-10 20:52:12
TXN002590,CUST0171,35330.18,Travel,2026-02-20,0,HIGH,2026-06-10 20:52:12
TXN002591,CUST0062,23552.64,Food,2026-02-21,0,HIGH,2026-06-10 20:52:12
TXN002592,CUST0912,46493.12,Food,2026-03-19,0,HIGH,2026-06-10 20:52:12
TXN002593,CUST0515,40831.13,Travel,2026-01-12,0,HIGH,2026-06-10 20:52:12
TXN002594,CUST0424,6826.55,Shopping,2026-04-07,0,MEDIUM,2026-06-10 20:52:12
TXN002595,CUST0233,24022.89,Shopping,2026-04-03,0,HIGH,2026-06-10 20:52:12
TXN002596,CUST0893,5235.93,Shopping,2026-05-24,0,MEDIUM,2026-06-10 20:52:12
TXN002597,CUST0840,30676.74,Shopping,2026-04-29,0,HIGH,2026-06-10 20:52:12
TXN002598,CUST0315,10012.99,Shopping,2026-03-13,0,HIGH,2026-06-10 20:52:12
TXN002599,CUST0203,17975.12,Shopping,2026-02-21,1,HIGH,2026-06-10 20:52:12
TXN002600,CUST0767,5250.48,Food,2026-03-13,0,MEDIUM,2026-06-10 20:52:12
TXN002601,CUST0397,15388.65,Travel,2026-05-10,1,HIGH,2026-06-10 20:52:12
TXN002602,CUST0738,10562.19,Travel,2026-05-05,0,HIGH,2026-06-10 20:52:12
TXN002603,CUST0893,10847.66,Food,2026-05-05,0,HIGH,2026-06-10 20:52:12
TXN002604,CUST0497,1818.9,Travel,2026-05-07,0,LOW,2026-06-10 20:52:12
TXN002605,CUST0910,22337.76,Travel,2026-01-02,0,HIGH,2026-06-10 20:52:12
TXN002606,CUST0542,44541.75,Healthcare,2026-01-31,0,HIGH,2026-06-10 20:52:12
TXN002607,CUST0841,17751.18,Shopping,2026-03-26,0,HIGH,2026-06-10 20:52:12
TXN002608,CUST0227,48166.45,Food,2026-02-27,0,HIGH,2026-06-10 20:52:12
TXN002609,CUST0432,8902.65,Healthcare,2026-02-04,0,MEDIUM,2026-06-10 20:52:12
TXN002610,CUST0766,15631.18,Healthcare,2026-05-20,0,HIGH,2026-06-10 20:52:12
TXN002611,CUST0269,27821.36,Shopping,2026-01-14,0,HIGH,2026-06-10 20:52:12
TXN002612,CUST0154,19608.27,Food,2026-04-13,0,HIGH,2026-06-10 20:52:12
TXN002613,CUST0426,49647.29,Travel,2026-01-10,0,HIGH,2026-06-10 20:52:12
TXN002614,CUST0371,5469.91,Travel,2026-02-04,0,MEDIUM,2026-06-10 20:52:12
TXN002615,CUST0302,16045.27,Food,2026-01-02,0,HIGH,2026-06-10 20:52:12
TXN002616,CUST0115,18848.49,Healthcare,2026-03-07,0,HIGH,2026-06-10 20:52:12
TXN002617,CUST0279,2425.66,Shopping,2026-05-01,0,LOW,2026-06-10 20:52:12
TXN002618,CUST0564,17657.88,Healthcare,2026-02-07,0,HIGH,2026-06-10 20:52:12
TXN002619,CUST0561,34049.28,Shopping,2026-02-03,0,HIGH,2026-06-10 20:52:12
TXN002620,CUST0293,23723.14,Healthcare,2026-04-19,0,HIGH,2026-06-10 20:52:12
TXN002621,CUST0659,25561.09,Shopping,2026-01-06,0,HIGH,2026-06-10 20:52:12
TXN002622,CUST0518,31160.49,Food,2026-03-09,0,HIGH,2026-06-10 20:52:12
TXN002623,CUST0648,5163.42,Healthcare,2026-03-30,0,MEDIUM,2026-06-10 20:52:12
TXN002624,CUST0236,5761.91,Healthcare,2026-03-15,0,MEDIUM,2026-06-10 20:52:12
TXN002625,CUST0565,35640.2,Travel,2026-01-04,0,HIGH,2026-06-10 20:52:12
TXN002626,CUST0310,205.87,Food,2026-02-23,0,LOW,2026-06-10 20:52:12
TXN002627,CUST0872,12860.59,Food,2026-05-04,0,HIGH,2026-06-10 20:52:12
TXN002628,CUST0613,43918.39,Shopping,2026-01-24,1,HIGH,2026-06-10 20:52:12
TXN002629,CUST0698,11357.8,Travel,2026-01-22,0,HIGH,2026-06-10 20:52:12
TXN002630,CUST0676,12752.6,Travel,2026-03-09,0,HIGH,2026-06-10 20:52:12
TXN002631,CUST0703,33239.68,Food,2026-02-16,0,HIGH,2026-06-10 20:52:12
TXN002632,CUST0242,26555.3,Healthcare,2026-01-05,0,HIGH,2026-06-10 20:52:12
TXN002633,CUST0382,27318.6,Healthcare,2026-03-09,0,HIGH,2026-06-10 20:52:12
TXN002634,CUST0508,15934.17,Healthcare,2026-04-25,0,HIGH,2026-06-10 20:52:12
TXN002635,CUST0840,26083.42,Travel,2026-04-18,0,HIGH,2026-06-10 20:52:12
TXN002636,CUST0025,23472.38,Healthcare,2026-02-05,0,HIGH,2026-06-10 20:52:12
TXN002637,CUST0539,36929.6,Travel,2026-01-24,0,HIGH,2026-06-10 20:52:12
TXN002638,CUST0760,9945.17,Shopping,2026-05-04,0,MEDIUM,2026-06-10 20:52:12
TXN002639,CUST0171,7020.4,Shopping,2026-04-30,0,MEDIUM,2026-06-10 20:52:12
TXN002640,CUST0735,39330.14,Travel,2026-04-06,0,HIGH,2026-06-10 20:52:12
TXN002641,CUST0976,11399.08,Shopping,2026-01-01,0,HIGH,2026-06-10 20:52:12
TXN002642,CUST0895,1485.54,Shopping,2026-04-10,0,LOW,2026-06-10 20:52:12
TXN002643,CUST0549,1827.81,Travel,2026-03-23,0,LOW,2026-06-10 20:52:12
TXN002644,CUST0583,9048.71,Travel,2026-01-26,0,MEDIUM,2026-06-10 20:52:12
TXN002645,CUST0053,832.03,Healthcare,2026-03-04,0,LOW,2026-06-10 20:52:12
TXN002646,CUST0284,29384.81,Healthcare,2026-01-01,0,HIGH,2026-06-10 20:52:12
TXN002647,CUST0382,8716.52,Travel,2026-03-22,0,MEDIUM,2026-06-10 20:52:12
TXN002648,CUST0814,3810.74,Travel,2026-01-04,0,LOW,2026-06-10 20:52:12
TXN002649,CUST0460,12851.61,Food,2026-04-30,0,HIGH,2026-06-10 20:52:12
TXN002650,CUST0395,45197.98,Healthcare,2026-05-21,0,HIGH,2026-06-10 20:52:12
TXN002651,CUST0637,47714.39,Shopping,2026-04-10,0,HIGH,2026-06-10 20:52:12
TXN002652,CUST0495,31337.67,Healthcare,2026-01-14,0,HIGH,2026-06-10 20:52:12
TXN002653,CUST0610,40763.58,Healthcare,2026-04-04,0,HIGH,2026-06-10 20:52:12
TXN002654,CUST0043,5896.28,Food,2026-01-27,0,MEDIUM,2026-06-10 20:52:12
TXN002655,CUST0902,21159.54,Healthcare,2026-03-01,0,HIGH,2026-06-10 20:52:12
TXN002656,CUST0426,16048.47,Shopping,2026-03-23,0,HIGH,2026-06-10 20:52:12
TXN002657,CUST0506,27954.34,Healthcare,2026-05-27,0,HIGH,2026-06-10 20:52:12
TXN002658,CUST0882,8942.09,Healthcare,2026-04-02,0,MEDIUM,2026-06-10 20:52:12
TXN002659,CUST0569,25906.82,Shopping,2026-05-04,0,HIGH,2026-06-10 20:52:12
TXN002660,CUST0885,44685.92,Food,2026-04-08,0,HIGH,2026-06-10 20:52:12
TXN002661,CUST0715,26145.11,Healthcare,2026-01-09,0,HIGH,2026-06-10 20:52:12
TXN002662,CUST0840,23247.39,Travel,2026-03-05,0,HIGH,2026-06-10 20:52:12
TXN002663,CUST0371,12522.84,Shopping,2026-05-19,1,HIGH,2026-06-10 20:52:12
TXN002664,CUST0437,9277.6,Food,2026-01-18,0,MEDIUM,2026-06-10 20:52:12
TXN002665,CUST0343,30136.92,Healthcare,2026-01-05,0,HIGH,2026-06-10 20:52:12
TXN002666,CUST0030,8978.92,Shopping,2026-04-14,0,MEDIUM,2026-06-10 20:52:12
TXN002667,CUST0317,12456.71,Travel,2026-03-19,0,HIGH,2026-06-10 20:52:12
TXN002668,CUST0472,23417.94,Shopping,2026-01-17,0,HIGH,2026-06-10 20:52:12
TXN002669,CUST0060,5970.39,Shopping,2026-05-08,0,MEDIUM,2026-06-10 20:52:12
TXN002670,CUST0094,4738.79,Travel,2026-05-01,0,LOW,2026-06-10 20:52:12
TXN002671,CUST0932,15594.11,Shopping,2026-05-11,0,HIGH,2026-06-10 20:52:12
TXN002672,CUST0540,1887.92,Shopping,2026-03-05,0,LOW,2026-06-10 20:52:12
TXN002673,CUST0354,20232.88,Food,2026-06-01,0,HIGH,2026-06-10 20:52:12
TXN002674,CUST0099,1686.52,Shopping,2026-05-01,0,LOW,2026-06-10 20:52:12
TXN002675,CUST0455,25611.15,Travel,2026-04-14,0,HIGH,2026-06-10 20:52:12
TXN002676,CUST0971,223.64,Food,2026-06-04,0,LOW,2026-06-10 20:52:12
TXN002677,CUST0070,48695.58,Travel,2026-01-15,0,HIGH,2026-06-10 20:52:12
TXN002678,CUST0883,12464.34,Healthcare,2026-05-21,1,HIGH,2026-06-10 20:52:12
TXN002679,CUST0327,26413.26,Travel,2026-02-08,0,HIGH,2026-06-10 20:52:12
TXN002680,CUST0580,11533.3,Travel,2026-06-09,0,HIGH,2026-06-10 20:52:12
TXN002681,CUST0313,31860.28,Healthcare,2026-05-16,0,HIGH,2026-06-10 20:52:12
TXN002682,CUST0665,24017.17,Shopping,2026-03-05,0,HIGH,2026-06-10 20:52:12
TXN002683,CUST0901,41634.19,Travel,2026-04-15,0,HIGH,2026-06-10 20:52:12
TXN002684,CUST0574,19472.58,Food,2026-04-26,0,HIGH,2026-06-10 20:52:12
TXN002685,CUST0175,1721.79,Travel,2026-01-24,0,LOW,2026-06-10 20:52:12
TXN002686,CUST0248,49333.16,Healthcare,2026-02-02,0,HIGH,2026-06-10 20:52:12
TXN002687,CUST0190,11258.23,Food,2026-04-18,0,HIGH,2026-06-10 20:52:12
TXN002688,CUST0301,14871.83,Travel,2026-04-28,0,HIGH,2026-06-10 20:52:12
TXN002689,CUST0410,18356.9,Shopping,2026-04-03,0,HIGH,2026-06-10 20:52:12
TXN002690,CUST0652,47593.74,Travel,2026-04-11,0,HIGH,2026-06-10 20:52:12
TXN002691,CUST0940,35121.33,Healthcare,2026-01-01,0,HIGH,2026-06-10 20:52:12
TXN002692,CUST0365,7644.59,Shopping,2026-02-17,0,MEDIUM,2026-06-10 20:52:12
TXN002693,CUST0002,19730.49,Food,2026-01-30,0,HIGH,2026-06-10 20:52:12
TXN002694,CUST0977,19197.18,Food,2026-05-16,0,HIGH,2026-06-10 20:52:12
TXN002695,CUST0675,4978.35,Travel,2026-01-07,0,LOW,2026-06-10 20:52:12
TXN002696,CUST0116,21806.84,Healthcare,2026-03-17,0,HIGH,2026-06-10 20:52:12
TXN002697,CUST0822,20961.53,Travel,2026-04-25,0,HIGH,2026-06-10 20:52:12
TXN002698,CUST0146,43153.31,Healthcare,2026-01-05,0,HIGH,2026-06-10 20:52:12
TXN002699,CUST0398,5705.54,Travel,2026-03-11,0,MEDIUM,2026-06-10 20:52:12
TXN002700,CUST0388,26775.7,Food,2026-01-06,0,HIGH,2026-06-10 20:52:12
TXN002701,CUST0060,6672.25,Shopping,2026-01-04,0,MEDIUM,2026-06-10 20:52:12
TXN002702,CUST0598,28609.37,Shopping,2026-03-24,0,HIGH,2026-06-10 20:52:12
TXN002703,CUST0568,45669.35,Travel,2026-04-12,0,HIGH,2026-06-10 20:52:12
TXN002704,CUST0292,22954.88,Healthcare,2026-02-21,0,HIGH,2026-06-10 20:52:12
TXN002705,CUST0920,25149.7,Shopping,2026-01-29,0,HIGH,2026-06-10 20:52:12
TXN002706,CUST0443,26358.08,Shopping,2026-04-30,1,HIGH,2026-06-10 20:52:12
TXN002707,CUST0981,3639.42,Healthcare,2026-05-17,0,LOW,2026-06-10 20:52:12
TXN002708,CUST0014,49859.89,Healthcare,2026-01-17,0,HIGH,2026-06-10 20:52:12
TXN002709,CUST0923,13402.75,Food,2026-04-08,0,HIGH,2026-06-10 20:52:12
TXN002710,CUST0722,11500.91,Food,2026-02-23,0,HIGH,2026-06-10 20:52:12
TXN002711,CUST0950,46495.59,Healthcare,2026-01-18,0,HIGH,2026-06-10 20:52:12
TXN002712,CUST0815,30256.3,Healthcare,2026-01-04,0,HIGH,2026-06-10 20:52:12
TXN002713,CUST0673,19625.21,Healthcare,2026-04-03,0,HIGH,2026-06-10 20:52:12
TXN002714,CUST0854,47878.42,Food,2026-05-05,0,HIGH,2026-06-10 20:52:12
TXN002715,CUST0233,43227.52,Shopping,2026-05-03,0,HIGH,2026-06-10 20:52:12
TXN002716,CUST0395,38216.04,Travel,2026-01-09,0,HIGH,2026-06-10 20:52:12
TXN002717,CUST0502,16747.68,Travel,2026-02-17,0,HIGH,2026-06-10 20:52:12
TXN002718,CUST0085,3208.62,Shopping,2026-04-11,0,LOW,2026-06-10 20:52:12
TXN002719,CUST0323,48064.04,Shopping,2026-03-14,0,HIGH,2026-06-10 20:52:12
TXN002720,CUST0928,21038.91,Food,2026-03-26,1,HIGH,2026-06-10 20:52:12
TXN002721,CUST0449,17968.79,Food,2026-03-17,0,HIGH,2026-06-10 20:52:12
TXN002722,CUST0278,45788.71,Shopping,2026-05-24,0,HIGH,2026-06-10 20:52:12
TXN002723,CUST0602,5270.53,Travel,2026-05-24,0,MEDIUM,2026-06-10 20:52:12
TXN002724,CUST0472,2914.23,Travel,2026-03-16,0,LOW,2026-06-10 20:52:12
TXN002725,CUST0930,46049.31,Healthcare,2026-04-24,0,HIGH,2026-06-10 20:52:12
TXN002726,CUST0249,42480.01,Travel,2026-06-04,0,HIGH,2026-06-10 20:52:12
TXN002727,CUST0307,22209.43,Healthcare,2026-04-03,0,HIGH,2026-06-10 20:52:12
TXN002728,CUST0736,8862.05,Shopping,2026-03-08,0,MEDIUM,2026-06-10 20:52:12
TXN002729,CUST0206,29629.36,Food,2026-02-25,0,HIGH,2026-06-10 20:52:12
TXN002730,CUST0593,6589.16,Food,2026-03-31,0,MEDIUM,2026-06-10 20:52:12
TXN002731,CUST0257,40776.65,Travel,2026-01-29,0,HIGH,2026-06-10 20:52:12
TXN002732,CUST0602,992.23,Healthcare,2026-06-01,1,LOW,2026-06-10 20:52:12
TXN002733,CUST0519,29297.07,Healthcare,2026-03-01,0,HIGH,2026-06-10 20:52:12
TXN002734,CUST0044,25610.24,Travel,2026-04-10,0,HIGH,2026-06-10 20:52:12
TXN002735,CUST0738,25282.35,Travel,2026-01-15,0,HIGH,2026-06-10 20:52:12
TXN002736,CUST0587,23740.79,Food,2026-03-28,0,HIGH,2026-06-10 20:52:12
TXN002737,CUST0651,46351.33,Travel,2026-05-14,0,HIGH,2026-06-10 20:52:12
TXN002738,CUST0065,16633.74,Shopping,2026-01-15,0,HIGH,2026-06-10 20:52:12
TXN002739,CUST0117,35012.41,Food,2026-05-05,0,HIGH,2026-06-10 20:52:12
TXN002740,CUST0960,9241.87,Shopping,2026-01-23,0,MEDIUM,2026-06-10 20:52:12
TXN002741,CUST0280,3374.9,Shopping,2026-04-26,0,LOW,2026-06-10 20:52:12
TXN002742,CUST0489,36813.52,Shopping,2026-01-31,0,HIGH,2026-06-10 20:52:12
TXN002743,CUST0976,15333.5,Healthcare,2026-05-31,0,HIGH,2026-06-10 20:52:12
TXN002744,CUST0855,25030.07,Food,2026-03-29,0,HIGH,2026-06-10 20:52:12
TXN002745,CUST0173,202.04,Shopping,2026-04-08,1,LOW,2026-06-10 20:52:12
TXN002746,CUST0099,28369.17,Travel,2026-04-28,0,HIGH,2026-06-10 20:52:12
TXN002747,CUST0367,48074.75,Food,2026-02-07,0,HIGH,2026-06-10 20:52:12
TXN002748,CUST0264,26741.69,Shopping,2026-05-21,0,HIGH,2026-06-10 20:52:12
TXN002749,CUST0845,31083.31,Travel,2026-05-22,0,HIGH,2026-06-10 20:52:12
TXN002750,CUST0530,11227.3,Travel,2026-02-10,0,HIGH,2026-06-10 20:52:12
TXN002751,CUST0096,2698.92,Food,2026-01-13,0,LOW,2026-06-10 20:52:12
TXN002752,CUST0062,8849.64,Food,2026-02-04,0,MEDIUM,2026-06-10 20:52:12
TXN002753,CUST0395,18686.87,Healthcare,2026-04-14,0,HIGH,2026-06-10 20:52:12
TXN002754,CUST0330,32133.63,Food,2026-03-27,0,HIGH,2026-06-10 20:52:12
TXN002755,CUST0221,12237.17,Food,2026-05-09,0,HIGH,2026-06-10 20:52:12
TXN002756,CUST0990,48658.61,Healthcare,2026-06-07,0,HIGH,2026-06-10 20:52:12
TXN002757,CUST0636,20004.84,Shopping,2026-05-10,0,HIGH,2026-06-10 20:52:12
TXN002758,CUST0457,8684.77,Healthcare,2026-01-10,0,MEDIUM,2026-06-10 20:52:12
TXN002759,CUST0205,26621.06,Food,2026-06-08,0,HIGH,2026-06-10 20:52:12
TXN002760,CUST0359,24441.55,Food,2026-05-03,0,HIGH,2026-06-10 20:52:12
TXN002761,CUST0686,37095.01,Travel,2026-03-11,0,HIGH,2026-06-10 20:52:12
TXN002762,CUST0484,30167.68,Travel,2026-05-23,0,HIGH,2026-06-10 20:52:12
TXN002763,CUST0647,29568.43,Shopping,2026-04-06,0,HIGH,2026-06-10 20:52:12
TXN002764,CUST0297,37973.75,Travel,2026-01-25,0,HIGH,2026-06-10 20:52:12
TXN002765,CUST0249,44987.95,Healthcare,2026-03-07,0,HIGH,2026-06-10 20:52:12
TXN002766,CUST0286,1366.78,Healthcare,2026-05-12,0,LOW,2026-06-10 20:52:12
TXN002767,CUST0998,1183.08,Food,2026-04-16,0,LOW,2026-06-10 20:52:12
TXN002768,CUST0933,9568.59,Shopping,2026-05-15,0,MEDIUM,2026-06-10 20:52:12
TXN002769,CUST0659,41393.08,Food,2026-04-01,0,HIGH,2026-06-10 20:52:12
TXN002770,CUST0442,29273.81,Travel,2026-05-26,0,HIGH,2026-06-10 20:52:12
TXN002771,CUST0928,39800.6,Food,2026-05-14,0,HIGH,2026-06-10 20:52:12
TXN002772,CUST0786,30.16,Shopping,2026-04-22,0,LOW,2026-06-10 20:52:12
TXN002773,CUST0249,40349.18,Healthcare,2026-03-05,0,HIGH,2026-06-10 20:52:12
TXN002774,CUST0362,18321.2,Food,2026-01-09,0,HIGH,2026-06-10 20:52:12
TXN002775,CUST0165,43623.6,Shopping,2026-04-29,0,HIGH,2026-06-10 20:52:12
TXN002776,CUST0206,5413.87,Food,2026-02-02,0,MEDIUM,2026-06-10 20:52:12
TXN002777,CUST0625,12539.71,Shopping,2026-03-16,0,HIGH,2026-06-10 20:52:12
TXN002778,CUST0412,33684.35,Travel,2026-01-26,0,HIGH,2026-06-10 20:52:12
TXN002779,CUST0119,19966.57,Healthcare,2026-03-26,0,HIGH,2026-06-10 20:52:12
TXN002780,CUST0520,35265.28,Food,2026-03-15,0,HIGH,2026-06-10 20:52:12
TXN002781,CUST0086,26995.32,Travel,2026-02-17,0,HIGH,2026-06-10 20:52:12
TXN002782,CUST0607,23303.79,Shopping,2026-06-04,0,HIGH,2026-06-10 20:52:12
TXN002783,CUST0188,10565.62,Travel,2026-03-01,0,HIGH,2026-06-10 20:52:12
TXN002784,CUST0179,2810.58,Travel,2026-01-04,0,LOW,2026-06-10 20:52:12
TXN002785,CUST0941,16379.55,Food,2026-02-20,0,HIGH,2026-06-10 20:52:12
TXN002786,CUST0843,6018.83,Food,2026-01-15,0,MEDIUM,2026-06-10 20:52:12
TXN002787,CUST0561,44279.44,Travel,2026-03-13,0,HIGH,2026-06-10 20:52:12
TXN002788,CUST0420,49729.66,Travel,2026-03-16,0,HIGH,2026-06-10 20:52:12
TXN002789,CUST0804,44038.71,Healthcare,2026-04-05,0,HIGH,2026-06-10 20:52:12
TXN002790,CUST0478,913.53,Food,2026-01-15,0,LOW,2026-06-10 20:52:12
TXN002791,CUST0197,27869.99,Shopping,2026-05-03,0,HIGH,2026-06-10 20:52:12
TXN002792,CUST0567,6788.5,Shopping,2026-03-18,0,MEDIUM,2026-06-10 20:52:12
TXN002793,CUST0349,25940.98,Travel,2026-02-03,0,HIGH,2026-06-10 20:52:12
TXN002794,CUST0051,40707.65,Food,2026-01-28,0,HIGH,2026-06-10 20:52:12
TXN002795,CUST0464,15195.75,Food,2026-01-26,0,HIGH,2026-06-10 20:52:12
TXN002796,CUST0678,13179.97,Healthcare,2026-03-30,0,HIGH,2026-06-10 20:52:12
TXN002797,CUST0272,11049.54,Shopping,2026-01-24,0,HIGH,2026-06-10 20:52:12
TXN002798,CUST0837,14916.7,Shopping,2026-03-09,0,HIGH,2026-06-10 20:52:12
TXN002799,CUST0271,19380.0,Shopping,2026-01-16,0,HIGH,2026-06-10 20:52:12
TXN002800,CUST0933,17950.26,Travel,2026-06-01,0,HIGH,2026-06-10 20:52:12
TXN002801,CUST0737,24744.67,Healthcare,2026-02-14,0,HIGH,2026-06-10 20:52:12
TXN002802,CUST0028,41208.93,Healthcare,2026-04-25,0,HIGH,2026-06-10 20:52:12
TXN002803,CUST0227,14934.48,Healthcare,2026-01-16,0,HIGH,2026-06-10 20:52:12
TXN002804,CUST0604,48288.93,Shopping,2026-05-12,0,HIGH,2026-06-10 20:52:12
TXN002805,CUST0087,18245.35,Food,2026-03-28,0,HIGH,2026-06-10 20:52:12
TXN002806,CUST0099,45804.4,Shopping,2026-02-19,0,HIGH,2026-06-10 20:52:12
TXN002807,CUST0304,33062.96,Food,2026-06-08,0,HIGH,2026-06-10 20:52:12
TXN002808,CUST0400,118.24,Food,2026-04-23,0,LOW,2026-06-10 20:52:12
TXN002809,CUST0420,6267.16,Healthcare,2026-02-05,0,MEDIUM,2026-06-10 20:52:12
TXN002810,CUST0571,45502.49,Travel,2026-02-16,0,HIGH,2026-06-10 20:52:12
TXN002811,CUST0830,14945.3,Food,2026-01-15,0,HIGH,2026-06-10 20:52:12
TXN002812,CUST0755,39980.37,Travel,2026-01-08,0,HIGH,2026-06-10 20:52:12
TXN002813,CUST0283,7817.35,Travel,2026-05-16,0,MEDIUM,2026-06-10 20:52:12
TXN002814,CUST0932,49621.19,Food,2026-05-07,0,HIGH,2026-06-10 20:52:12
TXN002815,CUST0098,1274.03,Food,2026-04-08,0,LOW,2026-06-10 20:52:12
TXN002816,CUST0760,27293.2,Food,2026-03-06,0,HIGH,2026-06-10 20:52:12
TXN002817,CUST1000,28548.83,Food,2026-03-05,1,HIGH,2026-06-10 20:52:12
TXN002818,CUST0759,15136.31,Travel,2026-01-14,0,HIGH,2026-06-10 20:52:12
TXN002819,CUST0249,2427.56,Healthcare,2026-06-01,0,LOW,2026-06-10 20:52:12
TXN002820,CUST0984,11800.69,Shopping,2026-03-28,0,HIGH,2026-06-10 20:52:12
TXN002821,CUST0883,4760.11,Shopping,2026-01-17,0,LOW,2026-06-10 20:52:12
TXN002822,CUST0155,19581.16,Food,2026-03-11,0,HIGH,2026-06-10 20:52:12
TXN002823,CUST0542,35331.13,Shopping,2026-05-03,0,HIGH,2026-06-10 20:52:12
TXN002824,CUST0175,584.86,Food,2026-02-05,0,LOW,2026-06-10 20:52:12
TXN002825,CUST0693,275.12,Shopping,2026-04-27,0,LOW,2026-06-10 20:52:12
TXN002826,CUST0114,19145.87,Travel,2026-03-13,0,HIGH,2026-06-10 20:52:12
TXN002827,CUST0396,33435.74,Food,2026-03-21,0,HIGH,2026-06-10 20:52:12
TXN002828,CUST0774,16268.57,Shopping,2026-05-17,0,HIGH,2026-06-10 20:52:12
TXN002829,CUST0276,3284.7,Shopping,2026-02-12,0,LOW,2026-06-10 20:52:12
TXN002830,CUST0432,15797.85,Food,2026-03-11,1,HIGH,2026-06-10 20:52:12
TXN002831,CUST0940,12896.68,Healthcare,2026-05-24,0,HIGH,2026-06-10 20:52:12
TXN002832,CUST0045,18036.2,Travel,2026-01-04,0,HIGH,2026-06-10 20:52:12
TXN002833,CUST0571,44034.72,Travel,2026-04-12,0,HIGH,2026-06-10 20:52:12
TXN002834,CUST0276,22092.09,Travel,2026-01-02,0,HIGH,2026-06-10 20:52:12
TXN002835,CUST0822,46182.59,Food,2026-04-09,0,HIGH,2026-06-10 20:52:12
TXN002836,CUST0783,38363.88,Shopping,2026-06-03,0,HIGH,2026-06-10 20:52:12
TXN002837,CUST0549,89.62,Travel,2026-04-26,0,LOW,2026-06-10 20:52:12
TXN002838,CUST0990,6887.77,Healthcare,2026-05-16,0,MEDIUM,2026-06-10 20:52:12
TXN002839,CUST0440,14984.26,Food,2026-02-11,0,HIGH,2026-06-10 20:52:12
TXN002840,CUST0097,4860.72,Travel,2026-04-27,0,LOW,2026-06-10 20:52:12
TXN002841,CUST0434,44144.07,Shopping,2026-01-11,0,HIGH,2026-06-10 20:52:12
TXN002842,CUST0960,48213.81,Travel,2026-02-04,0,HIGH,2026-06-10 20:52:12
TXN002843,CUST0679,36910.92,Food,2026-02-21,0,HIGH,2026-06-10 20:52:12
TXN002844,CUST0216,5770.68,Travel,2026-02-20,0,MEDIUM,2026-06-10 20:52:12
TXN002845,CUST0373,6557.15,Healthcare,2026-04-02,0,MEDIUM,2026-06-10 20:52:12
TXN002846,CUST0384,48896.74,Food,2026-03-03,0,HIGH,2026-06-10 20:52:12
TXN002847,CUST0579,45049.37,Shopping,2026-01-07,0,HIGH,2026-06-10 20:52:12
TXN002848,CUST0059,42202.5,Food,2026-03-29,0,HIGH,2026-06-10 20:52:12
TXN002849,CUST0271,37614.09,Food,2026-01-08,0,HIGH,2026-06-10 20:52:12
TXN002850,CUST0311,7262.7,Travel,2026-01-25,0,MEDIUM,2026-06-10 20:52:12
TXN002851,CUST0649,40669.95,Healthcare,2026-03-17,0,HIGH,2026-06-10 20:52:12
TXN002852,CUST0287,980.84,Travel,2026-01-04,0,LOW,2026-06-10 20:52:12
TXN002853,CUST0952,18931.74,Shopping,2026-03-20,0,HIGH,2026-06-10 20:52:12
TXN002854,CUST0081,27294.53,Shopping,2026-03-30,0,HIGH,2026-06-10 20:52:12
TXN002855,CUST0847,46059.0,Travel,2026-03-10,0,HIGH,2026-06-10 20:52:12
TXN002856,CUST0967,48168.57,Travel,2026-04-10,0,HIGH,2026-06-10 20:52:12
TXN002857,CUST0530,37650.7,Travel,2026-04-08,0,HIGH,2026-06-10 20:52:12
TXN002858,CUST0467,49076.24,Healthcare,2026-04-17,0,HIGH,2026-06-10 20:52:12
TXN002859,CUST0571,42571.3,Shopping,2026-04-11,0,HIGH,2026-06-10 20:52:12
TXN002860,CUST0135,38330.87,Shopping,2026-03-23,0,HIGH,2026-06-10 20:52:12
TXN002861,CUST0417,15896.75,Shopping,2026-03-01,0,HIGH,2026-06-10 20:52:12
TXN002862,CUST0911,43852.43,Healthcare,2026-03-26,0,HIGH,2026-06-10 20:52:12
TXN002863,CUST0835,33828.02,Travel,2026-02-27,0,HIGH,2026-06-10 20:52:12
TXN002864,CUST0466,46753.64,Healthcare,2026-02-22,0,HIGH,2026-06-10 20:52:12
TXN002865,CUST0912,24999.97,Travel,2026-02-25,0,HIGH,2026-06-10 20:52:12
TXN002866,CUST0161,23210.8,Travel,2026-02-21,1,HIGH,2026-06-10 20:52:12
TXN002867,CUST0570,12829.01,Shopping,2026-01-07,0,HIGH,2026-06-10 20:52:12
TXN002868,CUST0132,10838.71,Travel,2026-01-31,0,HIGH,2026-06-10 20:52:12
TXN002869,CUST0013,16601.29,Shopping,2026-05-25,0,HIGH,2026-06-10 20:52:12
TXN002870,CUST0255,4616.39,Healthcare,2026-05-16,0,LOW,2026-06-10 20:52:12
TXN002871,CUST0024,21377.24,Healthcare,2026-03-06,0,HIGH,2026-06-10 20:52:12
TXN002872,CUST0895,10635.48,Food,2026-05-26,0,HIGH,2026-06-10 20:52:12
TXN002873,CUST0248,34653.63,Healthcare,2026-04-22,1,HIGH,2026-06-10 20:52:12
TXN002874,CUST0202,48063.74,Travel,2026-01-17,0,HIGH,2026-06-10 20:52:12
TXN002875,CUST0527,37224.36,Shopping,2026-02-02,0,HIGH,2026-06-10 20:52:12
TXN002876,CUST0427,39517.95,Food,2026-01-27,0,HIGH,2026-06-10 20:52:12
TXN002877,CUST0069,32837.27,Shopping,2026-03-21,0,HIGH,2026-06-10 20:52:12
TXN002878,CUST0914,35654.36,Travel,2026-04-24,0,HIGH,2026-06-10 20:52:12
TXN002879,CUST0846,8146.35,Shopping,2026-03-14,0,MEDIUM,2026-06-10 20:52:12
TXN002880,CUST0646,11658.82,Travel,2026-05-12,0,HIGH,2026-06-10 20:52:12
TXN002881,CUST0619,8829.53,Shopping,2026-01-22,0,MEDIUM,2026-06-10 20:52:12
TXN002882,CUST0959,31808.54,Healthcare,2026-04-27,0,HIGH,2026-06-10 20:52:12
TXN002883,CUST0788,5801.27,Food,2026-04-02,0,MEDIUM,2026-06-10 20:52:12
TXN002884,CUST0145,45337.95,Shopping,2026-03-22,0,HIGH,2026-06-10 20:52:12
TXN002885,CUST0155,42644.61,Food,2026-03-22,0,HIGH,2026-06-10 20:52:12
TXN002886,CUST0638,34451.4,Healthcare,2026-01-20,0,HIGH,2026-06-10 20:52:12
TXN002887,CUST0340,8296.2,Travel,2026-04-05,0,MEDIUM,2026-06-10 20:52:12
TXN002888,CUST0634,41861.42,Healthcare,2026-01-10,0,HIGH,2026-06-10 20:52:12
TXN002889,CUST0866,24497.21,Healthcare,2026-05-10,0,HIGH,2026-06-10 20:52:12
TXN002890,CUST0289,14143.14,Shopping,2026-03-11,0,HIGH,2026-06-10 20:52:12
TXN002891,CUST0822,41081.39,Healthcare,2026-03-13,0,HIGH,2026-06-10 20:52:12
TXN002892,CUST0723,32988.31,Shopping,2026-02-18,0,HIGH,2026-06-10 20:52:12
TXN002893,CUST0515,41661.1,Food,2026-01-01,0,HIGH,2026-06-10 20:52:12
TXN002894,CUST0378,10810.6,Shopping,2026-01-15,0,HIGH,2026-06-10 20:52:12
TXN002895,CUST0963,2473.01,Travel,2026-01-11,0,LOW,2026-06-10 20:52:12
TXN002896,CUST0693,43589.57,Healthcare,2026-05-13,0,HIGH,2026-06-10 20:52:12
TXN002897,CUST0638,34850.49,Travel,2026-04-15,0,HIGH,2026-06-10 20:52:12
TXN002898,CUST0402,48370.28,Healthcare,2026-02-21,0,HIGH,2026-06-10 20:52:12
TXN002899,CUST0268,23600.81,Food,2026-05-05,0,HIGH,2026-06-10 20:52:12
TXN002900,CUST0112,31935.55,Healthcare,2026-02-11,0,HIGH,2026-06-10 20:52:12
TXN002901,CUST0613,2876.4,Travel,2026-05-16,0,LOW,2026-06-10 20:52:12
TXN002902,CUST0053,47192.25,Travel,2026-06-02,0,HIGH,2026-06-10 20:52:12
TXN002903,CUST0706,8492.96,Travel,2026-05-23,0,MEDIUM,2026-06-10 20:52:12
TXN002904,CUST0625,49437.45,Food,2026-05-09,0,HIGH,2026-06-10 20:52:12
TXN002905,CUST0697,8112.0,Healthcare,2026-03-24,0,MEDIUM,2026-06-10 20:52:12
TXN002906,CUST0740,12441.31,Shopping,2026-03-09,0,HIGH,2026-06-10 20:52:12
TXN002907,CUST0131,36308.83,Healthcare,2026-03-27,1,HIGH,2026-06-10 20:52:12
TXN002908,CUST0045,33982.03,Healthcare,2026-05-14,0,HIGH,2026-06-10 20:52:12
TXN002909,CUST0118,48452.45,Shopping,2026-04-04,0,HIGH,2026-06-10 20:52:12
TXN002910,CUST0372,36157.3,Food,2026-03-12,0,HIGH,2026-06-10 20:52:12
TXN002911,CUST0380,18436.31,Shopping,2026-04-20,0,HIGH,2026-06-10 20:52:12
TXN002912,CUST0720,20556.06,Travel,2026-03-21,0,HIGH,2026-06-10 20:52:12
TXN002913,CUST0822,27797.26,Shopping,2026-03-17,0,HIGH,2026-06-10 20:52:12
TXN002914,CUST0125,33161.4,Shopping,2026-05-20,0,HIGH,2026-06-10 20:52:12
TXN002915,CUST0557,1537.4,Healthcare,2026-01-12,0,LOW,2026-06-10 20:52:12
TXN002916,CUST0795,27495.08,Travel,2026-02-04,0,HIGH,2026-06-10 20:52:12
TXN002917,CUST0976,26684.46,Food,2026-04-27,0,HIGH,2026-06-10 20:52:12
TXN002918,CUST0694,3046.73,Healthcare,2026-02-13,0,LOW,2026-06-10 20:52:12
TXN002919,CUST0910,14743.0,Food,2026-01-29,0,HIGH,2026-06-10 20:52:12
TXN002920,CUST0418,16658.33,Shopping,2026-06-08,0,HIGH,2026-06-10 20:52:12
TXN002921,CUST0993,14758.71,Travel,2026-01-04,0,HIGH,2026-06-10 20:52:12
TXN002922,CUST0682,41216.48,Travel,2026-05-17,0,HIGH,2026-06-10 20:52:12
TXN002923,CUST0945,23637.59,Shopping,2026-01-12,0,HIGH,2026-06-10 20:52:12
TXN002924,CUST0695,14924.98,Shopping,2026-04-05,0,HIGH,2026-06-10 20:52:12
TXN002925,CUST0869,10308.33,Food,2026-05-24,0,HIGH,2026-06-10 20:52:12
TXN002926,CUST0887,22143.71,Food,2026-01-22,0,HIGH,2026-06-10 20:52:12
TXN002927,CUST0274,7128.88,Healthcare,2026-04-04,0,MEDIUM,2026-06-10 20:52:12
TXN002928,CUST0108,39767.91,Healthcare,2026-02-01,0,HIGH,2026-06-10 20:52:12
TXN002929,CUST0121,1155.93,Shopping,2026-04-20,0,LOW,2026-06-10 20:52:12
TXN002930,CUST0441,11766.33,Healthcare,2026-02-15,0,HIGH,2026-06-10 20:52:12
TXN002931,CUST0323,16296.29,Healthcare,2026-02-18,0,HIGH,2026-06-10 20:52:12
TXN002932,CUST0896,24970.48,Food,2026-01-10,0,HIGH,2026-06-10 20:52:12
TXN002933,CUST0467,38614.51,Food,2026-04-01,1,HIGH,2026-06-10 20:52:12
TXN002934,CUST0388,18171.13,Healthcare,2026-02-23,0,HIGH,2026-06-10 20:52:12
TXN002935,CUST0345,45741.0,Healthcare,2026-01-12,0,HIGH,2026-06-10 20:52:12
TXN002936,CUST0102,17222.16,Healthcare,2026-04-16,0,HIGH,2026-06-10 20:52:12
TXN002937,CUST0173,17741.41,Shopping,2026-01-20,0,HIGH,2026-06-10 20:52:12
TXN002938,CUST0821,46085.34,Healthcare,2026-02-08,0,HIGH,2026-06-10 20:52:12
TXN002939,CUST0280,30518.46,Shopping,2026-02-13,0,HIGH,2026-06-10 20:52:12
TXN002940,CUST0866,33445.57,Shopping,2026-05-15,0,HIGH,2026-06-10 20:52:12
TXN002941,CUST0403,29847.92,Healthcare,2026-01-07,0,HIGH,2026-06-10 20:52:12
TXN002942,CUST0969,45957.68,Shopping,2026-03-07,0,HIGH,2026-06-10 20:52:12
TXN002943,CUST0849,2798.21,Shopping,2026-05-26,0,LOW,2026-06-10 20:52:12
TXN002944,CUST0846,3603.06,Healthcare,2026-03-02,1,LOW,2026-06-10 20:52:12
TXN002945,CUST0517,47586.71,Travel,2026-03-22,0,HIGH,2026-06-10 20:52:12
TXN002946,CUST0880,43408.77,Travel,2026-04-23,0,HIGH,2026-06-10 20:52:12
TXN002947,CUST0480,6065.63,Shopping,2026-01-24,0,MEDIUM,2026-06-10 20:52:12
TXN002948,CUST0962,5230.8,Travel,2026-06-03,0,MEDIUM,2026-06-10 20:52:12
TXN002949,CUST0894,35907.75,Shopping,2026-01-10,0,HIGH,2026-06-10 20:52:12
TXN002950,CUST0664,10426.04,Travel,2026-05-28,0,HIGH,2026-06-10 20:52:12
TXN002951,CUST0221,6325.54,Healthcare,2026-04-30,0,MEDIUM,2026-06-10 20:52:12
TXN002952,CUST0124,41862.67,Food,2026-01-04,0,HIGH,2026-06-10 20:52:12
TXN002953,CUST0534,20476.32,Shopping,2026-01-01,0,HIGH,2026-06-10 20:52:12
TXN002954,CUST0584,29340.95,Shopping,2026-02-15,1,HIGH,2026-06-10 20:52:12
TXN002955,CUST0098,22074.97,Shopping,2026-04-29,0,HIGH,2026-06-10 20:52:12
TXN002956,CUST0908,32185.88,Travel,2026-04-02,0,HIGH,2026-06-10 20:52:12
TXN002957,CUST0963,8472.62,Shopping,2026-05-29,0,MEDIUM,2026-06-10 20:52:12
TXN002958,CUST0571,16625.97,Food,2026-01-14,0,HIGH,2026-06-10 20:52:12
TXN002959,CUST0510,8638.24,Travel,2026-01-28,0,MEDIUM,2026-06-10 20:52:12
TXN002960,CUST0733,39197.34,Shopping,2026-01-19,0,HIGH,2026-06-10 20:52:12
TXN002961,CUST0340,32475.83,Food,2026-01-14,0,HIGH,2026-06-10 20:52:12
TXN002962,CUST0518,10429.02,Food,2026-06-03,0,HIGH,2026-06-10 20:52:12
TXN002963,CUST0993,43115.57,Food,2026-05-13,0,HIGH,2026-06-10 20:52:12
TXN002964,CUST0115,31016.8,Food,2026-02-13,0,HIGH,2026-06-10 20:52:12
TXN002965,CUST0180,12391.61,Healthcare,2026-05-16,0,HIGH,2026-06-10 20:52:12
TXN002966,CUST0744,13918.99,Travel,2026-02-04,0,HIGH,2026-06-10 20:52:12
TXN002967,CUST0552,21120.4,Food,2026-02-07,1,HIGH,2026-06-10 20:52:12
TXN002968,CUST0662,25174.56,Healthcare,2026-05-10,0,HIGH,2026-06-10 20:52:12
TXN002969,CUST0564,8731.29,Food,2026-03-08,0,MEDIUM,2026-06-10 20:52:12
TXN002970,CUST0852,29492.38,Travel,2026-04-01,0,HIGH,2026-06-10 20:52:12
TXN002971,CUST0085,29395.43,Shopping,2026-02-27,0,HIGH,2026-06-10 20:52:12
TXN002972,CUST0984,764.14,Shopping,2026-05-24,0,LOW,2026-06-10 20:52:12
TXN002973,CUST0924,41605.28,Healthcare,2026-01-23,0,HIGH,2026-06-10 20:52:12
TXN002974,CUST0715,12720.7,Food,2026-02-28,0,HIGH,2026-06-10 20:52:12
TXN002975,CUST0038,48189.44,Healthcare,2026-02-06,0,HIGH,2026-06-10 20:52:12
TXN002976,CUST0933,23780.32,Healthcare,2026-02-10,0,HIGH,2026-06-10 20:52:12
TXN002977,CUST0752,9530.71,Healthcare,2026-02-10,0,MEDIUM,2026-06-10 20:52:12
TXN002978,CUST0995,15111.22,Healthcare,2026-06-02,0,HIGH,2026-06-10 20:52:12
TXN002979,CUST0265,46670.12,Food,2026-01-26,0,HIGH,2026-06-10 20:52:12
TXN002980,CUST0682,16692.83,Shopping,2026-03-09,0,HIGH,2026-06-10 20:52:12
TXN002981,CUST0009,28824.1,Food,2026-04-08,0,HIGH,2026-06-10 20:52:12
TXN002982,CUST0241,34797.8,Travel,2026-02-06,0,HIGH,2026-06-10 20:52:12
TXN002983,CUST0234,8813.33,Food,2026-01-12,0,MEDIUM,2026-06-10 20:52:12
TXN002984,CUST0525,38823.13,Healthcare,2026-04-15,0,HIGH,2026-06-10 20:52:12
TXN002985,CUST0162,34018.6,Healthcare,2026-04-25,0,HIGH,2026-06-10 20:52:12
TXN002986,CUST0382,14251.0,Shopping,2026-01-02,0,HIGH,2026-06-10 20:52:12
TXN002987,CUST0581,20629.42,Food,2026-02-06,0,HIGH,2026-06-10 20:52:12
TXN002988,CUST0542,25635.34,Shopping,2026-03-15,0,HIGH,2026-06-10 20:52:12
TXN002989,CUST0024,27209.02,Travel,2026-01-29,0,HIGH,2026-06-10 20:52:12
TXN002990,CUST0366,47001.05,Food,2026-02-12,0,HIGH,2026-06-10 20:52:12
TXN002991,CUST0933,24199.05,Travel,2026-03-08,0,HIGH,2026-06-10 20:52:12
TXN002992,CUST0088,3558.77,Travel,2026-04-15,0,LOW,2026-06-10 20:52:12
TXN002993,CUST0867,35183.84,Healthcare,2026-04-10,0,HIGH,2026-06-10 20:52:12
TXN002994,CUST0925,7449.11,Travel,2026-03-19,0,MEDIUM,2026-06-10 20:52:12
TXN002995,CUST0076,32169.16,Travel,2026-02-03,0,HIGH,2026-06-10 20:52:12
TXN002996,CUST0094,732.77,Travel,2026-02-08,0,LOW,2026-06-10 20:52:12
TXN002997,CUST0732,17877.51,Food,2026-04-07,0,HIGH,2026-06-10 20:52:12
TXN002998,CUST0807,46248.85,Food,2026-04-28,0,HIGH,2026-06-10 20:52:12
TXN002999,CUST0192,42049.62,Travel,2026-05-03,0,HIGH,2026-06-10 20:52:12
TXN003000,CUST0305,11113.33,Shopping,2026-05-02,0,HIGH,2026-06-10 20:52:12
TXN003001,CUST0071,49457.73,Shopping,2026-03-19,0,HIGH,2026-06-10 20:52:12
TXN003002,CUST0519,16631.92,Shopping,2026-04-25,0,HIGH,2026-06-10 20:52:12
TXN003003,CUST0357,23896.42,Shopping,2026-03-25,0,HIGH,2026-06-10 20:52:12
TXN003004,CUST0786,11157.87,Food,2026-04-01,0,HIGH,2026-06-10 20:52:12
TXN003005,CUST0584,19797.22,Food,2026-04-15,0,HIGH,2026-06-10 20:52:12
TXN003006,CUST0009,43586.77,Travel,2026-05-03,0,HIGH,2026-06-10 20:52:12
TXN003007,CUST0783,19506.71,Travel,2026-02-22,0,HIGH,2026-06-10 20:52:12
TXN003008,CUST0337,25438.91,Healthcare,2026-05-25,0,HIGH,2026-06-10 20:52:12
TXN003009,CUST0958,32566.59,Shopping,2026-06-04,0,HIGH,2026-06-10 20:52:12
TXN003010,CUST0516,20713.21,Travel,2026-05-22,0,HIGH,2026-06-10 20:52:12
TXN003011,CUST0127,27438.64,Shopping,2026-01-05,0,HIGH,2026-06-10 20:52:12
TXN003012,CUST0808,39356.89,Travel,2026-04-06,0,HIGH,2026-06-10 20:52:12
TXN003013,CUST0005,48740.52,Travel,2026-02-20,0,HIGH,2026-06-10 20:52:12
TXN003014,CUST0273,30438.9,Travel,2026-05-23,1,HIGH,2026-06-10 20:52:12
TXN003015,CUST0615,7114.56,Food,2026-01-29,0,MEDIUM,2026-06-10 20:52:12
TXN003016,CUST0867,2702.54,Healthcare,2026-04-02,0,LOW,2026-06-10 20:52:12
TXN003017,CUST0288,858.5,Healthcare,2026-01-29,0,LOW,2026-06-10 20:52:12
TXN003018,CUST0305,10628.6,Food,2026-02-25,0,HIGH,2026-06-10 20:52:12
TXN003019,CUST0337,44675.83,Travel,2026-02-17,0,HIGH,2026-06-10 20:52:12
TXN003020,CUST0659,4535.88,Travel,2026-06-04,0,LOW,2026-06-10 20:52:12
TXN003021,CUST0086,45311.91,Food,2026-04-20,0,HIGH,2026-06-10 20:52:12
TXN003022,CUST0805,35306.93,Food,2026-05-03,0,HIGH,2026-06-10 20:52:12
TXN003023,CUST0475,19010.3,Travel,2026-01-11,0,HIGH,2026-06-10 20:52:12
TXN003024,CUST0675,37259.63,Healthcare,2026-04-11,0,HIGH,2026-06-10 20:52:12
TXN003025,CUST0496,5191.24,Shopping,2026-06-08,0,MEDIUM,2026-06-10 20:52:12
TXN003026,CUST0823,38313.02,Shopping,2026-02-03,0,HIGH,2026-06-10 20:52:12
TXN003027,CUST0593,7148.39,Travel,2026-05-14,1,MEDIUM,2026-06-10 20:52:12
TXN003028,CUST0036,37344.68,Shopping,2026-02-05,1,HIGH,2026-06-10 20:52:12
TXN003029,CUST0653,45541.41,Shopping,2026-02-03,0,HIGH,2026-06-10 20:52:12
TXN003030,CUST0030,45938.5,Travel,2026-01-09,0,HIGH,2026-06-10 20:52:12
TXN003031,CUST0739,18866.16,Travel,2026-05-31,0,HIGH,2026-06-10 20:52:12
TXN003032,CUST0898,28982.54,Travel,2026-05-14,0,HIGH,2026-06-10 20:52:12
TXN003033,CUST0453,41764.34,Shopping,2026-03-02,0,HIGH,2026-06-10 20:52:12
TXN003034,CUST0966,9127.97,Healthcare,2026-04-18,0,MEDIUM,2026-06-10 20:52:12
TXN003035,CUST0282,32150.12,Shopping,2026-04-12,0,HIGH,2026-06-10 20:52:12
TXN003036,CUST0090,21696.2,Food,2026-03-29,0,HIGH,2026-06-10 20:52:12
TXN003037,CUST0578,21434.45,Food,2026-04-05,0,HIGH,2026-06-10 20:52:12
TXN003038,CUST0740,34908.35,Food,2026-05-25,0,HIGH,2026-06-10 20:52:12
TXN003039,CUST0468,24715.66,Travel,2026-06-08,0,HIGH,2026-06-10 20:52:12
TXN003040,CUST0917,42351.72,Food,2026-03-06,0,HIGH,2026-06-10 20:52:12
TXN003041,CUST0554,45128.02,Travel,2026-02-18,0,HIGH,2026-06-10 20:52:12
TXN003042,CUST0791,15310.79,Travel,2026-03-10,0,HIGH,2026-06-10 20:52:12
TXN003043,CUST0296,19756.27,Healthcare,2026-04-07,0,HIGH,2026-06-10 20:52:12
TXN003044,CUST0071,633.04,Travel,2026-01-25,0,LOW,2026-06-10 20:52:12
TXN003045,CUST0055,36613.35,Travel,2026-04-01,0,HIGH,2026-06-10 20:52:12
TXN003046,CUST0477,46378.39,Food,2026-02-17,0,HIGH,2026-06-10 20:52:12
TXN003047,CUST0012,10366.08,Food,2026-02-23,0,HIGH,2026-06-10 20:52:12
TXN003048,CUST0328,32731.04,Shopping,2026-05-13,0,HIGH,2026-06-10 20:52:12
TXN003049,CUST0017,5967.64,Healthcare,2026-05-28,0,MEDIUM,2026-06-10 20:52:12
TXN003050,CUST0952,15796.09,Travel,2026-01-15,0,HIGH,2026-06-10 20:52:12
TXN003051,CUST0005,9480.03,Travel,2026-03-21,0,MEDIUM,2026-06-10 20:52:12
TXN003052,CUST0842,30964.17,Healthcare,2026-02-14,0,HIGH,2026-06-10 20:52:12
TXN003053,CUST0450,22259.57,Food,2026-04-01,0,HIGH,2026-06-10 20:52:12
TXN003054,CUST0073,31691.97,Healthcare,2026-02-12,0,HIGH,2026-06-10 20:52:12
TXN003055,CUST0682,23958.11,Healthcare,2026-04-29,0,HIGH,2026-06-10 20:52:12
TXN003056,CUST0484,23914.46,Travel,2026-03-10,0,HIGH,2026-06-10 20:52:12
TXN003057,CUST0965,36638.87,Healthcare,2026-02-10,0,HIGH,2026-06-10 20:52:12
TXN003058,CUST0532,26078.17,Shopping,2026-01-22,0,HIGH,2026-06-10 20:52:12
TXN003059,CUST0383,49149.63,Food,2026-01-29,0,HIGH,2026-06-10 20:52:12
TXN003060,CUST0868,40623.44,Food,2026-04-21,0,HIGH,2026-06-10 20:52:12
TXN003061,CUST0089,41110.48,Healthcare,2026-02-16,0,HIGH,2026-06-10 20:52:12
TXN003062,CUST0459,9375.57,Travel,2026-03-09,0,MEDIUM,2026-06-10 20:52:12
TXN003063,CUST0889,1948.33,Shopping,2026-01-03,0,LOW,2026-06-10 20:52:12
TXN003064,CUST0929,16799.86,Food,2026-04-03,0,HIGH,2026-06-10 20:52:12
TXN003065,CUST0557,49450.14,Food,2026-03-17,0,HIGH,2026-06-10 20:52:12
TXN003066,CUST0851,19531.35,Shopping,2026-01-29,0,HIGH,2026-06-10 20:52:12
TXN003067,CUST0993,47266.43,Healthcare,2026-01-13,0,HIGH,2026-06-10 20:52:12
TXN003068,CUST0232,16765.09,Healthcare,2026-01-13,0,HIGH,2026-06-10 20:52:12
TXN003069,CUST0879,12455.22,Travel,2026-05-08,0,HIGH,2026-06-10 20:52:12
TXN003070,CUST0722,18870.13,Shopping,2026-01-11,0,HIGH,2026-06-10 20:52:12
TXN003071,CUST0880,24015.87,Food,2026-03-30,0,HIGH,2026-06-10 20:52:12
TXN003072,CUST0543,16884.94,Healthcare,2026-03-11,0,HIGH,2026-06-10 20:52:12
TXN003073,CUST0717,2355.53,Travel,2026-03-12,0,LOW,2026-06-10 20:52:12
TXN003074,CUST0213,42145.34,Food,2026-02-18,0,HIGH,2026-06-10 20:52:12
TXN003075,CUST0891,2126.82,Travel,2026-02-26,0,LOW,2026-06-10 20:52:12
TXN003076,CUST0714,42922.21,Food,2026-03-05,0,HIGH,2026-06-10 20:52:12
TXN003077,CUST0034,8491.14,Travel,2026-01-29,0,MEDIUM,2026-06-10 20:52:12
TXN003078,CUST0287,10793.16,Healthcare,2026-03-04,0,HIGH,2026-06-10 20:52:12
TXN003079,CUST0249,7489.63,Healthcare,2026-03-31,0,MEDIUM,2026-06-10 20:52:12
TXN003080,CUST0753,10020.5,Travel,2026-01-02,0,HIGH,2026-06-10 20:52:12
TXN003081,CUST0115,26802.95,Travel,2026-04-27,0,HIGH,2026-06-10 20:52:12
TXN003082,CUST0094,4998.75,Travel,2026-03-10,0,LOW,2026-06-10 20:52:12
TXN003083,CUST0820,20351.48,Healthcare,2026-05-02,0,HIGH,2026-06-10 20:52:12
TXN003084,CUST0564,19573.25,Travel,2026-01-26,0,HIGH,2026-06-10 20:52:12
TXN003085,CUST0269,4433.96,Shopping,2026-04-14,0,LOW,2026-06-10 20:52:12
TXN003086,CUST0966,13111.75,Healthcare,2026-03-16,0,HIGH,2026-06-10 20:52:12
TXN003087,CUST0355,28812.8,Healthcare,2026-01-19,0,HIGH,2026-06-10 20:52:12
TXN003088,CUST0945,4316.06,Travel,2026-03-03,0,LOW,2026-06-10 20:52:12
TXN003089,CUST0886,21469.33,Healthcare,2026-03-15,0,HIGH,2026-06-10 20:52:12
TXN003090,CUST0794,42748.95,Shopping,2026-02-03,0,HIGH,2026-06-10 20:52:12
TXN003091,CUST0466,27138.58,Healthcare,2026-05-08,0,HIGH,2026-06-10 20:52:12
TXN003092,CUST0785,43903.64,Shopping,2026-02-22,0,HIGH,2026-06-10 20:52:12
TXN003093,CUST0323,24929.21,Food,2026-05-19,0,HIGH,2026-06-10 20:52:12
TXN003094,CUST0822,37611.4,Healthcare,2026-05-27,0,HIGH,2026-06-10 20:52:12
TXN003095,CUST0857,2251.93,Travel,2026-01-24,0,LOW,2026-06-10 20:52:12
TXN003096,CUST0870,32824.6,Healthcare,2026-02-15,0,HIGH,2026-06-10 20:52:12
TXN003097,CUST0174,7925.85,Shopping,2026-05-11,0,MEDIUM,2026-06-10 20:52:12
TXN003098,CUST0127,6430.91,Travel,2026-04-22,0,MEDIUM,2026-06-10 20:52:12
TXN003099,CUST0837,8503.52,Food,2026-02-19,0,MEDIUM,2026-06-10 20:52:12
TXN003100,CUST0478,36969.19,Healthcare,2026-01-21,0,HIGH,2026-06-10 20:52:12
TXN003101,CUST0954,21476.49,Shopping,2026-05-09,0,HIGH,2026-06-10 20:52:12
TXN003102,CUST0680,15133.15,Healthcare,2026-03-19,0,HIGH,2026-06-10 20:52:12
TXN003103,CUST0517,42139.41,Shopping,2026-01-20,0,HIGH,2026-06-10 20:52:12
TXN003104,CUST0551,48861.95,Travel,2026-03-06,0,HIGH,2026-06-10 20:52:12
TXN003105,CUST0573,29564.56,Healthcare,2026-03-19,0,HIGH,2026-06-10 20:52:12
TXN003106,CUST0356,34885.68,Travel,2026-05-13,0,HIGH,2026-06-10 20:52:12
TXN003107,CUST0498,23439.27,Healthcare,2026-04-22,0,HIGH,2026-06-10 20:52:12
TXN003108,CUST0041,2877.66,Healthcare,2026-04-17,0,LOW,2026-06-10 20:52:12
TXN003109,CUST0583,13125.67,Travel,2026-02-10,0,HIGH,2026-06-10 20:52:12
TXN003110,CUST0665,5866.98,Shopping,2026-04-25,1,MEDIUM,2026-06-10 20:52:12
TXN003111,CUST0630,34280.93,Healthcare,2026-04-01,1,HIGH,2026-06-10 20:52:12
TXN003112,CUST0165,10211.28,Healthcare,2026-02-14,0,HIGH,2026-06-10 20:52:12
TXN003113,CUST0158,1256.04,Healthcare,2026-02-18,0,LOW,2026-06-10 20:52:12
TXN003114,CUST0473,34776.29,Shopping,2026-01-07,0,HIGH,2026-06-10 20:52:12
TXN003115,CUST0936,15133.37,Travel,2026-01-09,0,HIGH,2026-06-10 20:52:12
TXN003116,CUST0225,49601.94,Shopping,2026-04-17,0,HIGH,2026-06-10 20:52:12
TXN003117,CUST0308,15438.83,Shopping,2026-01-01,0,HIGH,2026-06-10 20:52:12
TXN003118,CUST0225,34915.15,Travel,2026-01-19,0,HIGH,2026-06-10 20:52:12
TXN003119,CUST0358,43890.99,Healthcare,2026-05-09,0,HIGH,2026-06-10 20:52:12
TXN003120,CUST0060,2403.19,Travel,2026-06-05,0,LOW,2026-06-10 20:52:12
TXN003121,CUST0510,9192.88,Healthcare,2026-04-20,0,MEDIUM,2026-06-10 20:52:12
TXN003122,CUST0570,41.18,Travel,2026-01-02,0,LOW,2026-06-10 20:52:12
TXN003123,CUST0890,39256.81,Travel,2026-05-01,0,HIGH,2026-06-10 20:52:12
TXN003124,CUST0552,13850.92,Healthcare,2026-03-30,0,HIGH,2026-06-10 20:52:12
TXN003125,CUST0717,34633.88,Food,2026-04-30,0,HIGH,2026-06-10 20:52:12
TXN003126,CUST0288,12944.51,Food,2026-02-03,0,HIGH,2026-06-10 20:52:12
TXN003127,CUST0093,14644.2,Shopping,2026-04-26,0,HIGH,2026-06-10 20:52:12
TXN003128,CUST0118,48989.24,Healthcare,2026-01-02,0,HIGH,2026-06-10 20:52:12
TXN003129,CUST0375,24603.88,Healthcare,2026-04-24,0,HIGH,2026-06-10 20:52:12
TXN003130,CUST0123,23215.89,Shopping,2026-04-17,0,HIGH,2026-06-10 20:52:12
TXN003131,CUST0698,43582.62,Healthcare,2026-02-11,0,HIGH,2026-06-10 20:52:12
TXN003132,CUST0609,285.67,Healthcare,2026-01-22,0,LOW,2026-06-10 20:52:12
TXN003133,CUST0193,46172.78,Travel,2026-03-30,0,HIGH,2026-06-10 20:52:12
TXN003134,CUST0496,36096.02,Shopping,2026-04-09,0,HIGH,2026-06-10 20:52:12
TXN003135,CUST0155,46104.98,Healthcare,2026-05-20,0,HIGH,2026-06-10 20:52:12
TXN003136,CUST0724,24523.53,Shopping,2026-02-24,0,HIGH,2026-06-10 20:52:12
TXN003137,CUST0788,10293.4,Shopping,2026-02-23,0,HIGH,2026-06-10 20:52:12
TXN003138,CUST0419,21399.8,Shopping,2026-05-03,0,HIGH,2026-06-10 20:52:12
TXN003139,CUST0052,30778.89,Food,2026-05-25,0,HIGH,2026-06-10 20:52:12
TXN003140,CUST0890,48049.59,Food,2026-01-23,0,HIGH,2026-06-10 20:52:12
TXN003141,CUST0242,30385.02,Healthcare,2026-04-23,0,HIGH,2026-06-10 20:52:12
TXN003142,CUST0685,44882.41,Food,2026-04-20,0,HIGH,2026-06-10 20:52:12
TXN003143,CUST0536,47232.98,Travel,2026-03-03,0,HIGH,2026-06-10 20:52:12
TXN003144,CUST0152,48234.48,Food,2026-04-23,0,HIGH,2026-06-10 20:52:12
TXN003145,CUST0216,31681.78,Healthcare,2026-05-24,0,HIGH,2026-06-10 20:52:12
TXN003146,CUST0826,7820.06,Travel,2026-06-07,0,MEDIUM,2026-06-10 20:52:12
TXN003147,CUST0051,42079.71,Healthcare,2026-06-05,0,HIGH,2026-06-10 20:52:12
TXN003148,CUST0161,29303.16,Travel,2026-05-25,0,HIGH,2026-06-10 20:52:12
TXN003149,CUST0383,34027.17,Shopping,2026-03-30,0,HIGH,2026-06-10 20:52:12
TXN003150,CUST0058,18805.18,Food,2026-02-02,0,HIGH,2026-06-10 20:52:12
TXN003151,CUST0997,45148.85,Shopping,2026-05-14,0,HIGH,2026-06-10 20:52:12
TXN003152,CUST0532,44928.32,Travel,2026-03-19,0,HIGH,2026-06-10 20:52:12
TXN003153,CUST0945,10849.19,Food,2026-01-03,0,HIGH,2026-06-10 20:52:12
TXN003154,CUST0418,23265.78,Healthcare,2026-01-26,0,HIGH,2026-06-10 20:52:12
TXN003155,CUST0372,22681.99,Travel,2026-02-05,0,HIGH,2026-06-10 20:52:12
TXN003156,CUST0342,30777.71,Shopping,2026-05-22,0,HIGH,2026-06-10 20:52:12
TXN003157,CUST0051,11906.32,Healthcare,2026-03-27,0,HIGH,2026-06-10 20:52:12
TXN003158,CUST0818,35586.64,Shopping,2026-01-15,0,HIGH,2026-06-10 20:52:12
TXN003159,CUST0482,6891.46,Shopping,2026-04-07,0,MEDIUM,2026-06-10 20:52:12
TXN003160,CUST0860,37384.47,Travel,2026-01-02,0,HIGH,2026-06-10 20:52:12
TXN003161,CUST0432,46815.76,Food,2026-04-10,0,HIGH,2026-06-10 20:52:12
TXN003162,CUST0234,16045.95,Shopping,2026-06-01,0,HIGH,2026-06-10 20:52:12
TXN003163,CUST0965,6732.97,Healthcare,2026-02-16,0,MEDIUM,2026-06-10 20:52:12
TXN003164,CUST0644,9965.74,Shopping,2026-03-28,0,MEDIUM,2026-06-10 20:52:12
TXN003165,CUST0423,16245.77,Shopping,2026-05-27,0,HIGH,2026-06-10 20:52:12
TXN003166,CUST0581,18350.4,Shopping,2026-05-21,0,HIGH,2026-06-10 20:52:12
TXN003167,CUST0780,31638.35,Shopping,2026-04-29,0,HIGH,2026-06-10 20:52:12
TXN003168,CUST0892,31935.37,Food,2026-02-12,0,HIGH,2026-06-10 20:52:12
TXN003169,CUST0815,27531.14,Shopping,2026-05-01,0,HIGH,2026-06-10 20:52:12
TXN003170,CUST0922,47587.65,Travel,2026-05-24,0,HIGH,2026-06-10 20:52:12
TXN003171,CUST0070,23337.13,Shopping,2026-02-26,0,HIGH,2026-06-10 20:52:12
TXN003172,CUST0814,43658.73,Healthcare,2026-05-28,0,HIGH,2026-06-10 20:52:12
TXN003173,CUST0483,43876.65,Shopping,2026-02-11,0,HIGH,2026-06-10 20:52:12
TXN003174,CUST0317,12215.23,Travel,2026-01-08,0,HIGH,2026-06-10 20:52:12
TXN003175,CUST0123,47295.87,Food,2026-03-05,1,HIGH,2026-06-10 20:52:12
TXN003176,CUST0184,41155.79,Food,2026-01-24,0,HIGH,2026-06-10 20:52:12
TXN003177,CUST0539,3596.66,Food,2026-04-03,0,LOW,2026-06-10 20:52:12
TXN003178,CUST0159,39859.12,Food,2026-02-03,0,HIGH,2026-06-10 20:52:12
TXN003179,CUST0641,14027.08,Healthcare,2026-06-09,0,HIGH,2026-06-10 20:52:12
TXN003180,CUST0573,8860.05,Travel,2026-01-09,0,MEDIUM,2026-06-10 20:52:12
TXN003181,CUST0193,19599.43,Travel,2026-01-31,0,HIGH,2026-06-10 20:52:12
TXN003182,CUST0838,24057.79,Food,2026-02-21,0,HIGH,2026-06-10 20:52:12
TXN003183,CUST0244,20490.25,Healthcare,2026-01-29,0,HIGH,2026-06-10 20:52:12
TXN003184,CUST0783,5627.36,Shopping,2026-03-26,0,MEDIUM,2026-06-10 20:52:12
TXN003185,CUST0216,29352.17,Shopping,2026-04-10,0,HIGH,2026-06-10 20:52:12
TXN003186,CUST0711,25071.86,Food,2026-02-08,0,HIGH,2026-06-10 20:52:12
TXN003187,CUST0014,6738.32,Healthcare,2026-05-11,0,MEDIUM,2026-06-10 20:52:12
TXN003188,CUST0855,9423.01,Healthcare,2026-04-12,0,MEDIUM,2026-06-10 20:52:12
TXN003189,CUST0624,47172.54,Healthcare,2026-02-20,0,HIGH,2026-06-10 20:52:12
TXN003190,CUST0555,2597.69,Healthcare,2026-02-09,0,LOW,2026-06-10 20:52:12
TXN003191,CUST0361,26490.91,Healthcare,2026-01-12,0,HIGH,2026-06-10 20:52:12
TXN003192,CUST0178,37987.52,Food,2026-05-08,0,HIGH,2026-06-10 20:52:12
TXN003193,CUST0636,8979.16,Shopping,2026-01-05,0,MEDIUM,2026-06-10 20:52:12
TXN003194,CUST0904,15582.07,Food,2026-02-24,0,HIGH,2026-06-10 20:52:12
TXN003195,CUST0467,27180.78,Healthcare,2026-02-01,0,HIGH,2026-06-10 20:52:12
TXN003196,CUST0195,13065.3,Travel,2026-04-20,0,HIGH,2026-06-10 20:52:12
TXN003197,CUST0510,40377.98,Shopping,2026-01-23,0,HIGH,2026-06-10 20:52:12
TXN003198,CUST0706,5372.84,Travel,2026-03-18,0,MEDIUM,2026-06-10 20:52:12
TXN003199,CUST0790,14672.22,Food,2026-04-19,0,HIGH,2026-06-10 20:52:12
TXN003200,CUST0622,48899.76,Food,2026-01-07,0,HIGH,2026-06-10 20:52:12
TXN003201,CUST0076,12255.01,Shopping,2026-01-23,0,HIGH,2026-06-10 20:52:12
TXN003202,CUST0701,27966.69,Healthcare,2026-03-12,0,HIGH,2026-06-10 20:52:12
TXN003203,CUST0812,4103.02,Healthcare,2026-01-18,0,LOW,2026-06-10 20:52:12
TXN003204,CUST0839,4753.15,Travel,2026-05-05,0,LOW,2026-06-10 20:52:12
TXN003205,CUST0842,39375.94,Shopping,2026-01-31,0,HIGH,2026-06-10 20:52:12
TXN003206,CUST0698,49257.2,Healthcare,2026-01-12,0,HIGH,2026-06-10 20:52:12
TXN003207,CUST0662,41565.56,Food,2026-05-04,0,HIGH,2026-06-10 20:52:12
TXN003208,CUST0725,22223.84,Shopping,2026-05-29,0,HIGH,2026-06-10 20:52:12
TXN003209,CUST0669,43381.92,Shopping,2026-03-29,0,HIGH,2026-06-10 20:52:12
TXN003210,CUST0884,23517.86,Healthcare,2026-01-24,0,HIGH,2026-06-10 20:52:12
TXN003211,CUST0575,16640.19,Travel,2026-05-14,0,HIGH,2026-06-10 20:52:12
TXN003212,CUST0236,13225.85,Travel,2026-02-22,0,HIGH,2026-06-10 20:52:12
TXN003213,CUST0567,48425.19,Healthcare,2026-01-11,0,HIGH,2026-06-10 20:52:12
TXN003214,CUST0171,17214.15,Healthcare,2026-05-05,0,HIGH,2026-06-10 20:52:12
TXN003215,CUST0195,39600.85,Shopping,2026-05-15,0,HIGH,2026-06-10 20:52:12
TXN003216,CUST0652,14823.31,Food,2026-04-16,0,HIGH,2026-06-10 20:52:12
TXN003217,CUST0800,38021.63,Travel,2026-06-03,0,HIGH,2026-06-10 20:52:12
TXN003218,CUST0188,456.93,Shopping,2026-02-12,0,LOW,2026-06-10 20:52:12
TXN003219,CUST0857,21808.31,Shopping,2026-01-27,0,HIGH,2026-06-10 20:52:12
TXN003220,CUST0213,29215.61,Travel,2026-03-31,0,HIGH,2026-06-10 20:52:12
TXN003221,CUST0319,18893.16,Healthcare,2026-04-03,0,HIGH,2026-06-10 20:52:12
TXN003222,CUST0573,26094.19,Travel,2026-03-16,0,HIGH,2026-06-10 20:52:12
TXN003223,CUST0420,14032.4,Travel,2026-01-19,0,HIGH,2026-06-10 20:52:12
TXN003224,CUST0614,18770.53,Travel,2026-03-26,0,HIGH,2026-06-10 20:52:12
TXN003225,CUST0696,332.97,Food,2026-03-23,0,LOW,2026-06-10 20:52:12
TXN003226,CUST0350,5090.16,Healthcare,2026-05-30,0,MEDIUM,2026-06-10 20:52:12
TXN003227,CUST0268,26069.57,Healthcare,2026-04-08,0,HIGH,2026-06-10 20:52:12
TXN003228,CUST0590,27700.47,Food,2026-02-08,0,HIGH,2026-06-10 20:52:12
TXN003229,CUST0585,41473.44,Food,2026-06-01,0,HIGH,2026-06-10 20:52:12
TXN003230,CUST0996,13510.17,Travel,2026-04-29,0,HIGH,2026-06-10 20:52:12
TXN003231,CUST0753,19633.86,Healthcare,2026-02-16,0,HIGH,2026-06-10 20:52:12
TXN003232,CUST0353,45459.76,Healthcare,2026-02-02,0,HIGH,2026-06-10 20:52:12
TXN003233,CUST0657,15696.09,Food,2026-04-11,0,HIGH,2026-06-10 20:52:12
TXN003234,CUST0545,32813.23,Food,2026-06-06,0,HIGH,2026-06-10 20:52:12
TXN003235,CUST0659,6722.72,Shopping,2026-04-26,0,MEDIUM,2026-06-10 20:52:12
TXN003236,CUST0592,27305.88,Food,2026-03-20,0,HIGH,2026-06-10 20:52:12
TXN003237,CUST0758,25279.39,Travel,2026-05-14,0,HIGH,2026-06-10 20:52:12
TXN003238,CUST0426,8496.1,Food,2026-05-11,0,MEDIUM,2026-06-10 20:52:12
TXN003239,CUST0903,15544.17,Travel,2026-05-05,0,HIGH,2026-06-10 20:52:12
TXN003240,CUST0131,28817.31,Healthcare,2026-04-22,0,HIGH,2026-06-10 20:52:12
TXN003241,CUST0369,29277.58,Healthcare,2026-04-29,0,HIGH,2026-06-10 20:52:12
TXN003242,CUST0740,34227.72,Travel,2026-05-18,0,HIGH,2026-06-10 20:52:12
TXN003243,CUST0578,7422.26,Healthcare,2026-04-01,0,MEDIUM,2026-06-10 20:52:12
TXN003244,CUST0366,12660.85,Food,2026-05-22,0,HIGH,2026-06-10 20:52:12
TXN003245,CUST0755,34196.5,Shopping,2026-03-11,0,HIGH,2026-06-10 20:52:12
TXN003246,CUST0218,7897.51,Shopping,2026-02-27,0,MEDIUM,2026-06-10 20:52:12
TXN003247,CUST0784,10490.0,Shopping,2026-02-23,0,HIGH,2026-06-10 20:52:12
TXN003248,CUST0725,13373.33,Food,2026-02-05,0,HIGH,2026-06-10 20:52:12
TXN003249,CUST0434,34878.68,Travel,2026-01-27,0,HIGH,2026-06-10 20:52:12
TXN003250,CUST0791,6718.36,Food,2026-04-04,0,MEDIUM,2026-06-10 20:52:12
TXN003251,CUST0029,35313.8,Shopping,2026-02-25,0,HIGH,2026-06-10 20:52:12
TXN003252,CUST0071,5779.4,Healthcare,2026-04-27,0,MEDIUM,2026-06-10 20:52:12
TXN003253,CUST0349,41760.67,Shopping,2026-02-20,0,HIGH,2026-06-10 20:52:12
TXN003254,CUST0161,20084.8,Shopping,2026-01-24,0,HIGH,2026-06-10 20:52:12
TXN003255,CUST0469,22201.37,Travel,2026-01-16,0,HIGH,2026-06-10 20:52:12
TXN003256,CUST0547,15998.28,Shopping,2026-04-30,0,HIGH,2026-06-10 20:52:12
TXN003257,CUST0594,6225.77,Food,2026-04-13,0,MEDIUM,2026-06-10 20:52:12
TXN003258,CUST0402,48665.04,Shopping,2026-06-09,0,HIGH,2026-06-10 20:52:12
TXN003259,CUST0715,9417.52,Shopping,2026-05-13,0,MEDIUM,2026-06-10 20:52:12
TXN003260,CUST0241,13092.8,Healthcare,2026-03-14,0,HIGH,2026-06-10 20:52:12
TXN003261,CUST0631,999.49,Shopping,2026-03-20,0,LOW,2026-06-10 20:52:12
TXN003262,CUST0350,11231.22,Healthcare,2026-04-17,1,HIGH,2026-06-10 20:52:12
TXN003263,CUST0233,9634.35,Travel,2026-01-11,0,MEDIUM,2026-06-10 20:52:12
TXN003264,CUST0988,30129.96,Travel,2026-05-23,0,HIGH,2026-06-10 20:52:12
TXN003265,CUST0519,11120.7,Healthcare,2026-03-26,0,HIGH,2026-06-10 20:52:12
TXN003266,CUST0589,13829.74,Healthcare,2026-03-26,0,HIGH,2026-06-10 20:52:12
TXN003267,CUST0467,30851.27,Food,2026-02-23,0,HIGH,2026-06-10 20:52:12
TXN003268,CUST0296,35883.75,Shopping,2026-01-20,0,HIGH,2026-06-10 20:52:12
TXN003269,CUST0358,13699.68,Travel,2026-03-20,0,HIGH,2026-06-10 20:52:12
TXN003270,CUST0087,28427.54,Shopping,2026-01-04,0,HIGH,2026-06-10 20:52:12
TXN003271,CUST0052,45602.69,Healthcare,2026-04-12,1,HIGH,2026-06-10 20:52:12
TXN003272,CUST0127,35037.97,Shopping,2026-01-09,0,HIGH,2026-06-10 20:52:12
TXN003273,CUST0782,16072.69,Healthcare,2026-04-12,0,HIGH,2026-06-10 20:52:12
TXN003274,CUST0507,4790.28,Food,2026-01-12,0,LOW,2026-06-10 20:52:12
TXN003275,CUST0755,19867.4,Healthcare,2026-01-09,0,HIGH,2026-06-10 20:52:12
TXN003276,CUST0949,33276.93,Healthcare,2026-02-22,0,HIGH,2026-06-10 20:52:12
TXN003277,CUST0725,23642.58,Shopping,2026-02-04,0,HIGH,2026-06-10 20:52:12
TXN003278,CUST0422,37116.55,Food,2026-04-25,0,HIGH,2026-06-10 20:52:12
TXN003279,CUST0225,36981.0,Healthcare,2026-02-28,0,HIGH,2026-06-10 20:52:12
TXN003280,CUST0193,7092.56,Food,2026-02-10,0,MEDIUM,2026-06-10 20:52:12
TXN003281,CUST0483,10137.35,Travel,2026-04-16,0,HIGH,2026-06-10 20:52:12
TXN003282,CUST0306,5692.39,Travel,2026-02-11,0,MEDIUM,2026-06-10 20:52:12
TXN003283,CUST0781,36220.68,Travel,2026-01-26,0,HIGH,2026-06-10 20:52:12
TXN003284,CUST0518,36867.2,Healthcare,2026-04-05,0,HIGH,2026-06-10 20:52:12
TXN003285,CUST0110,17616.83,Shopping,2026-01-11,0,HIGH,2026-06-10 20:52:12
TXN003286,CUST0470,23861.89,Food,2026-02-21,0,HIGH,2026-06-10 20:52:12
TXN003287,CUST0514,45059.31,Shopping,2026-05-08,0,HIGH,2026-06-10 20:52:12
TXN003288,CUST0161,9929.64,Shopping,2026-05-19,0,MEDIUM,2026-06-10 20:52:12
TXN003289,CUST0681,15034.1,Travel,2026-05-20,0,HIGH,2026-06-10 20:52:12
TXN003290,CUST0968,48667.07,Healthcare,2026-02-15,0,HIGH,2026-06-10 20:52:12
TXN003291,CUST0175,7061.59,Healthcare,2026-05-29,0,MEDIUM,2026-06-10 20:52:12
TXN003292,CUST0325,939.31,Healthcare,2026-06-08,0,LOW,2026-06-10 20:52:12
TXN003293,CUST0778,15838.15,Healthcare,2026-06-04,0,HIGH,2026-06-10 20:52:12
TXN003294,CUST0306,1733.22,Travel,2026-05-29,0,LOW,2026-06-10 20:52:12
TXN003295,CUST0555,28964.7,Travel,2026-05-27,1,HIGH,2026-06-10 20:52:12
TXN003296,CUST0608,37334.11,Travel,2026-02-14,0,HIGH,2026-06-10 20:52:12
TXN003297,CUST0688,28259.5,Healthcare,2026-02-11,0,HIGH,2026-06-10 20:52:12
TXN003298,CUST0801,34338.03,Travel,2026-06-02,1,HIGH,2026-06-10 20:52:12
TXN003299,CUST0263,48480.05,Travel,2026-05-10,0,HIGH,2026-06-10 20:52:12
TXN003300,CUST0996,22630.29,Shopping,2026-03-07,0,HIGH,2026-06-10 20:52:12
TXN003301,CUST0304,32210.87,Healthcare,2026-06-05,0,HIGH,2026-06-10 20:52:12
TXN003302,CUST0161,18184.93,Food,2026-03-30,0,HIGH,2026-06-10 20:52:12
TXN003303,CUST0691,33022.33,Healthcare,2026-03-20,0,HIGH,2026-06-10 20:52:12
TXN003304,CUST0510,20895.57,Healthcare,2026-06-02,0,HIGH,2026-06-10 20:52:12
TXN003305,CUST0246,49423.51,Food,2026-05-19,0,HIGH,2026-06-10 20:52:12
TXN003306,CUST0272,40734.36,Travel,2026-03-13,0,HIGH,2026-06-10 20:52:12
TXN003307,CUST0494,37931.97,Shopping,2026-02-23,0,HIGH,2026-06-10 20:52:12
TXN003308,CUST0465,30973.98,Travel,2026-05-11,0,HIGH,2026-06-10 20:52:12
TXN003309,CUST0009,35818.93,Healthcare,2026-05-31,0,HIGH,2026-06-10 20:52:12
TXN003310,CUST0685,8954.15,Food,2026-03-28,0,MEDIUM,2026-06-10 20:52:12
TXN003311,CUST0850,23055.1,Travel,2026-02-03,0,HIGH,2026-06-10 20:52:12
TXN003312,CUST0621,32307.78,Shopping,2026-02-04,0,HIGH,2026-06-10 20:52:12
TXN003313,CUST0489,14577.03,Healthcare,2026-05-23,0,HIGH,2026-06-10 20:52:12
TXN003314,CUST0422,49647.56,Food,2026-01-11,0,HIGH,2026-06-10 20:52:12
TXN003315,CUST0546,10011.96,Healthcare,2026-05-29,0,HIGH,2026-06-10 20:52:12
TXN003316,CUST0769,22999.8,Travel,2026-06-04,0,HIGH,2026-06-10 20:52:12
TXN003317,CUST0456,14022.42,Travel,2026-01-27,0,HIGH,2026-06-10 20:52:12
TXN003318,CUST0439,27562.1,Food,2026-06-07,1,HIGH,2026-06-10 20:52:12
TXN003319,CUST0847,21334.9,Shopping,2026-04-10,0,HIGH,2026-06-10 20:52:12
TXN003320,CUST0938,12815.96,Food,2026-01-08,0,HIGH,2026-06-10 20:52:12
TXN003321,CUST0792,18891.31,Healthcare,2026-02-03,0,HIGH,2026-06-10 20:52:12
TXN003322,CUST0467,8515.17,Shopping,2026-01-09,0,MEDIUM,2026-06-10 20:52:12
TXN003323,CUST0300,48404.16,Food,2026-03-29,1,HIGH,2026-06-10 20:52:12
TXN003324,CUST0072,48138.54,Travel,2026-01-20,0,HIGH,2026-06-10 20:52:12
TXN003325,CUST0503,18992.02,Food,2026-02-11,0,HIGH,2026-06-10 20:52:12
TXN003326,CUST0402,113.64,Healthcare,2026-02-13,0,LOW,2026-06-10 20:52:12
TXN003327,CUST0246,49164.8,Shopping,2026-03-29,0,HIGH,2026-06-10 20:52:12
TXN003328,CUST0547,31361.4,Food,2026-06-07,0,HIGH,2026-06-10 20:52:12
TXN003329,CUST0703,13180.68,Food,2026-04-06,0,HIGH,2026-06-10 20:52:12
TXN003330,CUST0952,27640.75,Food,2026-01-26,0,HIGH,2026-06-10 20:52:12
TXN003331,CUST0695,6737.52,Shopping,2026-03-07,0,MEDIUM,2026-06-10 20:52:12
TXN003332,CUST0210,37032.37,Food,2026-03-01,0,HIGH,2026-06-10 20:52:12
TXN003333,CUST0045,20445.29,Shopping,2026-05-15,0,HIGH,2026-06-10 20:52:12
TXN003334,CUST0437,10625.23,Food,2026-04-21,0,HIGH,2026-06-10 20:52:12
TXN003335,CUST0711,33656.01,Healthcare,2026-03-01,0,HIGH,2026-06-10 20:52:12
TXN003336,CUST0922,36348.66,Healthcare,2026-04-04,0,HIGH,2026-06-10 20:52:12
TXN003337,CUST0457,44407.41,Shopping,2026-04-24,1,HIGH,2026-06-10 20:52:12
TXN003338,CUST0189,4454.28,Travel,2026-04-30,0,LOW,2026-06-10 20:52:12
TXN003339,CUST0607,21534.6,Shopping,2026-03-01,0,HIGH,2026-06-10 20:52:12
TXN003340,CUST0923,25486.16,Travel,2026-03-01,0,HIGH,2026-06-10 20:52:12
TXN003341,CUST0228,28494.59,Food,2026-04-08,0,HIGH,2026-06-10 20:52:12
TXN003342,CUST0961,42597.59,Travel,2026-04-11,0,HIGH,2026-06-10 20:52:12
TXN003343,CUST0107,38825.26,Food,2026-05-01,0,HIGH,2026-06-10 20:52:12
TXN003344,CUST0723,1637.56,Healthcare,2026-04-21,0,LOW,2026-06-10 20:52:12
TXN003345,CUST0409,13218.45,Shopping,2026-02-01,0,HIGH,2026-06-10 20:52:12
TXN003346,CUST0620,10716.57,Travel,2026-01-10,0,HIGH,2026-06-10 20:52:12
TXN003347,CUST0499,39593.67,Healthcare,2026-04-19,0,HIGH,2026-06-10 20:52:12
TXN003348,CUST0913,18462.93,Shopping,2026-02-26,1,HIGH,2026-06-10 20:52:12
TXN003349,CUST0693,45294.78,Shopping,2026-04-01,0,HIGH,2026-06-10 20:52:12
TXN003350,CUST0778,22688.04,Travel,2026-03-23,0,HIGH,2026-06-10 20:52:12
TXN003351,CUST0091,46357.39,Shopping,2026-02-25,0,HIGH,2026-06-10 20:52:12
TXN003352,CUST0953,10736.7,Travel,2026-01-29,0,HIGH,2026-06-10 20:52:12
TXN003353,CUST0042,43574.75,Healthcare,2026-04-15,0,HIGH,2026-06-10 20:52:12
TXN003354,CUST0205,6342.9,Travel,2026-05-24,0,MEDIUM,2026-06-10 20:52:12
TXN003355,CUST0275,39805.16,Travel,2026-01-11,0,HIGH,2026-06-10 20:52:12
TXN003356,CUST0483,9625.94,Shopping,2026-05-09,0,MEDIUM,2026-06-10 20:52:12
TXN003357,CUST0569,9504.28,Food,2026-04-12,0,MEDIUM,2026-06-10 20:52:12
TXN003358,CUST0565,23215.76,Travel,2026-03-28,0,HIGH,2026-06-10 20:52:12
TXN003359,CUST0035,35101.4,Healthcare,2026-01-26,0,HIGH,2026-06-10 20:52:12
TXN003360,CUST0982,48997.56,Healthcare,2026-05-23,0,HIGH,2026-06-10 20:52:12
TXN003361,CUST0454,37033.17,Travel,2026-01-16,0,HIGH,2026-06-10 20:52:12
TXN003362,CUST0134,9798.51,Healthcare,2026-03-31,0,MEDIUM,2026-06-10 20:52:12
TXN003363,CUST0429,5647.66,Travel,2026-02-01,0,MEDIUM,2026-06-10 20:52:12
TXN003364,CUST0658,21182.34,Food,2026-02-27,0,HIGH,2026-06-10 20:52:12
TXN003365,CUST0627,18142.54,Food,2026-03-25,0,HIGH,2026-06-10 20:52:12
TXN003366,CUST0761,13613.66,Shopping,2026-02-14,0,HIGH,2026-06-10 20:52:12
TXN003367,CUST0523,40248.5,Travel,2026-04-06,0,HIGH,2026-06-10 20:52:12
TXN003368,CUST0142,41311.72,Travel,2026-04-01,0,HIGH,2026-06-10 20:52:12
TXN003369,CUST0090,32032.13,Food,2026-01-01,0,HIGH,2026-06-10 20:52:12
TXN003370,CUST0338,24890.46,Shopping,2026-03-27,0,HIGH,2026-06-10 20:52:12
TXN003371,CUST0136,5086.24,Shopping,2026-02-16,0,MEDIUM,2026-06-10 20:52:12
TXN003372,CUST0414,26394.03,Healthcare,2026-03-27,0,HIGH,2026-06-10 20:52:12
TXN003373,CUST0016,42842.39,Healthcare,2026-04-30,0,HIGH,2026-06-10 20:52:12
TXN003374,CUST0265,23357.03,Healthcare,2026-04-29,0,HIGH,2026-06-10 20:52:12
TXN003375,CUST0833,38583.26,Food,2026-01-16,0,HIGH,2026-06-10 20:52:12
TXN003376,CUST0681,25289.4,Shopping,2026-02-04,0,HIGH,2026-06-10 20:52:12
TXN003377,CUST0092,20045.98,Travel,2026-05-02,0,HIGH,2026-06-10 20:52:12
TXN003378,CUST0744,35773.13,Food,2026-02-10,0,HIGH,2026-06-10 20:52:12
TXN003379,CUST0252,24474.79,Shopping,2026-02-19,0,HIGH,2026-06-10 20:52:12
TXN003380,CUST0233,21883.58,Food,2026-03-26,0,HIGH,2026-06-10 20:52:12
TXN003381,CUST0841,5319.43,Travel,2026-06-08,0,MEDIUM,2026-06-10 20:52:12
TXN003382,CUST0871,40012.78,Shopping,2026-03-22,0,HIGH,2026-06-10 20:52:12
TXN003383,CUST0476,10635.72,Shopping,2026-04-26,0,HIGH,2026-06-10 20:52:12
TXN003384,CUST0313,30298.7,Healthcare,2026-04-20,0,HIGH,2026-06-10 20:52:12
TXN003385,CUST0496,25222.3,Shopping,2026-01-19,0,HIGH,2026-06-10 20:52:12
TXN003386,CUST0098,3464.28,Travel,2026-01-07,0,LOW,2026-06-10 20:52:12
TXN003387,CUST0972,22722.0,Shopping,2026-03-27,0,HIGH,2026-06-10 20:52:12
TXN003388,CUST0406,9648.93,Food,2026-05-02,0,MEDIUM,2026-06-10 20:52:12
TXN003389,CUST0033,23048.74,Food,2026-01-05,0,HIGH,2026-06-10 20:52:12
TXN003390,CUST0406,9056.39,Healthcare,2026-01-27,0,MEDIUM,2026-06-10 20:52:12
TXN003391,CUST0601,49212.87,Healthcare,2026-01-26,0,HIGH,2026-06-10 20:52:12
TXN003392,CUST0956,15443.84,Travel,2026-03-28,0,HIGH,2026-06-10 20:52:12
TXN003393,CUST0879,2207.61,Food,2026-05-18,0,LOW,2026-06-10 20:52:12
TXN003394,CUST0661,7478.1,Travel,2026-06-06,0,MEDIUM,2026-06-10 20:52:12
TXN003395,CUST0662,22631.28,Food,2026-02-28,0,HIGH,2026-06-10 20:52:12
TXN003396,CUST0936,9836.11,Travel,2026-04-21,0,MEDIUM,2026-06-10 20:52:12
TXN003397,CUST0539,21928.37,Shopping,2026-03-06,0,HIGH,2026-06-10 20:52:12
TXN003398,CUST0815,14146.52,Healthcare,2026-06-07,1,HIGH,2026-06-10 20:52:12
TXN003399,CUST0983,6493.78,Travel,2026-01-04,0,MEDIUM,2026-06-10 20:52:12
TXN003400,CUST0457,28087.27,Travel,2026-05-30,0,HIGH,2026-06-10 20:52:12
TXN003401,CUST0986,21897.28,Healthcare,2026-01-08,0,HIGH,2026-06-10 20:52:12
TXN003402,CUST0996,31210.09,Shopping,2026-02-15,0,HIGH,2026-06-10 20:52:12
TXN003403,CUST0242,43366.35,Shopping,2026-03-22,1,HIGH,2026-06-10 20:52:12
TXN003404,CUST0034,49870.87,Travel,2026-03-18,0,HIGH,2026-06-10 20:52:12
TXN003405,CUST0312,20029.41,Shopping,2026-05-24,0,HIGH,2026-06-10 20:52:12
TXN003406,CUST0063,48541.56,Travel,2026-06-01,0,HIGH,2026-06-10 20:52:12
TXN003407,CUST0911,2450.41,Travel,2026-04-04,0,LOW,2026-06-10 20:52:12
TXN003408,CUST0872,26023.73,Food,2026-01-17,0,HIGH,2026-06-10 20:52:12
TXN003409,CUST0656,16381.53,Shopping,2026-06-05,0,HIGH,2026-06-10 20:52:12
TXN003410,CUST0917,33178.03,Food,2026-04-11,0,HIGH,2026-06-10 20:52:12
TXN003411,CUST0262,22719.52,Travel,2026-01-22,0,HIGH,2026-06-10 20:52:12
TXN003412,CUST0814,16858.78,Travel,2026-02-10,0,HIGH,2026-06-10 20:52:12
TXN003413,CUST0947,26237.48,Shopping,2026-01-27,0,HIGH,2026-06-10 20:52:12
TXN003414,CUST0546,6229.46,Healthcare,2026-03-03,0,MEDIUM,2026-06-10 20:52:12
TXN003415,CUST0951,37511.96,Food,2026-05-26,0,HIGH,2026-06-10 20:52:12
TXN003416,CUST0993,12201.57,Food,2026-01-14,0,HIGH,2026-06-10 20:52:12
TXN003417,CUST0540,26266.8,Food,2026-05-25,0,HIGH,2026-06-10 20:52:12
TXN003418,CUST0742,15764.61,Travel,2026-04-07,0,HIGH,2026-06-10 20:52:12
TXN003419,CUST0513,2196.53,Healthcare,2026-03-03,0,LOW,2026-06-10 20:52:12
TXN003420,CUST0588,11210.41,Shopping,2026-02-23,0,HIGH,2026-06-10 20:52:12
TXN003421,CUST0339,10288.91,Food,2026-02-26,0,HIGH,2026-06-10 20:52:12
TXN003422,CUST0595,5204.1,Travel,2026-05-26,0,MEDIUM,2026-06-10 20:52:12
TXN003423,CUST0974,41233.27,Food,2026-05-19,0,HIGH,2026-06-10 20:52:12
TXN003424,CUST0087,39525.4,Travel,2026-04-27,0,HIGH,2026-06-10 20:52:12
TXN003425,CUST0409,29220.93,Food,2026-03-09,0,HIGH,2026-06-10 20:52:12
TXN003426,CUST0879,42540.94,Food,2026-04-18,0,HIGH,2026-06-10 20:52:12
TXN003427,CUST0439,17017.6,Healthcare,2026-03-25,0,HIGH,2026-06-10 20:52:12
TXN003428,CUST0250,488.73,Healthcare,2026-01-03,0,LOW,2026-06-10 20:52:12
TXN003429,CUST0821,20385.8,Shopping,2026-05-07,0,HIGH,2026-06-10 20:52:12
TXN003430,CUST0627,36405.92,Healthcare,2026-05-02,0,HIGH,2026-06-10 20:52:12
TXN003431,CUST0171,42576.21,Travel,2026-01-24,0,HIGH,2026-06-10 20:52:12
TXN003432,CUST0610,48551.33,Food,2026-04-24,0,HIGH,2026-06-10 20:52:12
TXN003433,CUST0903,46999.04,Healthcare,2026-03-30,0,HIGH,2026-06-10 20:52:12
TXN003434,CUST0405,34066.38,Travel,2026-05-11,0,HIGH,2026-06-10 20:52:12
TXN003435,CUST0067,41713.63,Travel,2026-06-07,0,HIGH,2026-06-10 20:52:12
TXN003436,CUST0201,4348.29,Food,2026-01-21,0,LOW,2026-06-10 20:52:12
TXN003437,CUST0513,36928.52,Healthcare,2026-03-22,0,HIGH,2026-06-10 20:52:12
TXN003438,CUST0814,4477.13,Travel,2026-02-26,0,LOW,2026-06-10 20:52:12
TXN003439,CUST0912,35442.31,Travel,2026-01-11,0,HIGH,2026-06-10 20:52:12
TXN003440,CUST0082,14414.63,Shopping,2026-04-08,0,HIGH,2026-06-10 20:52:12
TXN003441,CUST0072,44957.34,Travel,2026-05-26,0,HIGH,2026-06-10 20:52:12
TXN003442,CUST0644,21378.24,Travel,2026-01-30,0,HIGH,2026-06-10 20:52:12
TXN003443,CUST0494,19589.92,Travel,2026-02-17,0,HIGH,2026-06-10 20:52:12
TXN003444,CUST0771,11911.57,Travel,2026-05-04,0,HIGH,2026-06-10 20:52:12
TXN003445,CUST0475,6205.93,Travel,2026-02-17,0,MEDIUM,2026-06-10 20:52:12
TXN003446,CUST0188,42844.56,Healthcare,2026-03-10,0,HIGH,2026-06-10 20:52:12
TXN003447,CUST0260,43160.72,Shopping,2026-04-19,0,HIGH,2026-06-10 20:52:12
TXN003448,CUST0381,46299.15,Food,2026-05-06,0,HIGH,2026-06-10 20:52:12
TXN003449,CUST0516,17347.81,Food,2026-01-29,0,HIGH,2026-06-10 20:52:12
TXN003450,CUST0868,18750.55,Travel,2026-02-19,0,HIGH,2026-06-10 20:52:12
TXN003451,CUST0915,9916.8,Healthcare,2026-04-22,0,MEDIUM,2026-06-10 20:52:12
TXN003452,CUST0780,46893.02,Travel,2026-01-21,0,HIGH,2026-06-10 20:52:12
TXN003453,CUST0802,23487.74,Shopping,2026-02-11,0,HIGH,2026-06-10 20:52:12
TXN003454,CUST0706,46626.34,Food,2026-03-26,0,HIGH,2026-06-10 20:52:12
TXN003455,CUST0294,12433.94,Shopping,2026-03-03,0,HIGH,2026-06-10 20:52:12
TXN003456,CUST0178,24097.77,Food,2026-03-11,0,HIGH,2026-06-10 20:52:12
TXN003457,CUST0924,14285.31,Healthcare,2026-01-30,0,HIGH,2026-06-10 20:52:12
TXN003458,CUST0639,5323.21,Food,2026-02-13,0,MEDIUM,2026-06-10 20:52:12
TXN003459,CUST0200,19318.6,Travel,2026-05-07,0,HIGH,2026-06-10 20:52:12
TXN003460,CUST0780,35629.2,Food,2026-04-24,0,HIGH,2026-06-10 20:52:12
TXN003461,CUST0558,36492.1,Travel,2026-05-19,1,HIGH,2026-06-10 20:52:12
TXN003462,CUST0564,38249.16,Food,2026-04-11,1,HIGH,2026-06-10 20:52:12
TXN003463,CUST0784,34070.79,Food,2026-05-20,0,HIGH,2026-06-10 20:52:12
TXN003464,CUST0062,3833.36,Shopping,2026-02-21,0,LOW,2026-06-10 20:52:12
TXN003465,CUST0264,47994.45,Travel,2026-01-27,0,HIGH,2026-06-10 20:52:12
TXN003466,CUST0998,22633.56,Shopping,2026-02-23,0,HIGH,2026-06-10 20:52:12
TXN003467,CUST0697,41659.78,Food,2026-03-28,0,HIGH,2026-06-10 20:52:12
TXN003468,CUST0460,941.79,Food,2026-04-02,0,LOW,2026-06-10 20:52:12
TXN003469,CUST0280,34371.75,Food,2026-05-01,0,HIGH,2026-06-10 20:52:12
TXN003470,CUST0867,11638.52,Travel,2026-01-29,0,HIGH,2026-06-10 20:52:12
TXN003471,CUST0619,37739.89,Shopping,2026-01-24,0,HIGH,2026-06-10 20:52:12
TXN003472,CUST0045,44622.88,Travel,2026-04-18,1,HIGH,2026-06-10 20:52:12
TXN003473,CUST0957,16186.26,Travel,2026-05-20,0,HIGH,2026-06-10 20:52:12
TXN003474,CUST0445,42484.43,Food,2026-06-04,0,HIGH,2026-06-10 20:52:12
TXN003475,CUST0973,5467.98,Healthcare,2026-03-22,0,MEDIUM,2026-06-10 20:52:12
TXN003476,CUST0196,45390.12,Travel,2026-06-01,0,HIGH,2026-06-10 20:52:12
TXN003477,CUST0449,21038.02,Travel,2026-01-26,0,HIGH,2026-06-10 20:52:12
TXN003478,CUST0502,26635.98,Healthcare,2026-05-12,0,HIGH,2026-06-10 20:52:12
TXN003479,CUST0748,21843.13,Healthcare,2026-01-02,0,HIGH,2026-06-10 20:52:12
TXN003480,CUST0353,3317.75,Travel,2026-02-10,0,LOW,2026-06-10 20:52:12
TXN003481,CUST0994,21655.63,Travel,2026-01-12,0,HIGH,2026-06-10 20:52:12
TXN003482,CUST0988,35578.88,Shopping,2026-01-26,0,HIGH,2026-06-10 20:52:12
TXN003483,CUST0859,29808.78,Travel,2026-06-08,0,HIGH,2026-06-10 20:52:12
TXN003484,CUST0537,15103.37,Travel,2026-01-23,0,HIGH,2026-06-10 20:52:12
TXN003485,CUST0424,16555.57,Shopping,2026-01-26,0,HIGH,2026-06-10 20:52:12
TXN003486,CUST0606,37413.98,Travel,2026-05-22,0,HIGH,2026-06-10 20:52:12
TXN003487,CUST0047,36093.6,Food,2026-02-24,0,HIGH,2026-06-10 20:52:12
TXN003488,CUST0576,19231.96,Healthcare,2026-06-07,0,HIGH,2026-06-10 20:52:12
TXN003489,CUST0400,48065.51,Food,2026-03-03,0,HIGH,2026-06-10 20:52:12
TXN003490,CUST0604,33184.13,Travel,2026-05-18,0,HIGH,2026-06-10 20:52:12
TXN003491,CUST0685,5631.3,Shopping,2026-06-02,0,MEDIUM,2026-06-10 20:52:12
TXN003492,CUST0773,30495.17,Travel,2026-05-17,0,HIGH,2026-06-10 20:52:12
TXN003493,CUST0258,19799.89,Healthcare,2026-02-15,0,HIGH,2026-06-10 20:52:12
TXN003494,CUST0585,13625.43,Food,2026-02-02,0,HIGH,2026-06-10 20:52:12
TXN003495,CUST0816,42466.94,Shopping,2026-03-30,0,HIGH,2026-06-10 20:52:12
TXN003496,CUST0411,15112.5,Travel,2026-01-13,0,HIGH,2026-06-10 20:52:12
TXN003497,CUST0164,10275.56,Food,2026-04-26,0,HIGH,2026-06-10 20:52:12
TXN003498,CUST0274,45507.02,Shopping,2026-05-22,0,HIGH,2026-06-10 20:52:12
TXN003499,CUST0405,30801.71,Food,2026-05-14,0,HIGH,2026-06-10 20:52:12
TXN003500,CUST0300,12444.69,Travel,2026-03-09,0,HIGH,2026-06-10 20:52:12
TXN003501,CUST0164,43469.55,Travel,2026-03-13,0,HIGH,2026-06-10 20:52:12
TXN003502,CUST0264,39601.34,Shopping,2026-01-11,0,HIGH,2026-06-10 20:52:12
TXN003503,CUST0934,10416.78,Healthcare,2026-04-25,0,HIGH,2026-06-10 20:52:12
TXN003504,CUST0444,32729.15,Healthcare,2026-04-04,0,HIGH,2026-06-10 20:52:12
TXN003505,CUST0744,7980.37,Shopping,2026-03-24,0,MEDIUM,2026-06-10 20:52:12
TXN003506,CUST0224,42652.67,Food,2026-05-05,1,HIGH,2026-06-10 20:52:12
TXN003507,CUST0182,44088.31,Food,2026-03-31,0,HIGH,2026-06-10 20:52:12
TXN003508,CUST0236,12481.83,Shopping,2026-03-27,0,HIGH,2026-06-10 20:52:12
TXN003509,CUST0844,37101.87,Healthcare,2026-04-20,0,HIGH,2026-06-10 20:52:12
TXN003510,CUST0672,14951.6,Healthcare,2026-04-05,0,HIGH,2026-06-10 20:52:12
TXN003511,CUST0634,37294.56,Travel,2026-05-27,0,HIGH,2026-06-10 20:52:12
TXN003512,CUST0222,7847.16,Shopping,2026-04-27,0,MEDIUM,2026-06-10 20:52:12
TXN003513,CUST0382,39481.22,Travel,2026-04-25,0,HIGH,2026-06-10 20:52:12
TXN003514,CUST0812,20122.26,Food,2026-01-24,0,HIGH,2026-06-10 20:52:12
TXN003515,CUST0940,21600.94,Travel,2026-05-16,0,HIGH,2026-06-10 20:52:12
TXN003516,CUST0245,20574.89,Healthcare,2026-03-18,0,HIGH,2026-06-10 20:52:12
TXN003517,CUST0295,38618.49,Food,2026-02-16,0,HIGH,2026-06-10 20:52:12
TXN003518,CUST0118,13752.41,Shopping,2026-06-01,0,HIGH,2026-06-10 20:52:12
TXN003519,CUST0761,22210.64,Healthcare,2026-04-18,0,HIGH,2026-06-10 20:52:12
TXN003520,CUST0882,6864.82,Travel,2026-01-13,0,MEDIUM,2026-06-10 20:52:12
TXN003521,CUST0047,31470.9,Travel,2026-05-17,0,HIGH,2026-06-10 20:52:12
TXN003522,CUST0019,47226.07,Shopping,2026-02-15,0,HIGH,2026-06-10 20:52:12
TXN003523,CUST0580,32761.23,Healthcare,2026-05-02,0,HIGH,2026-06-10 20:52:12
TXN003524,CUST0197,10420.67,Healthcare,2026-02-01,0,HIGH,2026-06-10 20:52:12
TXN003525,CUST0811,8367.99,Shopping,2026-04-14,0,MEDIUM,2026-06-10 20:52:12
TXN003526,CUST0138,12306.13,Food,2026-06-02,0,HIGH,2026-06-10 20:52:12
TXN003527,CUST0226,29793.92,Food,2026-01-31,0,HIGH,2026-06-10 20:52:12
TXN003528,CUST0301,19484.99,Food,2026-01-19,0,HIGH,2026-06-10 20:52:12
TXN003529,CUST0630,39494.16,Food,2026-03-11,0,HIGH,2026-06-10 20:52:12
TXN003530,CUST0754,33342.53,Shopping,2026-04-30,0,HIGH,2026-06-10 20:52:12
TXN003531,CUST0956,11195.8,Food,2026-01-10,0,HIGH,2026-06-10 20:52:12
TXN003532,CUST0288,37674.13,Travel,2026-01-21,0,HIGH,2026-06-10 20:52:12
TXN003533,CUST0597,48971.89,Food,2026-04-21,0,HIGH,2026-06-10 20:52:12
TXN003534,CUST0318,28036.21,Healthcare,2026-03-02,0,HIGH,2026-06-10 20:52:12
TXN003535,CUST0381,6660.86,Healthcare,2026-01-05,0,MEDIUM,2026-06-10 20:52:12
TXN003536,CUST0880,37439.33,Travel,2026-02-02,0,HIGH,2026-06-10 20:52:12
TXN003537,CUST0847,35591.26,Travel,2026-03-03,0,HIGH,2026-06-10 20:52:12
TXN003538,CUST0593,15640.11,Shopping,2026-02-06,0,HIGH,2026-06-10 20:52:12
TXN003539,CUST0976,37284.62,Shopping,2026-05-31,0,HIGH,2026-06-10 20:52:12
TXN003540,CUST0061,41043.16,Food,2026-02-15,0,HIGH,2026-06-10 20:52:12
TXN003541,CUST0573,6420.44,Food,2026-03-10,0,MEDIUM,2026-06-10 20:52:12
TXN003542,CUST0767,43664.33,Food,2026-05-02,0,HIGH,2026-06-10 20:52:12
TXN003543,CUST0712,19037.37,Travel,2026-03-18,0,HIGH,2026-06-10 20:52:12
TXN003544,CUST0670,11151.43,Food,2026-01-11,0,HIGH,2026-06-10 20:52:12
TXN003545,CUST0541,7496.19,Travel,2026-01-22,0,MEDIUM,2026-06-10 20:52:12
TXN003546,CUST0310,24712.99,Travel,2026-02-21,0,HIGH,2026-06-10 20:52:12
TXN003547,CUST0107,18305.45,Shopping,2026-02-07,0,HIGH,2026-06-10 20:52:12
TXN003548,CUST0639,15965.0,Travel,2026-06-03,0,HIGH,2026-06-10 20:52:12
TXN003549,CUST0194,22866.1,Food,2026-01-19,0,HIGH,2026-06-10 20:52:12
TXN003550,CUST0707,222.8,Food,2026-05-18,0,LOW,2026-06-10 20:52:12
TXN003551,CUST0533,45494.15,Food,2026-02-03,0,HIGH,2026-06-10 20:52:12
TXN003552,CUST0197,1973.36,Travel,2026-06-02,0,LOW,2026-06-10 20:52:12
TXN003553,CUST0430,46361.95,Healthcare,2026-05-06,0,HIGH,2026-06-10 20:52:12
TXN003554,CUST0544,39307.92,Travel,2026-02-11,0,HIGH,2026-06-10 20:52:12
TXN003555,CUST0545,44975.81,Food,2026-05-29,0,HIGH,2026-06-10 20:52:12
TXN003556,CUST0041,4302.93,Food,2026-06-09,0,LOW,2026-06-10 20:52:12
TXN003557,CUST0707,25430.09,Shopping,2026-01-12,0,HIGH,2026-06-10 20:52:12
TXN003558,CUST0619,14903.17,Shopping,2026-05-06,1,HIGH,2026-06-10 20:52:12
TXN003559,CUST0186,23596.85,Healthcare,2026-04-13,0,HIGH,2026-06-10 20:52:12
TXN003560,CUST0859,31647.18,Shopping,2026-03-17,0,HIGH,2026-06-10 20:52:12
TXN003561,CUST0004,19236.28,Shopping,2026-04-27,0,HIGH,2026-06-10 20:52:12
TXN003562,CUST0138,47851.69,Shopping,2026-03-30,0,HIGH,2026-06-10 20:52:12
TXN003563,CUST0525,1548.49,Shopping,2026-01-13,0,LOW,2026-06-10 20:52:12
TXN003564,CUST0597,33955.32,Travel,2026-05-09,0,HIGH,2026-06-10 20:52:12
TXN003565,CUST0964,15702.68,Shopping,2026-03-04,0,HIGH,2026-06-10 20:52:12
TXN003566,CUST0938,33503.61,Shopping,2026-01-25,0,HIGH,2026-06-10 20:52:12
TXN003567,CUST0849,49704.51,Food,2026-01-10,0,HIGH,2026-06-10 20:52:12
TXN003568,CUST0746,38186.4,Travel,2026-02-04,0,HIGH,2026-06-10 20:52:12
TXN003569,CUST0087,33056.87,Travel,2026-04-17,0,HIGH,2026-06-10 20:52:12
TXN003570,CUST0533,20084.62,Healthcare,2026-02-27,0,HIGH,2026-06-10 20:52:12
TXN003571,CUST0530,44871.16,Shopping,2026-06-05,0,HIGH,2026-06-10 20:52:12
TXN003572,CUST0861,19324.53,Travel,2026-02-05,0,HIGH,2026-06-10 20:52:12
TXN003573,CUST0545,13970.05,Food,2026-04-16,0,HIGH,2026-06-10 20:52:12
TXN003574,CUST0324,32971.11,Healthcare,2026-04-29,1,HIGH,2026-06-10 20:52:12
TXN003575,CUST0870,23117.9,Food,2026-01-05,0,HIGH,2026-06-10 20:52:12
TXN003576,CUST0228,25602.2,Travel,2026-02-26,0,HIGH,2026-06-10 20:52:12
TXN003577,CUST0797,48192.95,Healthcare,2026-02-25,0,HIGH,2026-06-10 20:52:12
TXN003578,CUST0434,8024.95,Shopping,2026-03-01,0,MEDIUM,2026-06-10 20:52:12
TXN003579,CUST0847,24421.83,Food,2026-05-13,0,HIGH,2026-06-10 20:52:12
TXN003580,CUST0055,40040.01,Healthcare,2026-02-03,0,HIGH,2026-06-10 20:52:12
TXN003581,CUST0996,46183.96,Shopping,2026-05-05,0,HIGH,2026-06-10 20:52:12
TXN003582,CUST0605,8095.73,Shopping,2026-05-20,0,MEDIUM,2026-06-10 20:52:12
TXN003583,CUST0899,23441.63,Shopping,2026-02-23,0,HIGH,2026-06-10 20:52:12
TXN003584,CUST0596,2635.2,Travel,2026-03-18,0,LOW,2026-06-10 20:52:12
TXN003585,CUST0627,22770.34,Shopping,2026-01-16,0,HIGH,2026-06-10 20:52:12
TXN003586,CUST0105,45003.53,Food,2026-03-31,0,HIGH,2026-06-10 20:52:12
TXN003587,CUST0419,35211.76,Shopping,2026-01-26,0,HIGH,2026-06-10 20:52:12
TXN003588,CUST0476,25289.12,Healthcare,2026-02-10,0,HIGH,2026-06-10 20:52:12
TXN003589,CUST0418,4779.14,Shopping,2026-02-12,0,LOW,2026-06-10 20:52:12
TXN003590,CUST0604,29718.22,Food,2026-04-08,0,HIGH,2026-06-10 20:52:12
TXN003591,CUST0956,29522.29,Food,2026-03-03,0,HIGH,2026-06-10 20:52:12
TXN003592,CUST0196,40525.2,Healthcare,2026-05-06,0,HIGH,2026-06-10 20:52:12
TXN003593,CUST0936,48404.71,Food,2026-04-20,0,HIGH,2026-06-10 20:52:12
TXN003594,CUST0467,17685.34,Travel,2026-03-09,0,HIGH,2026-06-10 20:52:12
TXN003595,CUST0728,22879.04,Food,2026-01-13,0,HIGH,2026-06-10 20:52:12
TXN003596,CUST0985,36691.89,Food,2026-05-13,0,HIGH,2026-06-10 20:52:12
TXN003597,CUST0251,3967.93,Shopping,2026-03-20,0,LOW,2026-06-10 20:52:12
TXN003598,CUST0901,8445.54,Food,2026-03-23,0,MEDIUM,2026-06-10 20:52:12
TXN003599,CUST0264,14243.92,Healthcare,2026-01-02,0,HIGH,2026-06-10 20:52:12
TXN003600,CUST0107,44840.54,Travel,2026-01-04,0,HIGH,2026-06-10 20:52:12
TXN003601,CUST0303,41695.7,Travel,2026-03-29,0,HIGH,2026-06-10 20:52:12
TXN003602,CUST0257,32050.04,Travel,2026-05-16,0,HIGH,2026-06-10 20:52:12
TXN003603,CUST0687,25067.91,Healthcare,2026-06-08,0,HIGH,2026-06-10 20:52:12
TXN003604,CUST0567,17850.32,Travel,2026-02-12,0,HIGH,2026-06-10 20:52:12
TXN003605,CUST0382,24341.41,Healthcare,2026-02-14,0,HIGH,2026-06-10 20:52:12
TXN003606,CUST0924,33090.3,Food,2026-02-25,0,HIGH,2026-06-10 20:52:12
TXN003607,CUST0202,46052.56,Shopping,2026-04-03,1,HIGH,2026-06-10 20:52:12
TXN003608,CUST0578,46822.56,Food,2026-05-28,0,HIGH,2026-06-10 20:52:12
TXN003609,CUST0689,37845.94,Shopping,2026-02-09,0,HIGH,2026-06-10 20:52:12
TXN003610,CUST0275,9783.69,Shopping,2026-02-09,0,MEDIUM,2026-06-10 20:52:12
TXN003611,CUST0977,22608.31,Healthcare,2026-05-22,0,HIGH,2026-06-10 20:52:12
TXN003612,CUST0181,41787.77,Healthcare,2026-04-15,0,HIGH,2026-06-10 20:52:12
TXN003613,CUST0313,28964.63,Shopping,2026-04-20,0,HIGH,2026-06-10 20:52:12
TXN003614,CUST0919,39681.56,Food,2026-03-13,0,HIGH,2026-06-10 20:52:12
TXN003615,CUST0519,32489.73,Travel,2026-01-25,0,HIGH,2026-06-10 20:52:12
TXN003616,CUST0735,15395.25,Healthcare,2026-02-11,0,HIGH,2026-06-10 20:52:12
TXN003617,CUST0894,33653.94,Food,2026-04-19,0,HIGH,2026-06-10 20:52:12
TXN003618,CUST0577,24565.97,Healthcare,2026-03-14,0,HIGH,2026-06-10 20:52:12
TXN003619,CUST0874,23945.1,Shopping,2026-02-02,0,HIGH,2026-06-10 20:52:12
TXN003620,CUST0134,40131.03,Shopping,2026-03-15,0,HIGH,2026-06-10 20:52:12
TXN003621,CUST0386,9316.81,Shopping,2026-06-02,0,MEDIUM,2026-06-10 20:52:12
TXN003622,CUST0492,16523.6,Food,2026-01-23,0,HIGH,2026-06-10 20:52:12
TXN003623,CUST0666,24823.61,Food,2026-03-09,0,HIGH,2026-06-10 20:52:12
TXN003624,CUST0053,41795.8,Travel,2026-02-12,0,HIGH,2026-06-10 20:52:12
TXN003625,CUST0762,37765.06,Food,2026-03-06,0,HIGH,2026-06-10 20:52:12
TXN003626,CUST0133,36868.76,Shopping,2026-04-28,0,HIGH,2026-06-10 20:52:12
TXN003627,CUST0317,3723.76,Shopping,2026-02-17,0,LOW,2026-06-10 20:52:12
TXN003628,CUST0920,23080.94,Shopping,2026-05-03,0,HIGH,2026-06-10 20:52:12
TXN003629,CUST0218,18678.64,Travel,2026-03-21,0,HIGH,2026-06-10 20:52:12
TXN003630,CUST0416,24224.15,Shopping,2026-04-07,0,HIGH,2026-06-10 20:52:12
TXN003631,CUST0576,18416.15,Travel,2026-06-07,0,HIGH,2026-06-10 20:52:12
TXN003632,CUST0240,43533.6,Travel,2026-05-07,0,HIGH,2026-06-10 20:52:12
TXN003633,CUST0431,38422.73,Healthcare,2026-01-07,0,HIGH,2026-06-10 20:52:12
TXN003634,CUST0532,40967.56,Shopping,2026-03-17,0,HIGH,2026-06-10 20:52:12
TXN003635,CUST0653,1539.81,Shopping,2026-01-08,0,LOW,2026-06-10 20:52:12
TXN003636,CUST0104,21584.35,Healthcare,2026-02-24,0,HIGH,2026-06-10 20:52:12
TXN003637,CUST0051,16118.34,Food,2026-01-27,0,HIGH,2026-06-10 20:52:12
TXN003638,CUST0926,9084.45,Shopping,2026-03-14,0,MEDIUM,2026-06-10 20:52:12
TXN003639,CUST0161,29182.04,Travel,2026-02-26,0,HIGH,2026-06-10 20:52:12
TXN003640,CUST0107,2734.22,Travel,2026-03-07,0,LOW,2026-06-10 20:52:12
TXN003641,CUST0478,35347.75,Healthcare,2026-04-15,0,HIGH,2026-06-10 20:52:12
TXN003642,CUST0155,49333.76,Shopping,2026-06-04,0,HIGH,2026-06-10 20:52:12
TXN003643,CUST0827,47081.35,Shopping,2026-06-01,0,HIGH,2026-06-10 20:52:12
TXN003644,CUST0236,16598.43,Healthcare,2026-04-27,0,HIGH,2026-06-10 20:52:12
TXN003645,CUST0306,47958.36,Travel,2026-03-28,0,HIGH,2026-06-10 20:52:12
TXN003646,CUST0280,3272.92,Shopping,2026-02-16,0,LOW,2026-06-10 20:52:12
TXN003647,CUST0361,26227.55,Travel,2026-01-18,0,HIGH,2026-06-10 20:52:12
TXN003648,CUST0315,21274.33,Travel,2026-06-06,0,HIGH,2026-06-10 20:52:12
TXN003649,CUST0859,19787.41,Travel,2026-03-05,0,HIGH,2026-06-10 20:52:12
TXN003650,CUST0612,48168.77,Shopping,2026-05-16,0,HIGH,2026-06-10 20:52:12
TXN003651,CUST0714,45474.06,Food,2026-03-10,0,HIGH,2026-06-10 20:52:12
TXN003652,CUST0955,8278.52,Shopping,2026-06-09,0,MEDIUM,2026-06-10 20:52:12
TXN003653,CUST0039,33751.97,Travel,2026-01-06,0,HIGH,2026-06-10 20:52:12
TXN003654,CUST0613,11439.73,Healthcare,2026-03-31,0,HIGH,2026-06-10 20:52:12
TXN003655,CUST0510,5803.61,Food,2026-01-12,0,MEDIUM,2026-06-10 20:52:12
TXN003656,CUST0126,23332.13,Healthcare,2026-05-11,0,HIGH,2026-06-10 20:52:12
TXN003657,CUST0758,32198.95,Travel,2026-01-22,0,HIGH,2026-06-10 20:52:12
TXN003658,CUST0496,31333.9,Healthcare,2026-05-21,0,HIGH,2026-06-10 20:52:12
TXN003659,CUST0309,17728.56,Travel,2026-03-22,1,HIGH,2026-06-10 20:52:12
TXN003660,CUST0429,18354.16,Food,2026-06-09,0,HIGH,2026-06-10 20:52:12
TXN003661,CUST0701,45644.43,Shopping,2026-03-08,0,HIGH,2026-06-10 20:52:12
TXN003662,CUST0266,35722.37,Travel,2026-01-07,0,HIGH,2026-06-10 20:52:12
TXN003663,CUST0812,8528.92,Food,2026-04-22,0,MEDIUM,2026-06-10 20:52:12
TXN003664,CUST0940,40174.26,Food,2026-02-01,0,HIGH,2026-06-10 20:52:12
TXN003665,CUST0791,43221.92,Shopping,2026-02-03,0,HIGH,2026-06-10 20:52:12
TXN003666,CUST0039,27890.52,Healthcare,2026-05-02,0,HIGH,2026-06-10 20:52:12
TXN003667,CUST0542,12100.2,Shopping,2026-01-27,1,HIGH,2026-06-10 20:52:12
TXN003668,CUST0365,839.67,Food,2026-03-12,0,LOW,2026-06-10 20:52:12
TXN003669,CUST0550,30604.77,Travel,2026-02-05,0,HIGH,2026-06-10 20:52:12
TXN003670,CUST0776,25357.53,Travel,2026-02-28,0,HIGH,2026-06-10 20:52:12
TXN003671,CUST0273,42555.85,Healthcare,2026-06-09,0,HIGH,2026-06-10 20:52:12
TXN003672,CUST0032,4016.25,Shopping,2026-03-05,0,LOW,2026-06-10 20:52:12
TXN003673,CUST0163,23445.38,Food,2026-03-28,0,HIGH,2026-06-10 20:52:12
TXN003674,CUST0266,9325.41,Shopping,2026-06-08,0,MEDIUM,2026-06-10 20:52:12
TXN003675,CUST0490,19654.18,Shopping,2026-02-01,0,HIGH,2026-06-10 20:52:12
TXN003676,CUST0514,28696.3,Healthcare,2026-06-02,0,HIGH,2026-06-10 20:52:12
TXN003677,CUST0024,7525.42,Healthcare,2026-04-11,0,MEDIUM,2026-06-10 20:52:12
TXN003678,CUST0937,41334.07,Healthcare,2026-02-21,0,HIGH,2026-06-10 20:52:12
TXN003679,CUST0701,13296.62,Food,2026-05-07,1,HIGH,2026-06-10 20:52:12
TXN003680,CUST0912,4492.18,Shopping,2026-01-01,0,LOW,2026-06-10 20:52:12
TXN003681,CUST0746,30071.07,Shopping,2026-02-24,0,HIGH,2026-06-10 20:52:12
TXN003682,CUST0197,43468.35,Travel,2026-03-10,0,HIGH,2026-06-10 20:52:12
TXN003683,CUST0506,20792.59,Healthcare,2026-02-16,1,HIGH,2026-06-10 20:52:12
TXN003684,CUST0166,40239.32,Food,2026-03-28,0,HIGH,2026-06-10 20:52:12
TXN003685,CUST0412,19977.19,Shopping,2026-03-15,0,HIGH,2026-06-10 20:52:12
TXN003686,CUST0449,9066.8,Healthcare,2026-05-26,0,MEDIUM,2026-06-10 20:52:12
TXN003687,CUST0067,7140.94,Healthcare,2026-05-22,1,MEDIUM,2026-06-10 20:52:12
TXN003688,CUST0846,8512.7,Shopping,2026-06-02,0,MEDIUM,2026-06-10 20:52:12
TXN003689,CUST0490,46539.82,Healthcare,2026-01-17,0,HIGH,2026-06-10 20:52:12
TXN003690,CUST0648,43602.77,Healthcare,2026-05-10,0,HIGH,2026-06-10 20:52:12
TXN003691,CUST0677,15863.75,Shopping,2026-03-04,0,HIGH,2026-06-10 20:52:12
TXN003692,CUST0116,23146.56,Food,2026-03-20,0,HIGH,2026-06-10 20:52:12
TXN003693,CUST0612,46613.05,Shopping,2026-02-19,0,HIGH,2026-06-10 20:52:12
TXN003694,CUST0075,15442.05,Shopping,2026-01-27,0,HIGH,2026-06-10 20:52:12
TXN003695,CUST0926,25284.4,Healthcare,2026-01-28,0,HIGH,2026-06-10 20:52:12
TXN003696,CUST0755,46777.66,Travel,2026-04-11,0,HIGH,2026-06-10 20:52:12
TXN003697,CUST0113,38308.81,Healthcare,2026-02-07,0,HIGH,2026-06-10 20:52:12
TXN003698,CUST0056,48062.99,Healthcare,2026-05-10,0,HIGH,2026-06-10 20:52:12
TXN003699,CUST0156,8289.56,Shopping,2026-06-01,0,MEDIUM,2026-06-10 20:52:12
TXN003700,CUST0674,44577.9,Shopping,2026-03-24,0,HIGH,2026-06-10 20:52:12
TXN003701,CUST0481,20760.89,Shopping,2026-03-28,0,HIGH,2026-06-10 20:52:12
TXN003702,CUST0473,24495.54,Shopping,2026-01-05,0,HIGH,2026-06-10 20:52:12
TXN003703,CUST0679,3126.96,Shopping,2026-01-04,0,LOW,2026-06-10 20:52:12
TXN003704,CUST0896,8821.08,Healthcare,2026-03-21,0,MEDIUM,2026-06-10 20:52:12
TXN003705,CUST0501,24363.93,Food,2026-05-08,0,HIGH,2026-06-10 20:52:12
TXN003706,CUST0130,49584.89,Travel,2026-05-10,0,HIGH,2026-06-10 20:52:12
TXN003707,CUST0600,31416.02,Healthcare,2026-01-31,0,HIGH,2026-06-10 20:52:12
TXN003708,CUST0535,11772.69,Food,2026-03-25,0,HIGH,2026-06-10 20:52:12
TXN003709,CUST0722,36633.51,Shopping,2026-05-06,0,HIGH,2026-06-10 20:52:12
TXN003710,CUST0893,41383.36,Healthcare,2026-02-14,0,HIGH,2026-06-10 20:52:12
TXN003711,CUST0671,19472.31,Shopping,2026-05-06,0,HIGH,2026-06-10 20:52:12
TXN003712,CUST0672,7908.15,Food,2026-04-20,0,MEDIUM,2026-06-10 20:52:12
TXN003713,CUST0997,22734.37,Shopping,2026-02-24,0,HIGH,2026-06-10 20:52:12
TXN003714,CUST0986,653.03,Healthcare,2026-03-12,0,LOW,2026-06-10 20:52:12
TXN003715,CUST0257,20659.99,Food,2026-03-04,0,HIGH,2026-06-10 20:52:12
TXN003716,CUST0995,18493.4,Travel,2026-03-07,0,HIGH,2026-06-10 20:52:12
TXN003717,CUST0320,30043.75,Food,2026-03-24,0,HIGH,2026-06-10 20:52:12
TXN003718,CUST0969,17772.21,Travel,2026-06-08,0,HIGH,2026-06-10 20:52:12
TXN003719,CUST0078,49711.55,Shopping,2026-01-11,0,HIGH,2026-06-10 20:52:12
TXN003720,CUST0203,24304.15,Healthcare,2026-02-18,0,HIGH,2026-06-10 20:52:12
TXN003721,CUST0249,2786.31,Travel,2026-01-12,0,LOW,2026-06-10 20:52:12
TXN003722,CUST0055,28835.63,Food,2026-03-24,0,HIGH,2026-06-10 20:52:12
TXN003723,CUST0910,5803.96,Travel,2026-01-21,0,MEDIUM,2026-06-10 20:52:12
TXN003724,CUST0350,15968.22,Travel,2026-06-07,0,HIGH,2026-06-10 20:52:12
TXN003725,CUST0823,1862.2,Healthcare,2026-03-24,0,LOW,2026-06-10 20:52:12
TXN003726,CUST0339,39599.5,Shopping,2026-05-02,0,HIGH,2026-06-10 20:52:12
TXN003727,CUST0825,5244.81,Shopping,2026-03-09,0,MEDIUM,2026-06-10 20:52:12
TXN003728,CUST0951,18714.16,Healthcare,2026-04-30,0,HIGH,2026-06-10 20:52:12
TXN003729,CUST0050,37150.38,Shopping,2026-03-19,0,HIGH,2026-06-10 20:52:12
TXN003730,CUST0876,1062.47,Food,2026-06-08,0,LOW,2026-06-10 20:52:12
TXN003731,CUST0577,18629.5,Shopping,2026-01-20,0,HIGH,2026-06-10 20:52:12
TXN003732,CUST0332,16076.41,Food,2026-05-22,0,HIGH,2026-06-10 20:52:12
TXN003733,CUST0110,11454.14,Shopping,2026-04-02,0,HIGH,2026-06-10 20:52:12
TXN003734,CUST0738,27690.44,Shopping,2026-06-01,0,HIGH,2026-06-10 20:52:12
TXN003735,CUST0402,11395.18,Food,2026-03-13,0,HIGH,2026-06-10 20:52:12
TXN003736,CUST0714,27559.59,Healthcare,2026-01-21,0,HIGH,2026-06-10 20:52:12
TXN003737,CUST0865,37422.67,Healthcare,2026-01-29,0,HIGH,2026-06-10 20:52:12
TXN003738,CUST0394,40461.12,Shopping,2026-02-24,0,HIGH,2026-06-10 20:52:12
TXN003739,CUST0270,23499.84,Food,2026-01-28,0,HIGH,2026-06-10 20:52:12
TXN003740,CUST0156,12802.87,Healthcare,2026-06-02,0,HIGH,2026-06-10 20:52:12
TXN003741,CUST0889,41744.23,Food,2026-02-15,1,HIGH,2026-06-10 20:52:12
TXN003742,CUST0152,45529.25,Food,2026-05-29,0,HIGH,2026-06-10 20:52:12
TXN003743,CUST0454,40805.48,Travel,2026-05-18,0,HIGH,2026-06-10 20:52:12
TXN003744,CUST0464,9759.43,Healthcare,2026-04-13,0,MEDIUM,2026-06-10 20:52:12
TXN003745,CUST0405,7380.17,Shopping,2026-01-31,0,MEDIUM,2026-06-10 20:52:12
TXN003746,CUST0531,16919.96,Healthcare,2026-03-28,0,HIGH,2026-06-10 20:52:12
TXN003747,CUST0228,48665.63,Travel,2026-05-03,0,HIGH,2026-06-10 20:52:12
TXN003748,CUST0878,15422.29,Shopping,2026-01-14,0,HIGH,2026-06-10 20:52:12
TXN003749,CUST0368,29935.76,Shopping,2026-03-21,0,HIGH,2026-06-10 20:52:12
TXN003750,CUST0290,9093.07,Shopping,2026-03-16,0,MEDIUM,2026-06-10 20:52:12
TXN003751,CUST0443,30740.38,Food,2026-03-14,1,HIGH,2026-06-10 20:52:12
TXN003752,CUST0734,26317.42,Food,2026-02-17,0,HIGH,2026-06-10 20:52:12
TXN003753,CUST0322,20166.16,Food,2026-04-04,0,HIGH,2026-06-10 20:52:12
TXN003754,CUST0472,45000.72,Travel,2026-05-14,0,HIGH,2026-06-10 20:52:12
TXN003755,CUST0814,32375.45,Shopping,2026-02-03,0,HIGH,2026-06-10 20:52:12
TXN003756,CUST0642,41308.71,Shopping,2026-02-25,0,HIGH,2026-06-10 20:52:12
TXN003757,CUST0299,16699.1,Travel,2026-04-26,0,HIGH,2026-06-10 20:52:12
TXN003758,CUST0218,17972.13,Healthcare,2026-03-15,0,HIGH,2026-06-10 20:52:12
TXN003759,CUST0249,7765.56,Food,2026-05-11,0,MEDIUM,2026-06-10 20:52:12
TXN003760,CUST0434,44107.64,Healthcare,2026-03-25,0,HIGH,2026-06-10 20:52:12
TXN003761,CUST0327,16281.27,Travel,2026-05-27,0,HIGH,2026-06-10 20:52:12
TXN003762,CUST0938,23769.56,Travel,2026-05-15,0,HIGH,2026-06-10 20:52:12
TXN003763,CUST0660,13969.81,Food,2026-02-12,0,HIGH,2026-06-10 20:52:12
TXN003764,CUST1000,17533.78,Shopping,2026-02-23,0,HIGH,2026-06-10 20:52:12
TXN003765,CUST0046,5312.63,Food,2026-04-29,0,MEDIUM,2026-06-10 20:52:12
TXN003766,CUST0946,37430.59,Travel,2026-02-07,0,HIGH,2026-06-10 20:52:12
TXN003767,CUST0049,23143.49,Travel,2026-01-30,0,HIGH,2026-06-10 20:52:12
TXN003768,CUST0140,31171.68,Shopping,2026-05-10,0,HIGH,2026-06-10 20:52:12
TXN003769,CUST0790,13257.27,Healthcare,2026-02-06,0,HIGH,2026-06-10 20:52:12
TXN003770,CUST0116,44125.13,Healthcare,2026-01-25,0,HIGH,2026-06-10 20:52:12
TXN003771,CUST0702,23054.2,Travel,2026-05-08,0,HIGH,2026-06-10 20:52:12
TXN003772,CUST0505,22061.9,Travel,2026-03-03,0,HIGH,2026-06-10 20:52:12
TXN003773,CUST0774,34137.16,Food,2026-01-17,0,HIGH,2026-06-10 20:52:12
TXN003774,CUST0693,32674.34,Food,2026-01-09,0,HIGH,2026-06-10 20:52:12
TXN003775,CUST0689,41033.22,Shopping,2026-04-28,0,HIGH,2026-06-10 20:52:12
TXN003776,CUST0856,33454.31,Healthcare,2026-01-12,0,HIGH,2026-06-10 20:52:12
TXN003777,CUST0719,29290.94,Travel,2026-01-20,0,HIGH,2026-06-10 20:52:12
TXN003778,CUST0612,25160.69,Travel,2026-04-11,0,HIGH,2026-06-10 20:52:12
TXN003779,CUST0830,25190.23,Healthcare,2026-03-08,0,HIGH,2026-06-10 20:52:12
TXN003780,CUST0561,29183.19,Food,2026-01-28,0,HIGH,2026-06-10 20:52:12
TXN003781,CUST0753,18396.68,Healthcare,2026-01-26,1,HIGH,2026-06-10 20:52:12
TXN003782,CUST0157,2282.81,Healthcare,2026-01-29,0,LOW,2026-06-10 20:52:12
TXN003783,CUST0840,23488.28,Travel,2026-04-15,0,HIGH,2026-06-10 20:52:12
TXN003784,CUST0603,29038.79,Travel,2026-06-06,0,HIGH,2026-06-10 20:52:12
TXN003785,CUST0311,18793.13,Food,2026-05-10,0,HIGH,2026-06-10 20:52:12
TXN003786,CUST0243,13913.94,Healthcare,2026-03-30,0,HIGH,2026-06-10 20:52:12
TXN003787,CUST0835,28651.68,Travel,2026-03-18,0,HIGH,2026-06-10 20:52:12
TXN003788,CUST0522,48058.41,Shopping,2026-01-19,0,HIGH,2026-06-10 20:52:12
TXN003789,CUST0497,37568.63,Travel,2026-04-18,0,HIGH,2026-06-10 20:52:12
TXN003790,CUST0434,6356.55,Shopping,2026-04-12,0,MEDIUM,2026-06-10 20:52:12
TXN003791,CUST0644,26351.12,Shopping,2026-04-04,0,HIGH,2026-06-10 20:52:12
TXN003792,CUST0643,17461.35,Travel,2026-01-04,0,HIGH,2026-06-10 20:52:12
TXN003793,CUST0017,44451.54,Healthcare,2026-05-06,0,HIGH,2026-06-10 20:52:12
TXN003794,CUST0559,24894.42,Shopping,2026-04-24,0,HIGH,2026-06-10 20:52:12
TXN003795,CUST0564,2096.94,Shopping,2026-06-04,0,LOW,2026-06-10 20:52:12
TXN003796,CUST0020,28418.4,Food,2026-05-26,0,HIGH,2026-06-10 20:52:12
TXN003797,CUST0626,1876.35,Travel,2026-06-09,0,LOW,2026-06-10 20:52:12
TXN003798,CUST0687,24063.55,Shopping,2026-06-08,0,HIGH,2026-06-10 20:52:12
TXN003799,CUST0953,24015.51,Shopping,2026-02-13,0,HIGH,2026-06-10 20:52:12
TXN003800,CUST0523,34528.13,Food,2026-01-18,0,HIGH,2026-06-10 20:52:12
TXN003801,CUST0175,8076.56,Shopping,2026-02-04,0,MEDIUM,2026-06-10 20:52:12
TXN003802,CUST0051,39253.53,Shopping,2026-04-10,1,HIGH,2026-06-10 20:52:12
TXN003803,CUST0534,6937.66,Travel,2026-02-05,0,MEDIUM,2026-06-10 20:52:12
TXN003804,CUST0927,745.2,Food,2026-03-05,0,LOW,2026-06-10 20:52:12
TXN003805,CUST0914,45071.31,Travel,2026-01-16,0,HIGH,2026-06-10 20:52:12
TXN003806,CUST0028,4623.83,Food,2026-04-30,0,LOW,2026-06-10 20:52:12
TXN003807,CUST0301,29053.81,Healthcare,2026-05-07,0,HIGH,2026-06-10 20:52:12
TXN003808,CUST0311,36791.06,Travel,2026-05-31,0,HIGH,2026-06-10 20:52:12
TXN003809,CUST0798,12292.09,Travel,2026-02-14,0,HIGH,2026-06-10 20:52:12
TXN003810,CUST0378,2788.74,Healthcare,2026-05-21,0,LOW,2026-06-10 20:52:12
TXN003811,CUST0021,1871.07,Shopping,2026-04-20,0,LOW,2026-06-10 20:52:12
TXN003812,CUST0602,36004.54,Travel,2026-06-06,0,HIGH,2026-06-10 20:52:12
TXN003813,CUST0707,25069.05,Food,2026-05-13,0,HIGH,2026-06-10 20:52:12
TXN003814,CUST0385,48622.53,Travel,2026-03-08,0,HIGH,2026-06-10 20:52:12
TXN003815,CUST0340,7534.79,Healthcare,2026-02-24,0,MEDIUM,2026-06-10 20:52:12
TXN003816,CUST0309,42702.73,Travel,2026-01-03,0,HIGH,2026-06-10 20:52:12
TXN003817,CUST0531,19596.98,Shopping,2026-05-31,0,HIGH,2026-06-10 20:52:12
TXN003818,CUST0166,20204.69,Shopping,2026-04-19,0,HIGH,2026-06-10 20:52:12
TXN003819,CUST0508,1718.11,Healthcare,2026-06-08,0,LOW,2026-06-10 20:52:12
TXN003820,CUST0171,13702.81,Food,2026-05-31,0,HIGH,2026-06-10 20:52:12
TXN003821,CUST0776,4227.32,Shopping,2026-01-15,0,LOW,2026-06-10 20:52:12
TXN003822,CUST0525,22726.71,Shopping,2026-01-28,0,HIGH,2026-06-10 20:52:12
TXN003823,CUST0661,39063.54,Food,2026-04-20,0,HIGH,2026-06-10 20:52:12
TXN003824,CUST0453,8832.77,Shopping,2026-05-02,0,MEDIUM,2026-06-10 20:52:12
TXN003825,CUST0361,40733.61,Shopping,2026-06-06,0,HIGH,2026-06-10 20:52:12
TXN003826,CUST0968,36049.56,Food,2026-02-05,0,HIGH,2026-06-10 20:52:12
TXN003827,CUST0216,2562.51,Food,2026-06-06,0,LOW,2026-06-10 20:52:12
TXN003828,CUST0732,13847.41,Food,2026-03-13,0,HIGH,2026-06-10 20:52:12
TXN003829,CUST0897,35485.43,Food,2026-03-08,0,HIGH,2026-06-10 20:52:12
TXN003830,CUST0787,26651.41,Travel,2026-04-01,0,HIGH,2026-06-10 20:52:12
TXN003831,CUST0860,17642.88,Food,2026-05-20,0,HIGH,2026-06-10 20:52:12
TXN003832,CUST0501,46715.19,Shopping,2026-03-11,0,HIGH,2026-06-10 20:52:12
TXN003833,CUST0105,49835.92,Food,2026-03-17,0,HIGH,2026-06-10 20:52:12
TXN003834,CUST0892,32667.93,Travel,2026-05-14,0,HIGH,2026-06-10 20:52:12
TXN003835,CUST0143,27076.7,Shopping,2026-04-25,0,HIGH,2026-06-10 20:52:12
TXN003836,CUST0495,23152.73,Travel,2026-01-02,0,HIGH,2026-06-10 20:52:12
TXN003837,CUST0680,24189.71,Travel,2026-02-13,1,HIGH,2026-06-10 20:52:12
TXN003838,CUST0019,42987.3,Healthcare,2026-01-13,0,HIGH,2026-06-10 20:52:12
TXN003839,CUST0802,4319.09,Shopping,2026-04-23,0,LOW,2026-06-10 20:52:12
TXN003840,CUST0204,3148.77,Healthcare,2026-03-13,0,LOW,2026-06-10 20:52:12
TXN003841,CUST0916,933.23,Food,2026-01-22,0,LOW,2026-06-10 20:52:12
TXN003842,CUST0565,31229.22,Healthcare,2026-01-16,0,HIGH,2026-06-10 20:52:12
TXN003843,CUST0333,34730.87,Food,2026-05-09,0,HIGH,2026-06-10 20:52:12
TXN003844,CUST0896,10654.39,Shopping,2026-04-24,1,HIGH,2026-06-10 20:52:12
TXN003845,CUST0542,35331.87,Travel,2026-04-26,0,HIGH,2026-06-10 20:52:12
TXN003846,CUST0235,47724.75,Travel,2026-06-01,1,HIGH,2026-06-10 20:52:12
TXN003847,CUST0624,6014.13,Shopping,2026-05-14,0,MEDIUM,2026-06-10 20:52:12
TXN003848,CUST0056,48881.53,Healthcare,2026-01-29,0,HIGH,2026-06-10 20:52:12
TXN003849,CUST0727,41120.45,Healthcare,2026-03-11,0,HIGH,2026-06-10 20:52:12
TXN003850,CUST0528,28931.79,Travel,2026-04-16,0,HIGH,2026-06-10 20:52:12
TXN003851,CUST0639,41629.02,Healthcare,2026-04-19,0,HIGH,2026-06-10 20:52:12
TXN003852,CUST0311,18886.91,Healthcare,2026-02-24,0,HIGH,2026-06-10 20:52:12
TXN003853,CUST0091,34586.6,Shopping,2026-03-19,0,HIGH,2026-06-10 20:52:12
TXN003854,CUST0790,10316.02,Travel,2026-04-07,0,HIGH,2026-06-10 20:52:12
TXN003855,CUST0305,43328.16,Shopping,2026-01-08,0,HIGH,2026-06-10 20:52:12
TXN003856,CUST0958,20832.25,Shopping,2026-03-14,0,HIGH,2026-06-10 20:52:12
TXN003857,CUST0375,27078.48,Travel,2026-04-23,0,HIGH,2026-06-10 20:52:12
TXN003858,CUST0884,48689.28,Travel,2026-03-02,0,HIGH,2026-06-10 20:52:12
TXN003859,CUST0524,17090.73,Food,2026-03-19,0,HIGH,2026-06-10 20:52:12
TXN003860,CUST0887,19108.51,Food,2026-04-20,0,HIGH,2026-06-10 20:52:12
TXN003861,CUST0260,16138.03,Travel,2026-04-24,0,HIGH,2026-06-10 20:52:12
TXN003862,CUST0499,13486.99,Food,2026-05-17,1,HIGH,2026-06-10 20:52:12
TXN003863,CUST0806,1267.88,Healthcare,2026-05-07,0,LOW,2026-06-10 20:52:12
TXN003864,CUST0213,24133.55,Travel,2026-01-29,0,HIGH,2026-06-10 20:52:12
TXN003865,CUST0529,16380.23,Travel,2026-05-03,0,HIGH,2026-06-10 20:52:12
TXN003866,CUST0536,3207.14,Food,2026-03-28,0,LOW,2026-06-10 20:52:12
TXN003867,CUST0543,18310.71,Healthcare,2026-05-06,0,HIGH,2026-06-10 20:52:12
TXN003868,CUST0353,2888.16,Healthcare,2026-06-01,0,LOW,2026-06-10 20:52:12
TXN003869,CUST0863,48563.96,Healthcare,2026-03-09,1,HIGH,2026-06-10 20:52:12
TXN003870,CUST0382,45982.31,Food,2026-03-29,0,HIGH,2026-06-10 20:52:12
TXN003871,CUST0155,22006.9,Shopping,2026-03-31,0,HIGH,2026-06-10 20:52:12
TXN003872,CUST0741,34014.86,Shopping,2026-01-18,0,HIGH,2026-06-10 20:52:12
TXN003873,CUST0293,47963.54,Travel,2026-04-12,0,HIGH,2026-06-10 20:52:12
TXN003874,CUST0276,49034.59,Travel,2026-01-24,1,HIGH,2026-06-10 20:52:12
TXN003875,CUST0117,45821.44,Travel,2026-01-18,0,HIGH,2026-06-10 20:52:12
TXN003876,CUST0541,21642.92,Travel,2026-03-10,0,HIGH,2026-06-10 20:52:12
TXN003877,CUST0805,31658.31,Food,2026-01-08,0,HIGH,2026-06-10 20:52:12
TXN003878,CUST0306,4318.6,Healthcare,2026-03-23,0,LOW,2026-06-10 20:52:12
TXN003879,CUST0258,411.82,Food,2026-02-12,0,LOW,2026-06-10 20:52:12
TXN003880,CUST0640,14584.69,Travel,2026-04-12,0,HIGH,2026-06-10 20:52:12
TXN003881,CUST0632,10852.8,Travel,2026-04-15,1,HIGH,2026-06-10 20:52:12
TXN003882,CUST0319,18788.5,Healthcare,2026-01-06,0,HIGH,2026-06-10 20:52:12
TXN003883,CUST0481,28926.34,Shopping,2026-05-25,0,HIGH,2026-06-10 20:52:12
TXN003884,CUST0886,19887.08,Travel,2026-02-19,0,HIGH,2026-06-10 20:52:12
TXN003885,CUST0623,32192.37,Healthcare,2026-01-25,0,HIGH,2026-06-10 20:52:12
TXN003886,CUST0761,31974.24,Food,2026-02-10,1,HIGH,2026-06-10 20:52:12
TXN003887,CUST0720,21982.83,Food,2026-01-24,0,HIGH,2026-06-10 20:52:12
TXN003888,CUST0996,7712.97,Healthcare,2026-03-31,0,MEDIUM,2026-06-10 20:52:12
TXN003889,CUST0403,6877.76,Shopping,2026-02-19,0,MEDIUM,2026-06-10 20:52:12
TXN003890,CUST0585,43528.19,Travel,2026-04-25,0,HIGH,2026-06-10 20:52:12
TXN003891,CUST0537,16462.45,Food,2026-05-08,0,HIGH,2026-06-10 20:52:12
TXN003892,CUST0579,45661.21,Shopping,2026-04-17,0,HIGH,2026-06-10 20:52:12
TXN003893,CUST0579,43520.44,Travel,2026-02-07,0,HIGH,2026-06-10 20:52:12
TXN003894,CUST0707,1797.32,Shopping,2026-01-04,0,LOW,2026-06-10 20:52:12
TXN003895,CUST0423,46547.03,Healthcare,2026-05-16,0,HIGH,2026-06-10 20:52:12
TXN003896,CUST0260,30025.39,Food,2026-03-17,0,HIGH,2026-06-10 20:52:12
TXN003897,CUST0807,30945.7,Healthcare,2026-03-13,0,HIGH,2026-06-10 20:52:12
TXN003898,CUST0726,2478.6,Travel,2026-02-13,0,LOW,2026-06-10 20:52:12
TXN003899,CUST0659,32531.47,Healthcare,2026-06-01,0,HIGH,2026-06-10 20:52:12
TXN003900,CUST0639,45936.19,Travel,2026-03-18,0,HIGH,2026-06-10 20:52:12
TXN003901,CUST0827,22483.39,Food,2026-04-27,0,HIGH,2026-06-10 20:52:12
TXN003902,CUST0793,8060.25,Travel,2026-02-04,0,MEDIUM,2026-06-10 20:52:12
TXN003903,CUST0510,10628.59,Travel,2026-04-29,0,HIGH,2026-06-10 20:52:12
TXN003904,CUST0489,21216.0,Healthcare,2026-04-30,1,HIGH,2026-06-10 20:52:12
TXN003905,CUST0184,2224.05,Healthcare,2026-06-08,0,LOW,2026-06-10 20:52:12
TXN003906,CUST0832,18186.88,Travel,2026-05-05,0,HIGH,2026-06-10 20:52:12
TXN003907,CUST0064,5613.27,Food,2026-01-08,0,MEDIUM,2026-06-10 20:52:12
TXN003908,CUST0777,31544.77,Healthcare,2026-04-22,0,HIGH,2026-06-10 20:52:12
TXN003909,CUST0119,3613.04,Shopping,2026-03-27,0,LOW,2026-06-10 20:52:12
TXN003910,CUST0534,6461.4,Shopping,2026-04-29,0,MEDIUM,2026-06-10 20:52:12
TXN003911,CUST0005,28574.77,Travel,2026-05-11,0,HIGH,2026-06-10 20:52:12
TXN003912,CUST0827,5147.17,Shopping,2026-05-03,0,MEDIUM,2026-06-10 20:52:12
TXN003913,CUST0991,31161.93,Healthcare,2026-03-14,0,HIGH,2026-06-10 20:52:12
TXN003914,CUST0055,41325.78,Healthcare,2026-05-17,0,HIGH,2026-06-10 20:52:12
TXN003915,CUST0720,17192.99,Healthcare,2026-05-05,0,HIGH,2026-06-10 20:52:12
TXN003916,CUST0855,47774.93,Food,2026-02-15,0,HIGH,2026-06-10 20:52:12
TXN003917,CUST0640,22673.55,Travel,2026-01-08,0,HIGH,2026-06-10 20:52:12
TXN003918,CUST0574,11233.19,Shopping,2026-01-11,0,HIGH,2026-06-10 20:52:12
TXN003919,CUST0996,24651.8,Healthcare,2026-04-21,1,HIGH,2026-06-10 20:52:12
TXN003920,CUST0981,16179.0,Travel,2026-05-23,0,HIGH,2026-06-10 20:52:12
TXN003921,CUST0851,5084.9,Travel,2026-02-07,0,MEDIUM,2026-06-10 20:52:12
TXN003922,CUST0363,8502.05,Healthcare,2026-04-30,0,MEDIUM,2026-06-10 20:52:12
TXN003923,CUST0270,5895.64,Travel,2026-05-05,0,MEDIUM,2026-06-10 20:52:12
TXN003924,CUST0542,5371.87,Shopping,2026-03-17,0,MEDIUM,2026-06-10 20:52:12
TXN003925,CUST0835,13492.55,Food,2026-05-17,0,HIGH,2026-06-10 20:52:12
TXN003926,CUST0849,26230.33,Travel,2026-01-18,0,HIGH,2026-06-10 20:52:12
TXN003927,CUST0338,14175.98,Healthcare,2026-04-12,0,HIGH,2026-06-10 20:52:12
TXN003928,CUST0020,27632.21,Healthcare,2026-02-21,1,HIGH,2026-06-10 20:52:12
TXN003929,CUST0004,44029.37,Food,2026-02-24,0,HIGH,2026-06-10 20:52:12
TXN003930,CUST0591,44577.16,Travel,2026-03-04,0,HIGH,2026-06-10 20:52:12
TXN003931,CUST0129,39624.81,Food,2026-04-09,0,HIGH,2026-06-10 20:52:12
TXN003932,CUST0703,4511.71,Food,2026-04-13,0,LOW,2026-06-10 20:52:12
TXN003933,CUST0836,1340.98,Travel,2026-02-02,0,LOW,2026-06-10 20:52:12
TXN003934,CUST0992,23941.41,Shopping,2026-06-03,0,HIGH,2026-06-10 20:52:12
TXN003935,CUST0121,5135.07,Food,2026-01-20,0,MEDIUM,2026-06-10 20:52:12
TXN003936,CUST0044,26918.62,Travel,2026-05-17,0,HIGH,2026-06-10 20:52:12
TXN003937,CUST0655,49288.54,Travel,2026-06-09,0,HIGH,2026-06-10 20:52:12
TXN003938,CUST0624,26517.35,Travel,2026-03-27,0,HIGH,2026-06-10 20:52:12
TXN003939,CUST0642,23186.68,Healthcare,2026-03-14,0,HIGH,2026-06-10 20:52:12
TXN003940,CUST0737,3594.86,Healthcare,2026-02-21,0,LOW,2026-06-10 20:52:12
TXN003941,CUST0551,45636.0,Healthcare,2026-05-26,0,HIGH,2026-06-10 20:52:12
TXN003942,CUST0139,41751.9,Travel,2026-05-27,0,HIGH,2026-06-10 20:52:12
TXN003943,CUST0169,15653.71,Shopping,2026-01-27,0,HIGH,2026-06-10 20:52:12
TXN003944,CUST0262,47039.78,Travel,2026-01-15,0,HIGH,2026-06-10 20:52:12
TXN003945,CUST0474,32687.05,Healthcare,2026-05-03,0,HIGH,2026-06-10 20:52:12
TXN003946,CUST0596,46913.93,Healthcare,2026-04-30,0,HIGH,2026-06-10 20:52:12
TXN003947,CUST0836,48879.34,Travel,2026-05-23,0,HIGH,2026-06-10 20:52:12
TXN003948,CUST0301,23260.88,Food,2026-04-13,0,HIGH,2026-06-10 20:52:12
TXN003949,CUST0983,40991.81,Shopping,2026-01-26,0,HIGH,2026-06-10 20:52:12
TXN003950,CUST0950,25298.47,Travel,2026-02-09,0,HIGH,2026-06-10 20:52:12
TXN003951,CUST0641,28994.31,Travel,2026-03-04,1,HIGH,2026-06-10 20:52:12
TXN003952,CUST0025,40859.51,Healthcare,2026-02-14,0,HIGH,2026-06-10 20:52:12
TXN003953,CUST0730,10878.0,Food,2026-05-17,1,HIGH,2026-06-10 20:52:12
TXN003954,CUST0885,15046.32,Travel,2026-04-16,0,HIGH,2026-06-10 20:52:12
TXN003955,CUST0129,22789.26,Travel,2026-04-12,0,HIGH,2026-06-10 20:52:12
TXN003956,CUST0860,29472.82,Food,2026-04-23,0,HIGH,2026-06-10 20:52:12
TXN003957,CUST0846,1356.27,Travel,2026-05-18,0,LOW,2026-06-10 20:52:12
TXN003958,CUST0938,41516.62,Shopping,2026-04-13,0,HIGH,2026-06-10 20:52:12
TXN003959,CUST0781,5576.11,Healthcare,2026-01-22,0,MEDIUM,2026-06-10 20:52:12
TXN003960,CUST0873,47583.18,Food,2026-01-28,0,HIGH,2026-06-10 20:52:12
TXN003961,CUST0719,31295.01,Food,2026-03-03,0,HIGH,2026-06-10 20:52:12
TXN003962,CUST0392,6191.07,Food,2026-02-15,0,MEDIUM,2026-06-10 20:52:12
TXN003963,CUST0202,43332.03,Shopping,2026-05-15,0,HIGH,2026-06-10 20:52:12
TXN003964,CUST0394,34219.28,Shopping,2026-06-02,0,HIGH,2026-06-10 20:52:12
TXN003965,CUST0469,27103.12,Shopping,2026-03-27,0,HIGH,2026-06-10 20:52:12
TXN003966,CUST0073,4951.49,Travel,2026-02-14,0,LOW,2026-06-10 20:52:12
TXN003967,CUST0194,46381.26,Food,2026-03-16,0,HIGH,2026-06-10 20:52:12
TXN003968,CUST0434,18769.5,Travel,2026-03-25,1,HIGH,2026-06-10 20:52:12
TXN003969,CUST0923,30506.66,Shopping,2026-03-27,1,HIGH,2026-06-10 20:52:12
TXN003970,CUST0972,44742.36,Food,2026-04-23,0,HIGH,2026-06-10 20:52:12
TXN003971,CUST0728,14614.72,Travel,2026-02-26,0,HIGH,2026-06-10 20:52:12
TXN003972,CUST0726,21486.82,Travel,2026-03-20,0,HIGH,2026-06-10 20:52:12
TXN003973,CUST0584,45994.52,Healthcare,2026-04-07,0,HIGH,2026-06-10 20:52:12
TXN003974,CUST0156,25204.22,Travel,2026-02-18,0,HIGH,2026-06-10 20:52:12
TXN003975,CUST0989,38796.61,Travel,2026-04-27,0,HIGH,2026-06-10 20:52:12
TXN003976,CUST0344,27744.4,Shopping,2026-01-04,0,HIGH,2026-06-10 20:52:12
TXN003977,CUST0609,21362.06,Food,2026-03-26,0,HIGH,2026-06-10 20:52:12
TXN003978,CUST0532,28292.8,Food,2026-04-21,0,HIGH,2026-06-10 20:52:12
TXN003979,CUST0484,30033.12,Travel,2026-01-21,0,HIGH,2026-06-10 20:52:12
TXN003980,CUST0120,29719.97,Shopping,2026-01-23,0,HIGH,2026-06-10 20:52:12
TXN003981,CUST0796,31596.18,Travel,2026-01-26,0,HIGH,2026-06-10 20:52:12
TXN003982,CUST0779,14357.67,Food,2026-03-06,0,HIGH,2026-06-10 20:52:12
TXN003983,CUST0412,32336.15,Travel,2026-04-10,0,HIGH,2026-06-10 20:52:12
TXN003984,CUST0633,701.98,Food,2026-02-07,0,LOW,2026-06-10 20:52:12
TXN003985,CUST0508,7043.97,Food,2026-03-07,0,MEDIUM,2026-06-10 20:52:12
TXN003986,CUST0046,21346.32,Travel,2026-04-19,0,HIGH,2026-06-10 20:52:12
TXN003987,CUST0467,29357.88,Shopping,2026-01-21,0,HIGH,2026-06-10 20:52:12
TXN003988,CUST0277,12788.58,Shopping,2026-04-30,0,HIGH,2026-06-10 20:52:12
TXN003989,CUST0808,23330.9,Shopping,2026-05-10,0,HIGH,2026-06-10 20:52:12
TXN003990,CUST0502,39628.05,Shopping,2026-02-07,1,HIGH,2026-06-10 20:52:12
TXN003991,CUST0949,677.2,Travel,2026-01-22,0,LOW,2026-06-10 20:52:12
TXN003992,CUST0958,40065.12,Travel,2026-02-02,0,HIGH,2026-06-10 20:52:12
TXN003993,CUST0130,31312.02,Travel,2026-01-30,0,HIGH,2026-06-10 20:52:12
TXN003994,CUST0151,47570.84,Shopping,2026-04-30,0,HIGH,2026-06-10 20:52:12
TXN003995,CUST0488,42714.08,Shopping,2026-01-17,0,HIGH,2026-06-10 20:52:12
TXN003996,CUST0633,27986.84,Shopping,2026-04-29,0,HIGH,2026-06-10 20:52:12
TXN003997,CUST0861,15241.84,Travel,2026-04-26,0,HIGH,2026-06-10 20:52:12
TXN003998,CUST0190,19980.82,Food,2026-05-01,0,HIGH,2026-06-10 20:52:12
TXN003999,CUST0457,48934.02,Shopping,2026-02-25,0,HIGH,2026-06-10 20:52:12
TXN004000,CUST0432,21065.93,Food,2026-04-21,0,HIGH,2026-06-10 20:52:12
TXN004001,CUST0581,49702.38,Shopping,2026-02-23,0,HIGH,2026-06-10 20:52:12
TXN004002,CUST0730,43386.84,Food,2026-04-17,0,HIGH,2026-06-10 20:52:12
TXN004003,CUST0572,44841.21,Shopping,2026-04-12,0,HIGH,2026-06-10 20:52:12
TXN004004,CUST0989,43566.32,Travel,2026-04-03,0,HIGH,2026-06-10 20:52:12
TXN004005,CUST0099,11361.29,Healthcare,2026-03-10,0,HIGH,2026-06-10 20:52:12
TXN004006,CUST0765,31815.28,Travel,2026-04-24,0,HIGH,2026-06-10 20:52:12
TXN004007,CUST0528,13584.02,Healthcare,2026-06-07,0,HIGH,2026-06-10 20:52:12
TXN004008,CUST0748,25256.69,Travel,2026-04-23,0,HIGH,2026-06-10 20:52:12
TXN004009,CUST0765,12993.17,Shopping,2026-01-26,0,HIGH,2026-06-10 20:52:12
TXN004010,CUST0768,24207.88,Healthcare,2026-05-23,0,HIGH,2026-06-10 20:52:12
TXN004011,CUST0159,42315.72,Shopping,2026-01-20,0,HIGH,2026-06-10 20:52:12
TXN004012,CUST0183,33619.04,Food,2026-03-10,1,HIGH,2026-06-10 20:52:12
TXN004013,CUST0693,4481.47,Shopping,2026-05-13,0,LOW,2026-06-10 20:52:12
TXN004014,CUST0271,12291.79,Travel,2026-03-09,0,HIGH,2026-06-10 20:52:12
TXN004015,CUST0722,26639.67,Healthcare,2026-02-16,0,HIGH,2026-06-10 20:52:12
TXN004016,CUST0904,20561.42,Shopping,2026-02-10,0,HIGH,2026-06-10 20:52:12
TXN004017,CUST0083,18215.11,Shopping,2026-03-28,0,HIGH,2026-06-10 20:52:12
TXN004018,CUST0829,906.62,Healthcare,2026-05-30,0,LOW,2026-06-10 20:52:12
TXN004019,CUST0286,5869.75,Travel,2026-01-23,0,MEDIUM,2026-06-10 20:52:12
TXN004020,CUST0247,7111.24,Shopping,2026-04-04,0,MEDIUM,2026-06-10 20:52:12
TXN004021,CUST0468,42621.9,Food,2026-03-11,0,HIGH,2026-06-10 20:52:12
TXN004022,CUST0657,4954.54,Healthcare,2026-02-03,0,LOW,2026-06-10 20:52:12
TXN004023,CUST0898,3281.86,Food,2026-03-06,0,LOW,2026-06-10 20:52:12
TXN004024,CUST0104,39829.33,Healthcare,2026-02-08,0,HIGH,2026-06-10 20:52:12
TXN004025,CUST0326,32762.67,Travel,2026-05-01,0,HIGH,2026-06-10 20:52:12
TXN004026,CUST0714,46992.07,Travel,2026-01-23,0,HIGH,2026-06-10 20:52:12
TXN004027,CUST0530,33914.61,Shopping,2026-04-30,0,HIGH,2026-06-10 20:52:12
TXN004028,CUST0016,14485.12,Healthcare,2026-01-04,0,HIGH,2026-06-10 20:52:12
TXN004029,CUST0676,11107.04,Healthcare,2026-06-09,0,HIGH,2026-06-10 20:52:12
TXN004030,CUST0543,26552.9,Shopping,2026-01-12,0,HIGH,2026-06-10 20:52:12
TXN004031,CUST0172,13589.32,Travel,2026-01-12,0,HIGH,2026-06-10 20:52:12
TXN004032,CUST0389,42617.75,Healthcare,2026-04-14,0,HIGH,2026-06-10 20:52:12
TXN004033,CUST0830,14181.9,Travel,2026-01-24,0,HIGH,2026-06-10 20:52:12
TXN004034,CUST0557,28784.21,Travel,2026-01-29,0,HIGH,2026-06-10 20:52:12
TXN004035,CUST0075,13488.15,Healthcare,2026-02-05,0,HIGH,2026-06-10 20:52:12
TXN004036,CUST0159,1652.55,Food,2026-03-16,0,LOW,2026-06-10 20:52:12
TXN004037,CUST0744,8927.29,Healthcare,2026-04-23,0,MEDIUM,2026-06-10 20:52:12
TXN004038,CUST0617,49754.12,Travel,2026-01-07,0,HIGH,2026-06-10 20:52:12
TXN004039,CUST0836,2388.02,Healthcare,2026-04-23,0,LOW,2026-06-10 20:52:12
TXN004040,CUST0441,36214.55,Travel,2026-01-21,0,HIGH,2026-06-10 20:52:12
TXN004041,CUST0092,27664.84,Shopping,2026-03-08,0,HIGH,2026-06-10 20:52:12
TXN004042,CUST0894,41478.99,Food,2026-06-02,0,HIGH,2026-06-10 20:52:12
TXN004043,CUST0700,41734.02,Food,2026-05-17,1,HIGH,2026-06-10 20:52:12
TXN004044,CUST0103,41654.87,Travel,2026-03-27,0,HIGH,2026-06-10 20:52:12
TXN004045,CUST0133,12860.53,Shopping,2026-04-20,0,HIGH,2026-06-10 20:52:12
TXN004046,CUST0991,24725.1,Food,2026-01-06,0,HIGH,2026-06-10 20:52:12
TXN004047,CUST0933,3195.87,Healthcare,2026-03-29,0,LOW,2026-06-10 20:52:12
TXN004048,CUST0531,46045.26,Food,2026-04-09,0,HIGH,2026-06-10 20:52:12
TXN004049,CUST0575,29665.32,Shopping,2026-02-17,0,HIGH,2026-06-10 20:52:12
TXN004050,CUST0093,18311.0,Shopping,2026-03-23,0,HIGH,2026-06-10 20:52:12
TXN004051,CUST0954,40012.47,Travel,2026-04-10,0,HIGH,2026-06-10 20:52:12
TXN004052,CUST0834,43850.47,Shopping,2026-06-05,0,HIGH,2026-06-10 20:52:12
TXN004053,CUST0418,47345.43,Shopping,2026-01-05,0,HIGH,2026-06-10 20:52:12
TXN004054,CUST0396,24449.48,Food,2026-03-20,1,HIGH,2026-06-10 20:52:12
TXN004055,CUST0131,20201.84,Food,2026-01-18,0,HIGH,2026-06-10 20:52:12
TXN004056,CUST0090,34505.82,Shopping,2026-06-04,0,HIGH,2026-06-10 20:52:12
TXN004057,CUST0710,18322.61,Food,2026-05-28,0,HIGH,2026-06-10 20:52:12
TXN004058,CUST0450,41199.5,Shopping,2026-01-16,0,HIGH,2026-06-10 20:52:12
TXN004059,CUST0944,44464.76,Food,2026-02-27,0,HIGH,2026-06-10 20:52:12
TXN004060,CUST0192,155.46,Shopping,2026-05-24,0,LOW,2026-06-10 20:52:12
TXN004061,CUST0615,40659.61,Shopping,2026-04-05,0,HIGH,2026-06-10 20:52:12
TXN004062,CUST0576,16870.13,Food,2026-05-26,0,HIGH,2026-06-10 20:52:12
TXN004063,CUST0899,11205.21,Travel,2026-03-19,0,HIGH,2026-06-10 20:52:12
TXN004064,CUST0732,26001.76,Shopping,2026-03-03,0,HIGH,2026-06-10 20:52:12
TXN004065,CUST0853,15157.33,Shopping,2026-04-09,0,HIGH,2026-06-10 20:52:12
TXN004066,CUST0180,42680.11,Travel,2026-01-06,0,HIGH,2026-06-10 20:52:12
TXN004067,CUST0660,37072.36,Travel,2026-03-16,0,HIGH,2026-06-10 20:52:12
TXN004068,CUST0398,46325.23,Food,2026-06-03,0,HIGH,2026-06-10 20:52:12
TXN004069,CUST0530,10931.26,Travel,2026-03-02,0,HIGH,2026-06-10 20:52:12
TXN004070,CUST0548,42073.87,Food,2026-02-24,0,HIGH,2026-06-10 20:52:12
TXN004071,CUST0603,40492.13,Healthcare,2026-02-09,0,HIGH,2026-06-10 20:52:12
TXN004072,CUST0198,6543.1,Food,2026-03-13,0,MEDIUM,2026-06-10 20:52:12
TXN004073,CUST0853,46785.46,Shopping,2026-05-17,0,HIGH,2026-06-10 20:52:12
TXN004074,CUST0664,32527.06,Healthcare,2026-05-30,0,HIGH,2026-06-10 20:52:12
TXN004075,CUST0480,20740.52,Travel,2026-05-02,0,HIGH,2026-06-10 20:52:12
TXN004076,CUST0184,32137.77,Healthcare,2026-03-13,0,HIGH,2026-06-10 20:52:12
TXN004077,CUST0249,10407.98,Healthcare,2026-04-19,0,HIGH,2026-06-10 20:52:12
TXN004078,CUST0856,24483.74,Food,2026-03-03,0,HIGH,2026-06-10 20:52:12
TXN004079,CUST0747,29469.91,Travel,2026-01-29,0,HIGH,2026-06-10 20:52:12
TXN004080,CUST0114,46485.2,Food,2026-03-14,0,HIGH,2026-06-10 20:52:12
TXN004081,CUST0873,25394.26,Travel,2026-03-19,0,HIGH,2026-06-10 20:52:12
TXN004082,CUST0531,31566.11,Travel,2026-03-19,0,HIGH,2026-06-10 20:52:12
TXN004083,CUST0990,7817.24,Healthcare,2026-01-28,0,MEDIUM,2026-06-10 20:52:12
TXN004084,CUST0854,19598.6,Healthcare,2026-05-20,0,HIGH,2026-06-10 20:52:12
TXN004085,CUST0510,35064.84,Food,2026-04-15,0,HIGH,2026-06-10 20:52:12
TXN004086,CUST0175,41744.93,Shopping,2026-02-19,0,HIGH,2026-06-10 20:52:12
TXN004087,CUST0244,7887.05,Shopping,2026-04-09,0,MEDIUM,2026-06-10 20:52:12
TXN004088,CUST0373,40632.71,Travel,2026-05-23,0,HIGH,2026-06-10 20:52:12
TXN004089,CUST0806,10535.69,Travel,2026-04-25,0,HIGH,2026-06-10 20:52:12
TXN004090,CUST0361,1356.29,Healthcare,2026-04-26,0,LOW,2026-06-10 20:52:12
TXN004091,CUST0557,14760.0,Shopping,2026-04-27,0,HIGH,2026-06-10 20:52:12
TXN004092,CUST0306,12378.53,Healthcare,2026-03-25,0,HIGH,2026-06-10 20:52:12
TXN004093,CUST0754,769.47,Healthcare,2026-01-15,0,LOW,2026-06-10 20:52:12
TXN004094,CUST0388,9817.68,Travel,2026-01-24,0,MEDIUM,2026-06-10 20:52:12
TXN004095,CUST0891,24194.09,Healthcare,2026-01-17,0,HIGH,2026-06-10 20:52:12
TXN004096,CUST0812,28701.85,Travel,2026-02-27,0,HIGH,2026-06-10 20:52:12
TXN004097,CUST0332,19298.95,Healthcare,2026-02-28,0,HIGH,2026-06-10 20:52:12
TXN004098,CUST0679,35854.7,Healthcare,2026-03-26,0,HIGH,2026-06-10 20:52:12
TXN004099,CUST0839,14945.37,Food,2026-03-17,0,HIGH,2026-06-10 20:52:12
TXN004100,CUST0783,38843.35,Travel,2026-06-08,0,HIGH,2026-06-10 20:52:12
TXN004101,CUST0208,2212.95,Shopping,2026-03-02,0,LOW,2026-06-10 20:52:12
TXN004102,CUST0002,10704.65,Travel,2026-04-16,0,HIGH,2026-06-10 20:52:12
TXN004103,CUST0171,5440.36,Travel,2026-04-25,0,MEDIUM,2026-06-10 20:52:12
TXN004104,CUST0745,24033.71,Healthcare,2026-01-26,0,HIGH,2026-06-10 20:52:12
TXN004105,CUST0919,32741.01,Shopping,2026-02-25,1,HIGH,2026-06-10 20:52:12
TXN004106,CUST0119,16636.01,Travel,2026-05-13,0,HIGH,2026-06-10 20:52:12
TXN004107,CUST0678,16587.25,Healthcare,2026-06-07,0,HIGH,2026-06-10 20:52:12
TXN004108,CUST0428,34469.12,Shopping,2026-05-12,0,HIGH,2026-06-10 20:52:12
TXN004109,CUST0103,1904.83,Healthcare,2026-02-05,0,LOW,2026-06-10 20:52:12
TXN004110,CUST0492,36752.11,Healthcare,2026-06-09,0,HIGH,2026-06-10 20:52:12
TXN004111,CUST0638,3514.83,Travel,2026-04-08,0,LOW,2026-06-10 20:52:12
TXN004112,CUST0036,29002.68,Healthcare,2026-04-19,0,HIGH,2026-06-10 20:52:12
TXN004113,CUST0739,32669.09,Shopping,2026-04-05,0,HIGH,2026-06-10 20:52:12
TXN004114,CUST0432,46942.97,Healthcare,2026-06-09,0,HIGH,2026-06-10 20:52:12
TXN004115,CUST0511,36199.55,Travel,2026-05-06,0,HIGH,2026-06-10 20:52:12
TXN004116,CUST0665,36209.52,Travel,2026-04-10,0,HIGH,2026-06-10 20:52:12
TXN004117,CUST0200,25186.06,Travel,2026-03-30,0,HIGH,2026-06-10 20:52:12
TXN004118,CUST0563,16292.37,Shopping,2026-04-12,1,HIGH,2026-06-10 20:52:12
TXN004119,CUST0924,36270.77,Travel,2026-01-18,0,HIGH,2026-06-10 20:52:12
TXN004120,CUST0271,7006.62,Travel,2026-03-15,1,MEDIUM,2026-06-10 20:52:12
TXN004121,CUST0739,42298.23,Healthcare,2026-02-01,0,HIGH,2026-06-10 20:52:12
TXN004122,CUST0645,25478.83,Travel,2026-05-03,0,HIGH,2026-06-10 20:52:12
TXN004123,CUST0702,39548.85,Healthcare,2026-03-03,0,HIGH,2026-06-10 20:52:12
TXN004124,CUST0474,49766.34,Travel,2026-01-22,0,HIGH,2026-06-10 20:52:12
TXN004125,CUST0651,45369.97,Shopping,2026-05-29,0,HIGH,2026-06-10 20:52:12
TXN004126,CUST0776,39700.59,Travel,2026-06-05,0,HIGH,2026-06-10 20:52:12
TXN004127,CUST0381,48505.77,Shopping,2026-02-18,0,HIGH,2026-06-10 20:52:12
TXN004128,CUST0538,27892.99,Food,2026-05-24,0,HIGH,2026-06-10 20:52:12
TXN004129,CUST0987,9948.99,Travel,2026-06-09,0,MEDIUM,2026-06-10 20:52:12
TXN004130,CUST0882,15162.79,Healthcare,2026-02-18,0,HIGH,2026-06-10 20:52:12
TXN004131,CUST0511,30277.46,Food,2026-04-15,0,HIGH,2026-06-10 20:52:12
TXN004132,CUST0352,7393.47,Healthcare,2026-06-06,0,MEDIUM,2026-06-10 20:52:12
TXN004133,CUST0314,44620.99,Shopping,2026-01-20,0,HIGH,2026-06-10 20:52:12
TXN004134,CUST0552,10213.45,Travel,2026-03-01,0,HIGH,2026-06-10 20:52:12
TXN004135,CUST0610,1247.66,Shopping,2026-05-21,0,LOW,2026-06-10 20:52:12
TXN004136,CUST0262,29130.25,Travel,2026-02-19,0,HIGH,2026-06-10 20:52:12
TXN004137,CUST0577,612.2,Shopping,2026-04-16,0,LOW,2026-06-10 20:52:12
TXN004138,CUST0813,21785.97,Travel,2026-02-19,0,HIGH,2026-06-10 20:52:12
TXN004139,CUST0285,27284.78,Travel,2026-02-11,0,HIGH,2026-06-10 20:52:12
TXN004140,CUST0397,30110.16,Food,2026-05-25,0,HIGH,2026-06-10 20:52:12
TXN004141,CUST0092,22606.19,Travel,2026-06-06,0,HIGH,2026-06-10 20:52:12
TXN004142,CUST0254,32439.83,Food,2026-03-28,0,HIGH,2026-06-10 20:52:12
TXN004143,CUST0392,30328.91,Food,2026-04-06,0,HIGH,2026-06-10 20:52:12
TXN004144,CUST0291,47194.12,Food,2026-04-04,0,HIGH,2026-06-10 20:52:12
TXN004145,CUST0206,49899.9,Food,2026-05-01,0,HIGH,2026-06-10 20:52:12
TXN004146,CUST0378,49395.06,Travel,2026-01-31,0,HIGH,2026-06-10 20:52:12
TXN004147,CUST0410,7701.57,Healthcare,2026-04-25,0,MEDIUM,2026-06-10 20:52:12
TXN004148,CUST0425,22136.67,Food,2026-02-10,0,HIGH,2026-06-10 20:52:12
TXN004149,CUST0280,20263.74,Healthcare,2026-01-21,0,HIGH,2026-06-10 20:52:12
TXN004150,CUST0521,28241.66,Travel,2026-01-02,1,HIGH,2026-06-10 20:52:12
TXN004151,CUST0618,30719.27,Food,2026-03-31,0,HIGH,2026-06-10 20:52:12
TXN004152,CUST0086,15768.95,Shopping,2026-06-05,0,HIGH,2026-06-10 20:52:12
TXN004153,CUST0899,12951.81,Healthcare,2026-01-22,0,HIGH,2026-06-10 20:52:12
TXN004154,CUST0806,23616.14,Food,2026-03-31,0,HIGH,2026-06-10 20:52:12
TXN004155,CUST0669,12870.46,Travel,2026-03-30,0,HIGH,2026-06-10 20:52:12
TXN004156,CUST0510,37132.58,Shopping,2026-01-04,0,HIGH,2026-06-10 20:52:12
TXN004157,CUST0028,7467.13,Healthcare,2026-05-28,0,MEDIUM,2026-06-10 20:52:12
TXN004158,CUST0184,252.27,Travel,2026-01-14,0,LOW,2026-06-10 20:52:12
TXN004159,CUST0773,11907.96,Travel,2026-04-29,0,HIGH,2026-06-10 20:52:12
TXN004160,CUST0455,23074.76,Shopping,2026-05-20,0,HIGH,2026-06-10 20:52:12
TXN004161,CUST0564,12721.49,Shopping,2026-01-16,0,HIGH,2026-06-10 20:52:12
TXN004162,CUST0685,32116.7,Food,2026-04-30,0,HIGH,2026-06-10 20:52:12
TXN004163,CUST0991,38225.75,Food,2026-01-10,0,HIGH,2026-06-10 20:52:12
TXN004164,CUST0625,44268.3,Shopping,2026-02-07,0,HIGH,2026-06-10 20:52:12
TXN004165,CUST0296,45201.06,Shopping,2026-03-02,0,HIGH,2026-06-10 20:52:12
TXN004166,CUST0616,15749.53,Healthcare,2026-02-19,0,HIGH,2026-06-10 20:52:12
TXN004167,CUST0422,43075.87,Shopping,2026-05-31,0,HIGH,2026-06-10 20:52:12
TXN004168,CUST0710,16130.2,Food,2026-03-13,0,HIGH,2026-06-10 20:52:12
TXN004169,CUST0335,36980.88,Shopping,2026-05-27,0,HIGH,2026-06-10 20:52:12
TXN004170,CUST0424,42691.11,Travel,2026-01-28,0,HIGH,2026-06-10 20:52:12
TXN004171,CUST0073,6885.35,Shopping,2026-02-12,0,MEDIUM,2026-06-10 20:52:12
TXN004172,CUST0422,13089.7,Food,2026-03-16,0,HIGH,2026-06-10 20:52:12
TXN004173,CUST0627,10108.0,Food,2026-01-05,0,HIGH,2026-06-10 20:52:12
TXN004174,CUST0935,47133.44,Travel,2026-01-07,0,HIGH,2026-06-10 20:52:12
TXN004175,CUST0047,27925.25,Shopping,2026-05-23,0,HIGH,2026-06-10 20:52:12
TXN004176,CUST0962,4807.47,Healthcare,2026-02-23,0,LOW,2026-06-10 20:52:12
TXN004177,CUST0970,26980.69,Food,2026-02-19,0,HIGH,2026-06-10 20:52:12
TXN004178,CUST0448,45062.47,Travel,2026-03-13,0,HIGH,2026-06-10 20:52:12
TXN004179,CUST0404,17904.89,Travel,2026-03-14,1,HIGH,2026-06-10 20:52:12
TXN004180,CUST0649,21076.26,Shopping,2026-02-19,0,HIGH,2026-06-10 20:52:12
TXN004181,CUST0787,43044.67,Travel,2026-05-24,0,HIGH,2026-06-10 20:52:12
TXN004182,CUST0772,6202.83,Travel,2026-03-29,0,MEDIUM,2026-06-10 20:52:12
TXN004183,CUST0133,26926.88,Healthcare,2026-03-30,0,HIGH,2026-06-10 20:52:12
TXN004184,CUST0864,1363.19,Healthcare,2026-04-03,0,LOW,2026-06-10 20:52:12
TXN004185,CUST0349,37665.98,Travel,2026-05-13,0,HIGH,2026-06-10 20:52:12
TXN004186,CUST0821,2915.87,Shopping,2026-02-19,0,LOW,2026-06-10 20:52:12
TXN004187,CUST0400,46839.06,Shopping,2026-04-06,0,HIGH,2026-06-10 20:52:12
TXN004188,CUST0970,18797.26,Travel,2026-02-13,0,HIGH,2026-06-10 20:52:12
TXN004189,CUST0559,36112.19,Travel,2026-04-20,0,HIGH,2026-06-10 20:52:12
TXN004190,CUST0400,26975.18,Food,2026-06-07,0,HIGH,2026-06-10 20:52:12
TXN004191,CUST0346,17633.62,Food,2026-03-09,0,HIGH,2026-06-10 20:52:12
TXN004192,CUST0888,17713.43,Shopping,2026-03-24,0,HIGH,2026-06-10 20:52:12
TXN004193,CUST0848,11956.91,Shopping,2026-06-02,0,HIGH,2026-06-10 20:52:12
TXN004194,CUST0487,8868.95,Healthcare,2026-01-29,0,MEDIUM,2026-06-10 20:52:12
TXN004195,CUST0369,24206.8,Shopping,2026-02-16,0,HIGH,2026-06-10 20:52:12
TXN004196,CUST0291,39526.24,Healthcare,2026-04-15,0,HIGH,2026-06-10 20:52:12
TXN004197,CUST0616,15656.06,Food,2026-04-13,0,HIGH,2026-06-10 20:52:12
TXN004198,CUST0226,3078.92,Food,2026-01-14,0,LOW,2026-06-10 20:52:12
TXN004199,CUST0586,44752.65,Travel,2026-02-16,0,HIGH,2026-06-10 20:52:12
TXN004200,CUST0172,49549.08,Food,2026-04-07,0,HIGH,2026-06-10 20:52:12
TXN004201,CUST0748,15001.98,Travel,2026-04-14,0,HIGH,2026-06-10 20:52:12
TXN004202,CUST0801,49153.59,Food,2026-01-19,0,HIGH,2026-06-10 20:52:12
TXN004203,CUST0917,18072.0,Food,2026-04-01,0,HIGH,2026-06-10 20:52:12
TXN004204,CUST0984,25546.33,Food,2026-05-24,0,HIGH,2026-06-10 20:52:12
TXN004205,CUST0116,21032.14,Travel,2026-06-03,0,HIGH,2026-06-10 20:52:12
TXN004206,CUST0446,36749.91,Food,2026-01-04,0,HIGH,2026-06-10 20:52:12
TXN004207,CUST0439,10531.49,Shopping,2026-03-28,0,HIGH,2026-06-10 20:52:12
TXN004208,CUST0429,15687.39,Travel,2026-01-31,0,HIGH,2026-06-10 20:52:12
TXN004209,CUST0888,3100.36,Healthcare,2026-02-10,0,LOW,2026-06-10 20:52:12
TXN004210,CUST0383,32632.97,Shopping,2026-06-05,0,HIGH,2026-06-10 20:52:12
TXN004211,CUST0963,13643.28,Food,2026-01-12,0,HIGH,2026-06-10 20:52:12
TXN004212,CUST0979,8787.45,Food,2026-03-24,0,MEDIUM,2026-06-10 20:52:12
TXN004213,CUST0285,6548.5,Food,2026-04-11,0,MEDIUM,2026-06-10 20:52:12
TXN004214,CUST0995,38948.35,Shopping,2026-01-03,0,HIGH,2026-06-10 20:52:12
TXN004215,CUST0860,8144.27,Shopping,2026-01-29,0,MEDIUM,2026-06-10 20:52:12
TXN004216,CUST0283,6691.79,Food,2026-04-15,0,MEDIUM,2026-06-10 20:52:12
TXN004217,CUST0698,40382.69,Healthcare,2026-04-15,0,HIGH,2026-06-10 20:52:12
TXN004218,CUST0421,29355.74,Food,2026-05-25,0,HIGH,2026-06-10 20:52:12
TXN004219,CUST0389,36055.27,Shopping,2026-05-23,0,HIGH,2026-06-10 20:52:12
TXN004220,CUST0791,23738.48,Healthcare,2026-03-27,0,HIGH,2026-06-10 20:52:12
TXN004221,CUST0427,18330.0,Shopping,2026-04-21,0,HIGH,2026-06-10 20:52:12
TXN004222,CUST0394,16111.65,Healthcare,2026-05-24,0,HIGH,2026-06-10 20:52:12
TXN004223,CUST0556,22208.86,Shopping,2026-05-04,0,HIGH,2026-06-10 20:52:12
TXN004224,CUST0058,5484.32,Food,2026-03-08,0,MEDIUM,2026-06-10 20:52:12
TXN004225,CUST0882,34082.65,Healthcare,2026-04-24,0,HIGH,2026-06-10 20:52:12
TXN004226,CUST0823,30472.22,Food,2026-05-30,0,HIGH,2026-06-10 20:52:12
TXN004227,CUST0040,23700.78,Food,2026-02-02,0,HIGH,2026-06-10 20:52:12
TXN004228,CUST0151,29096.07,Food,2026-04-07,0,HIGH,2026-06-10 20:52:12
TXN004229,CUST0055,5182.43,Healthcare,2026-01-21,0,MEDIUM,2026-06-10 20:52:12
TXN004230,CUST0840,37380.19,Shopping,2026-01-02,0,HIGH,2026-06-10 20:52:12
TXN004231,CUST0085,23933.24,Shopping,2026-01-13,0,HIGH,2026-06-10 20:52:12
TXN004232,CUST0096,12891.19,Healthcare,2026-05-14,0,HIGH,2026-06-10 20:52:12
TXN004233,CUST0484,41674.84,Healthcare,2026-04-06,0,HIGH,2026-06-10 20:52:12
TXN004234,CUST0758,4343.74,Healthcare,2026-01-10,0,LOW,2026-06-10 20:52:12
TXN004235,CUST0907,27890.56,Shopping,2026-04-07,0,HIGH,2026-06-10 20:52:12
TXN004236,CUST0183,34267.0,Food,2026-04-25,0,HIGH,2026-06-10 20:52:12
TXN004237,CUST0561,24621.52,Travel,2026-05-03,0,HIGH,2026-06-10 20:52:12
TXN004238,CUST0623,35345.97,Shopping,2026-04-15,0,HIGH,2026-06-10 20:52:12
TXN004239,CUST0275,10849.07,Healthcare,2026-02-20,0,HIGH,2026-06-10 20:52:12
TXN004240,CUST0311,33586.43,Travel,2026-01-07,1,HIGH,2026-06-10 20:52:12
TXN004241,CUST0986,46728.18,Shopping,2026-05-12,0,HIGH,2026-06-10 20:52:12
TXN004242,CUST0052,3922.39,Food,2026-05-31,0,LOW,2026-06-10 20:52:12
TXN004243,CUST0820,48749.74,Travel,2026-01-30,0,HIGH,2026-06-10 20:52:12
TXN004244,CUST0461,16256.46,Healthcare,2026-05-13,1,HIGH,2026-06-10 20:52:12
TXN004245,CUST0815,12138.03,Healthcare,2026-01-02,0,HIGH,2026-06-10 20:52:12
TXN004246,CUST0075,44471.52,Healthcare,2026-02-20,0,HIGH,2026-06-10 20:52:12
TXN004247,CUST0699,22281.17,Shopping,2026-03-28,0,HIGH,2026-06-10 20:52:12
TXN004248,CUST0183,30257.94,Healthcare,2026-05-18,0,HIGH,2026-06-10 20:52:12
TXN004249,CUST0997,42736.96,Food,2026-03-07,0,HIGH,2026-06-10 20:52:12
TXN004250,CUST0029,22672.96,Shopping,2026-04-18,0,HIGH,2026-06-10 20:52:12
TXN004251,CUST0452,15874.02,Shopping,2026-04-24,0,HIGH,2026-06-10 20:52:12
TXN004252,CUST0949,4855.39,Shopping,2026-05-19,0,LOW,2026-06-10 20:52:12
TXN004253,CUST0896,31713.34,Shopping,2026-01-10,0,HIGH,2026-06-10 20:52:12
TXN004254,CUST0017,12746.88,Travel,2026-01-04,0,HIGH,2026-06-10 20:52:12
TXN004255,CUST0358,49517.05,Healthcare,2026-05-30,0,HIGH,2026-06-10 20:52:12
TXN004256,CUST0641,19801.53,Travel,2026-02-26,0,HIGH,2026-06-10 20:52:12
TXN004257,CUST0636,24718.87,Healthcare,2026-05-28,0,HIGH,2026-06-10 20:52:12
TXN004258,CUST0264,46297.54,Healthcare,2026-05-28,0,HIGH,2026-06-10 20:52:12
TXN004259,CUST0106,22068.22,Food,2026-04-18,0,HIGH,2026-06-10 20:52:12
TXN004260,CUST0868,36122.94,Travel,2026-03-06,0,HIGH,2026-06-10 20:52:12
TXN004261,CUST0628,34878.93,Shopping,2026-03-27,0,HIGH,2026-06-10 20:52:12
TXN004262,CUST0187,21948.32,Food,2026-06-08,0,HIGH,2026-06-10 20:52:12
TXN004263,CUST0205,20949.09,Travel,2026-06-08,0,HIGH,2026-06-10 20:52:12
TXN004264,CUST0553,35895.89,Food,2026-03-19,0,HIGH,2026-06-10 20:52:12
TXN004265,CUST0221,40843.12,Shopping,2026-04-24,0,HIGH,2026-06-10 20:52:12
TXN004266,CUST0539,14630.7,Food,2026-04-04,0,HIGH,2026-06-10 20:52:12
TXN004267,CUST0451,4853.03,Shopping,2026-03-23,0,LOW,2026-06-10 20:52:12
TXN004268,CUST0899,10476.21,Shopping,2026-01-12,0,HIGH,2026-06-10 20:52:12
TXN004269,CUST0423,46272.98,Food,2026-06-07,0,HIGH,2026-06-10 20:52:12
TXN004270,CUST0187,28006.22,Travel,2026-05-19,0,HIGH,2026-06-10 20:52:12
TXN004271,CUST0028,22336.95,Healthcare,2026-03-02,0,HIGH,2026-06-10 20:52:12
TXN004272,CUST0143,26405.2,Travel,2026-02-14,0,HIGH,2026-06-10 20:52:12
TXN004273,CUST0782,19843.82,Travel,2026-02-09,0,HIGH,2026-06-10 20:52:12
TXN004274,CUST0658,13566.78,Travel,2026-04-19,0,HIGH,2026-06-10 20:52:12
TXN004275,CUST0473,23928.59,Food,2026-05-08,0,HIGH,2026-06-10 20:52:12
TXN004276,CUST0127,7293.33,Food,2026-06-09,0,MEDIUM,2026-06-10 20:52:12
TXN004277,CUST0803,26552.85,Food,2026-02-16,0,HIGH,2026-06-10 20:52:12
TXN004278,CUST0022,12457.86,Healthcare,2026-04-20,0,HIGH,2026-06-10 20:52:12
TXN004279,CUST0116,13126.97,Travel,2026-05-18,0,HIGH,2026-06-10 20:52:12
TXN004280,CUST0907,6811.34,Travel,2026-05-23,0,MEDIUM,2026-06-10 20:52:12
TXN004281,CUST0885,14121.37,Shopping,2026-04-22,0,HIGH,2026-06-10 20:52:12
TXN004282,CUST0994,25417.5,Healthcare,2026-03-11,0,HIGH,2026-06-10 20:52:12
TXN004283,CUST0597,23566.96,Shopping,2026-04-28,0,HIGH,2026-06-10 20:52:12
TXN004284,CUST0943,5209.77,Food,2026-06-05,0,MEDIUM,2026-06-10 20:52:12
TXN004285,CUST0463,41083.09,Shopping,2026-03-12,0,HIGH,2026-06-10 20:52:12
TXN004286,CUST0172,45698.74,Healthcare,2026-05-28,0,HIGH,2026-06-10 20:52:12
TXN004287,CUST0129,49390.53,Shopping,2026-04-06,0,HIGH,2026-06-10 20:52:12
TXN004288,CUST0051,22672.95,Healthcare,2026-05-15,0,HIGH,2026-06-10 20:52:12
TXN004289,CUST0271,38069.66,Travel,2026-03-22,0,HIGH,2026-06-10 20:52:12
TXN004290,CUST0677,20174.17,Travel,2026-02-10,0,HIGH,2026-06-10 20:52:12
TXN004291,CUST0823,48211.06,Travel,2026-02-21,0,HIGH,2026-06-10 20:52:12
TXN004292,CUST0188,40549.47,Food,2026-02-11,0,HIGH,2026-06-10 20:52:12
TXN004293,CUST0788,41640.03,Food,2026-01-16,0,HIGH,2026-06-10 20:52:12
TXN004294,CUST0317,844.12,Travel,2026-05-18,0,LOW,2026-06-10 20:52:12
TXN004295,CUST0992,46247.81,Healthcare,2026-05-17,0,HIGH,2026-06-10 20:52:12
TXN004296,CUST0353,17006.36,Shopping,2026-02-08,0,HIGH,2026-06-10 20:52:12
TXN004297,CUST0204,16046.52,Shopping,2026-01-10,0,HIGH,2026-06-10 20:52:12
TXN004298,CUST0002,18140.23,Shopping,2026-05-02,0,HIGH,2026-06-10 20:52:12
TXN004299,CUST0845,46646.75,Travel,2026-01-20,0,HIGH,2026-06-10 20:52:12
TXN004300,CUST0360,3547.95,Travel,2026-05-04,0,LOW,2026-06-10 20:52:12
TXN004301,CUST0608,38279.86,Travel,2026-01-19,0,HIGH,2026-06-10 20:52:12
TXN004302,CUST0086,23225.86,Healthcare,2026-01-24,0,HIGH,2026-06-10 20:52:12
TXN004303,CUST0316,11337.26,Healthcare,2026-05-27,0,HIGH,2026-06-10 20:52:12
TXN004304,CUST0969,48372.31,Food,2026-02-04,1,HIGH,2026-06-10 20:52:12
TXN004305,CUST0138,42738.17,Food,2026-04-01,0,HIGH,2026-06-10 20:52:12
TXN004306,CUST0318,42287.59,Healthcare,2026-05-08,1,HIGH,2026-06-10 20:52:12
TXN004307,CUST0364,28805.48,Shopping,2026-02-17,0,HIGH,2026-06-10 20:52:12
TXN004308,CUST0458,2019.7,Travel,2026-02-25,0,LOW,2026-06-10 20:52:12
TXN004309,CUST0167,29823.78,Healthcare,2026-05-19,0,HIGH,2026-06-10 20:52:12
TXN004310,CUST0039,16895.27,Food,2026-02-18,0,HIGH,2026-06-10 20:52:12
TXN004311,CUST0187,4724.78,Healthcare,2026-04-08,0,LOW,2026-06-10 20:52:12
TXN004312,CUST0554,3487.86,Food,2026-04-06,0,LOW,2026-06-10 20:52:12
TXN004313,CUST0569,41650.39,Shopping,2026-02-06,0,HIGH,2026-06-10 20:52:12
TXN004314,CUST0741,45246.68,Shopping,2026-03-11,0,HIGH,2026-06-10 20:52:12
TXN004315,CUST0018,13983.36,Shopping,2026-01-18,0,HIGH,2026-06-10 20:52:12
TXN004316,CUST0713,37366.68,Shopping,2026-03-10,0,HIGH,2026-06-10 20:52:12
TXN004317,CUST0755,25356.93,Shopping,2026-04-18,0,HIGH,2026-06-10 20:52:12
TXN004318,CUST0632,39423.76,Shopping,2026-02-13,0,HIGH,2026-06-10 20:52:12
TXN004319,CUST0088,13810.6,Shopping,2026-04-16,0,HIGH,2026-06-10 20:52:12
TXN004320,CUST0030,29167.9,Healthcare,2026-03-29,1,HIGH,2026-06-10 20:52:12
TXN004321,CUST0073,7461.84,Food,2026-05-01,0,MEDIUM,2026-06-10 20:52:12
TXN004322,CUST0613,12832.09,Shopping,2026-03-20,0,HIGH,2026-06-10 20:52:12
TXN004323,CUST0721,45351.89,Shopping,2026-04-05,0,HIGH,2026-06-10 20:52:12
TXN004324,CUST0258,11887.92,Healthcare,2026-03-08,0,HIGH,2026-06-10 20:52:12
TXN004325,CUST0283,23259.8,Healthcare,2026-01-20,1,HIGH,2026-06-10 20:52:12
TXN004326,CUST0401,33309.6,Travel,2026-01-24,0,HIGH,2026-06-10 20:52:12
TXN004327,CUST0292,34210.12,Travel,2026-05-21,0,HIGH,2026-06-10 20:52:12
TXN004328,CUST0918,1409.74,Shopping,2026-01-23,0,LOW,2026-06-10 20:52:12
TXN004329,CUST0618,41841.99,Shopping,2026-04-22,0,HIGH,2026-06-10 20:52:12
TXN004330,CUST0360,17533.6,Food,2026-04-11,0,HIGH,2026-06-10 20:52:12
TXN004331,CUST0997,21350.09,Travel,2026-03-27,0,HIGH,2026-06-10 20:52:12
TXN004332,CUST0024,36845.76,Shopping,2026-05-15,0,HIGH,2026-06-10 20:52:12
TXN004333,CUST0950,26278.1,Food,2026-05-06,0,HIGH,2026-06-10 20:52:12
TXN004334,CUST0080,17907.18,Travel,2026-05-18,0,HIGH,2026-06-10 20:52:12
TXN004335,CUST0280,9141.04,Healthcare,2026-04-02,0,MEDIUM,2026-06-10 20:52:12
TXN004336,CUST0876,7180.16,Travel,2026-03-29,0,MEDIUM,2026-06-10 20:52:12
TXN004337,CUST0578,3146.73,Food,2026-03-22,0,LOW,2026-06-10 20:52:12
TXN004338,CUST0731,33009.02,Shopping,2026-02-05,0,HIGH,2026-06-10 20:52:12
TXN004339,CUST0712,21128.3,Travel,2026-01-03,0,HIGH,2026-06-10 20:52:12
TXN004340,CUST0776,40341.52,Healthcare,2026-04-22,0,HIGH,2026-06-10 20:52:12
TXN004341,CUST0758,843.18,Food,2026-05-29,0,LOW,2026-06-10 20:52:12
TXN004342,CUST0657,35690.37,Shopping,2026-05-15,0,HIGH,2026-06-10 20:52:12
TXN004343,CUST0111,14797.26,Travel,2026-04-06,0,HIGH,2026-06-10 20:52:12
TXN004344,CUST0124,39517.77,Food,2026-04-27,0,HIGH,2026-06-10 20:52:12
TXN004345,CUST0128,19493.38,Healthcare,2026-04-29,0,HIGH,2026-06-10 20:52:12
TXN004346,CUST0534,1378.7,Travel,2026-03-29,0,LOW,2026-06-10 20:52:12
TXN004347,CUST0825,24094.88,Travel,2026-05-23,0,HIGH,2026-06-10 20:52:12
TXN004348,CUST0906,21323.22,Healthcare,2026-06-08,0,HIGH,2026-06-10 20:52:12
TXN004349,CUST0726,14556.16,Healthcare,2026-01-11,0,HIGH,2026-06-10 20:52:12
TXN004350,CUST0544,4756.64,Food,2026-04-02,0,LOW,2026-06-10 20:52:12
TXN004351,CUST0936,35995.03,Travel,2026-05-27,0,HIGH,2026-06-10 20:52:12
TXN004352,CUST0928,37179.8,Healthcare,2026-06-01,0,HIGH,2026-06-10 20:52:12
TXN004353,CUST0325,30505.75,Shopping,2026-02-08,0,HIGH,2026-06-10 20:52:12
TXN004354,CUST0327,41493.75,Healthcare,2026-05-22,0,HIGH,2026-06-10 20:52:12
TXN004355,CUST0688,47981.12,Food,2026-06-04,0,HIGH,2026-06-10 20:52:12
TXN004356,CUST0886,3029.99,Travel,2026-02-27,0,LOW,2026-06-10 20:52:12
TXN004357,CUST0674,9221.06,Healthcare,2026-05-23,0,MEDIUM,2026-06-10 20:52:12
TXN004358,CUST0201,2450.74,Travel,2026-03-21,0,LOW,2026-06-10 20:52:12
TXN004359,CUST0331,29295.06,Food,2026-03-25,0,HIGH,2026-06-10 20:52:12
TXN004360,CUST0160,16725.61,Travel,2026-04-23,0,HIGH,2026-06-10 20:52:12
TXN004361,CUST0617,42841.84,Travel,2026-04-30,0,HIGH,2026-06-10 20:52:12
TXN004362,CUST0916,31962.44,Food,2026-02-05,0,HIGH,2026-06-10 20:52:12
TXN004363,CUST0627,11945.28,Food,2026-05-04,0,HIGH,2026-06-10 20:52:12
TXN004364,CUST0554,7229.92,Healthcare,2026-02-26,0,MEDIUM,2026-06-10 20:52:12
TXN004365,CUST0313,34155.5,Food,2026-01-26,0,HIGH,2026-06-10 20:52:12
TXN004366,CUST0021,23898.48,Travel,2026-03-07,0,HIGH,2026-06-10 20:52:12
TXN004367,CUST0378,9813.64,Healthcare,2026-06-07,1,MEDIUM,2026-06-10 20:52:12
TXN004368,CUST0903,26184.03,Healthcare,2026-03-22,1,HIGH,2026-06-10 20:52:12
TXN004369,CUST0745,39554.83,Food,2026-05-29,0,HIGH,2026-06-10 20:52:12
TXN004370,CUST0466,45928.28,Healthcare,2026-02-17,0,HIGH,2026-06-10 20:52:12
TXN004371,CUST0595,16096.83,Travel,2026-03-30,0,HIGH,2026-06-10 20:52:12
TXN004372,CUST0662,33700.48,Food,2026-01-11,0,HIGH,2026-06-10 20:52:12
TXN004373,CUST0330,6108.72,Food,2026-02-22,0,MEDIUM,2026-06-10 20:52:12
TXN004374,CUST0532,6025.4,Travel,2026-05-28,0,MEDIUM,2026-06-10 20:52:12
TXN004375,CUST0515,8017.16,Food,2026-02-22,1,MEDIUM,2026-06-10 20:52:12
TXN004376,CUST0423,1963.33,Shopping,2026-04-27,0,LOW,2026-06-10 20:52:12
TXN004377,CUST0598,24317.98,Healthcare,2026-01-04,0,HIGH,2026-06-10 20:52:12
TXN004378,CUST0462,34725.99,Healthcare,2026-04-30,0,HIGH,2026-06-10 20:52:12
TXN004379,CUST0886,28376.95,Travel,2026-01-14,0,HIGH,2026-06-10 20:52:12
TXN004380,CUST0156,25906.36,Food,2026-01-02,0,HIGH,2026-06-10 20:52:12
TXN004381,CUST0856,48596.44,Food,2026-04-16,0,HIGH,2026-06-10 20:52:12
TXN004382,CUST0151,8688.86,Healthcare,2026-04-07,0,MEDIUM,2026-06-10 20:52:12
TXN004383,CUST0538,14231.41,Travel,2026-05-08,0,HIGH,2026-06-10 20:52:12
TXN004384,CUST0825,25490.42,Travel,2026-04-06,0,HIGH,2026-06-10 20:52:12
TXN004385,CUST0675,34472.3,Shopping,2026-02-12,1,HIGH,2026-06-10 20:52:12
TXN004386,CUST0614,28232.04,Healthcare,2026-01-13,0,HIGH,2026-06-10 20:52:12
TXN004387,CUST0866,19887.05,Food,2026-02-13,1,HIGH,2026-06-10 20:52:12
TXN004388,CUST0243,7432.52,Shopping,2026-05-02,0,MEDIUM,2026-06-10 20:52:12
TXN004389,CUST0960,49339.94,Travel,2026-01-20,0,HIGH,2026-06-10 20:52:12
TXN004390,CUST0119,6229.36,Food,2026-01-28,0,MEDIUM,2026-06-10 20:52:12
TXN004391,CUST0001,27274.22,Travel,2026-01-26,0,HIGH,2026-06-10 20:52:12
TXN004392,CUST0189,48894.16,Food,2026-05-29,0,HIGH,2026-06-10 20:52:12
TXN004393,CUST0400,49578.13,Healthcare,2026-01-22,0,HIGH,2026-06-10 20:52:12
TXN004394,CUST0861,22313.35,Travel,2026-02-14,0,HIGH,2026-06-10 20:52:12
TXN004395,CUST0244,27435.06,Travel,2026-02-23,0,HIGH,2026-06-10 20:52:12
TXN004396,CUST0688,10131.93,Shopping,2026-02-01,0,HIGH,2026-06-10 20:52:12
TXN004397,CUST0324,10864.92,Shopping,2026-06-08,0,HIGH,2026-06-10 20:52:12
TXN004398,CUST0661,9883.94,Healthcare,2026-03-13,0,MEDIUM,2026-06-10 20:52:12
TXN004399,CUST0129,15752.85,Healthcare,2026-01-07,0,HIGH,2026-06-10 20:52:12
TXN004400,CUST0361,31680.77,Healthcare,2026-01-03,0,HIGH,2026-06-10 20:52:12
TXN004401,CUST0591,17151.43,Shopping,2026-05-22,0,HIGH,2026-06-10 20:52:12
TXN004402,CUST0778,4240.98,Healthcare,2026-04-12,0,LOW,2026-06-10 20:52:12
TXN004403,CUST0836,43661.04,Shopping,2026-04-10,0,HIGH,2026-06-10 20:52:12
TXN004404,CUST0773,15771.85,Healthcare,2026-02-24,0,HIGH,2026-06-10 20:52:12
TXN004405,CUST0528,37070.82,Food,2026-03-22,0,HIGH,2026-06-10 20:52:12
TXN004406,CUST0540,14644.49,Food,2026-05-30,0,HIGH,2026-06-10 20:52:12
TXN004407,CUST0942,16281.61,Healthcare,2026-01-13,0,HIGH,2026-06-10 20:52:12
TXN004408,CUST0158,9326.42,Travel,2026-05-30,0,MEDIUM,2026-06-10 20:52:12
TXN004409,CUST0865,15980.88,Food,2026-03-02,0,HIGH,2026-06-10 20:52:12
TXN004410,CUST0530,12749.47,Travel,2026-03-21,0,HIGH,2026-06-10 20:52:12
TXN004411,CUST0832,40182.26,Healthcare,2026-03-04,0,HIGH,2026-06-10 20:52:12
TXN004412,CUST0989,21944.4,Travel,2026-04-24,0,HIGH,2026-06-10 20:52:12
TXN004413,CUST0937,18836.04,Travel,2026-06-01,0,HIGH,2026-06-10 20:52:12
TXN004414,CUST0521,23585.31,Travel,2026-02-05,0,HIGH,2026-06-10 20:52:12
TXN004415,CUST0949,12955.28,Shopping,2026-05-23,0,HIGH,2026-06-10 20:52:12
TXN004416,CUST0287,25169.89,Food,2026-01-30,0,HIGH,2026-06-10 20:52:12
TXN004417,CUST0942,44693.27,Healthcare,2026-01-11,0,HIGH,2026-06-10 20:52:12
TXN004418,CUST0851,37662.06,Healthcare,2026-03-11,0,HIGH,2026-06-10 20:52:12
TXN004419,CUST0663,40123.98,Travel,2026-03-02,0,HIGH,2026-06-10 20:52:12
TXN004420,CUST0512,25680.56,Food,2026-03-24,0,HIGH,2026-06-10 20:52:12
TXN004421,CUST0131,9775.78,Travel,2026-05-25,0,MEDIUM,2026-06-10 20:52:12
TXN004422,CUST0309,49492.32,Travel,2026-04-21,0,HIGH,2026-06-10 20:52:12
TXN004423,CUST0856,3336.75,Travel,2026-02-15,0,LOW,2026-06-10 20:52:12
TXN004424,CUST0969,36009.46,Travel,2026-03-09,0,HIGH,2026-06-10 20:52:12
TXN004425,CUST0511,47041.31,Travel,2026-01-04,0,HIGH,2026-06-10 20:52:12
TXN004426,CUST0347,10911.3,Healthcare,2026-04-27,0,HIGH,2026-06-10 20:52:12
TXN004427,CUST0642,43724.41,Travel,2026-04-26,0,HIGH,2026-06-10 20:52:12
TXN004428,CUST0797,1855.62,Food,2026-04-01,0,LOW,2026-06-10 20:52:12
TXN004429,CUST0465,16761.45,Shopping,2026-04-20,0,HIGH,2026-06-10 20:52:12
TXN004430,CUST0531,2749.31,Travel,2026-03-06,0,LOW,2026-06-10 20:52:12
TXN004431,CUST0068,46872.26,Food,2026-05-04,0,HIGH,2026-06-10 20:52:12
TXN004432,CUST0313,25194.08,Food,2026-03-20,0,HIGH,2026-06-10 20:52:12
TXN004433,CUST0899,12754.16,Shopping,2026-02-05,0,HIGH,2026-06-10 20:52:12
TXN004434,CUST0969,12245.1,Shopping,2026-04-14,0,HIGH,2026-06-10 20:52:12
TXN004435,CUST0548,28351.46,Shopping,2026-01-03,0,HIGH,2026-06-10 20:52:12
TXN004436,CUST0598,32288.6,Travel,2026-02-10,0,HIGH,2026-06-10 20:52:12
TXN004437,CUST0920,47296.61,Shopping,2026-02-09,0,HIGH,2026-06-10 20:52:12
TXN004438,CUST0502,26042.67,Travel,2026-03-03,1,HIGH,2026-06-10 20:52:12
TXN004439,CUST0967,30727.2,Travel,2026-02-26,0,HIGH,2026-06-10 20:52:12
TXN004440,CUST0630,42363.1,Shopping,2026-02-15,0,HIGH,2026-06-10 20:52:12
TXN004441,CUST0454,34497.83,Food,2026-02-26,0,HIGH,2026-06-10 20:52:12
TXN004442,CUST0535,49660.15,Travel,2026-03-01,0,HIGH,2026-06-10 20:52:12
TXN004443,CUST0848,36776.65,Food,2026-02-20,0,HIGH,2026-06-10 20:52:12
TXN004444,CUST0004,35007.41,Healthcare,2026-01-15,0,HIGH,2026-06-10 20:52:12
TXN004445,CUST0303,16035.71,Travel,2026-05-16,0,HIGH,2026-06-10 20:52:12
TXN004446,CUST0814,38357.49,Food,2026-03-19,0,HIGH,2026-06-10 20:52:12
TXN004447,CUST0842,28997.8,Healthcare,2026-05-09,0,HIGH,2026-06-10 20:52:12
TXN004448,CUST0037,14832.47,Shopping,2026-01-15,0,HIGH,2026-06-10 20:52:12
TXN004449,CUST0688,25724.69,Travel,2026-04-10,0,HIGH,2026-06-10 20:52:12
TXN004450,CUST0897,33254.76,Food,2026-03-27,0,HIGH,2026-06-10 20:52:12
TXN004451,CUST0742,9069.9,Healthcare,2026-06-06,0,MEDIUM,2026-06-10 20:52:12
TXN004452,CUST0807,10170.98,Food,2026-02-04,0,HIGH,2026-06-10 20:52:12
TXN004453,CUST0511,15361.71,Shopping,2026-04-26,0,HIGH,2026-06-10 20:52:12
TXN004454,CUST0742,33365.15,Shopping,2026-01-28,1,HIGH,2026-06-10 20:52:12
TXN004455,CUST0992,27.11,Healthcare,2026-02-11,0,LOW,2026-06-10 20:52:12
TXN004456,CUST0242,40106.32,Healthcare,2026-03-09,0,HIGH,2026-06-10 20:52:12
TXN004457,CUST0634,24641.94,Travel,2026-04-24,0,HIGH,2026-06-10 20:52:12
TXN004458,CUST0485,41299.3,Food,2026-03-16,0,HIGH,2026-06-10 20:52:12
TXN004459,CUST0561,22947.67,Food,2026-03-08,0,HIGH,2026-06-10 20:52:12
TXN004460,CUST0911,38919.33,Healthcare,2026-02-21,1,HIGH,2026-06-10 20:52:12
TXN004461,CUST0507,15826.71,Shopping,2026-01-23,0,HIGH,2026-06-10 20:52:12
TXN004462,CUST0206,3647.04,Food,2026-01-20,0,LOW,2026-06-10 20:52:12
TXN004463,CUST0316,4702.14,Healthcare,2026-06-09,0,LOW,2026-06-10 20:52:12
TXN004464,CUST0077,8215.29,Travel,2026-05-06,0,MEDIUM,2026-06-10 20:52:12
TXN004465,CUST0891,9973.9,Travel,2026-01-24,0,MEDIUM,2026-06-10 20:52:12
TXN004466,CUST0554,30086.5,Food,2026-04-19,0,HIGH,2026-06-10 20:52:12
TXN004467,CUST0664,39413.21,Shopping,2026-02-27,0,HIGH,2026-06-10 20:52:12
TXN004468,CUST0987,46175.02,Food,2026-01-06,0,HIGH,2026-06-10 20:52:12
TXN004469,CUST0071,1001.34,Shopping,2026-03-14,0,LOW,2026-06-10 20:52:12
TXN004470,CUST0133,39841.29,Travel,2026-04-23,0,HIGH,2026-06-10 20:52:12
TXN004471,CUST0571,14588.64,Food,2026-05-02,0,HIGH,2026-06-10 20:52:12
TXN004472,CUST0695,49263.91,Healthcare,2026-05-25,0,HIGH,2026-06-10 20:52:12
TXN004473,CUST0445,42750.26,Shopping,2026-03-01,0,HIGH,2026-06-10 20:52:12
TXN004474,CUST0843,18981.34,Travel,2026-03-06,0,HIGH,2026-06-10 20:52:12
TXN004475,CUST0284,21762.0,Healthcare,2026-01-28,0,HIGH,2026-06-10 20:52:12
TXN004476,CUST0302,14419.79,Travel,2026-06-05,0,HIGH,2026-06-10 20:52:12
TXN004477,CUST0684,11049.8,Food,2026-01-30,0,HIGH,2026-06-10 20:52:12
TXN004478,CUST0863,45673.03,Travel,2026-01-20,0,HIGH,2026-06-10 20:52:12
TXN004479,CUST0041,25702.64,Shopping,2026-01-27,0,HIGH,2026-06-10 20:52:12
TXN004480,CUST0598,36098.96,Healthcare,2026-02-05,0,HIGH,2026-06-10 20:52:12
TXN004481,CUST0854,16296.65,Healthcare,2026-02-08,0,HIGH,2026-06-10 20:52:12
TXN004482,CUST0178,5810.05,Shopping,2026-02-11,0,MEDIUM,2026-06-10 20:52:12
TXN004483,CUST0085,5096.01,Shopping,2026-02-03,0,MEDIUM,2026-06-10 20:52:12
TXN004484,CUST0206,18330.55,Shopping,2026-03-05,1,HIGH,2026-06-10 20:52:12
TXN004485,CUST0582,45513.53,Food,2026-02-15,0,HIGH,2026-06-10 20:52:12
TXN004486,CUST0796,16864.9,Food,2026-02-02,0,HIGH,2026-06-10 20:52:12
TXN004487,CUST0876,20639.03,Food,2026-05-15,0,HIGH,2026-06-10 20:52:12
TXN004488,CUST0196,23068.68,Healthcare,2026-05-09,0,HIGH,2026-06-10 20:52:12
TXN004489,CUST0779,16472.51,Travel,2026-03-21,0,HIGH,2026-06-10 20:52:12
TXN004490,CUST0502,14500.97,Food,2026-01-28,0,HIGH,2026-06-10 20:52:12
TXN004491,CUST0616,40455.63,Healthcare,2026-04-21,0,HIGH,2026-06-10 20:52:12
TXN004492,CUST0310,44613.82,Travel,2026-01-01,0,HIGH,2026-06-10 20:52:12
TXN004493,CUST0296,18098.57,Travel,2026-03-23,0,HIGH,2026-06-10 20:52:12
TXN004494,CUST0460,4264.31,Healthcare,2026-02-17,0,LOW,2026-06-10 20:52:12
TXN004495,CUST0577,41444.96,Shopping,2026-04-01,1,HIGH,2026-06-10 20:52:12
TXN004496,CUST0530,26983.48,Healthcare,2026-03-31,0,HIGH,2026-06-10 20:52:12
TXN004497,CUST0369,16144.01,Food,2026-01-03,0,HIGH,2026-06-10 20:52:12
TXN004498,CUST0867,17719.73,Travel,2026-02-21,0,HIGH,2026-06-10 20:52:12
TXN004499,CUST0550,30208.01,Healthcare,2026-04-05,0,HIGH,2026-06-10 20:52:12
TXN004500,CUST0868,3448.36,Food,2026-05-27,0,LOW,2026-06-10 20:52:12
TXN004501,CUST0881,27423.33,Healthcare,2026-05-27,0,HIGH,2026-06-10 20:52:12
TXN004502,CUST0474,17026.21,Shopping,2026-03-01,0,HIGH,2026-06-10 20:52:12
TXN004503,CUST0184,13178.43,Travel,2026-04-10,0,HIGH,2026-06-10 20:52:12
TXN004504,CUST0596,25430.89,Healthcare,2026-01-12,0,HIGH,2026-06-10 20:52:12
TXN004505,CUST0897,46009.63,Travel,2026-05-15,0,HIGH,2026-06-10 20:52:12
TXN004506,CUST0210,39515.61,Travel,2026-04-26,0,HIGH,2026-06-10 20:52:12
TXN004507,CUST0250,5311.3,Healthcare,2026-03-19,0,MEDIUM,2026-06-10 20:52:12
TXN004508,CUST0991,26618.18,Travel,2026-06-04,0,HIGH,2026-06-10 20:52:12
TXN004509,CUST0338,39926.36,Travel,2026-04-11,0,HIGH,2026-06-10 20:52:12
TXN004510,CUST0307,44814.8,Healthcare,2026-03-15,0,HIGH,2026-06-10 20:52:12
TXN004511,CUST0347,8062.83,Food,2026-06-04,0,MEDIUM,2026-06-10 20:52:12
TXN004512,CUST0309,5965.16,Healthcare,2026-03-03,1,MEDIUM,2026-06-10 20:52:12
TXN004513,CUST0353,31868.43,Healthcare,2026-03-08,0,HIGH,2026-06-10 20:52:12
TXN004514,CUST0493,28165.66,Food,2026-01-04,0,HIGH,2026-06-10 20:52:12
TXN004515,CUST0637,45240.44,Healthcare,2026-02-23,0,HIGH,2026-06-10 20:52:12
TXN004516,CUST0392,18397.35,Healthcare,2026-03-17,0,HIGH,2026-06-10 20:52:12
TXN004517,CUST0511,31206.54,Shopping,2026-06-06,0,HIGH,2026-06-10 20:52:12
TXN004518,CUST0684,23993.95,Travel,2026-03-03,0,HIGH,2026-06-10 20:52:12
TXN004519,CUST0176,19158.43,Shopping,2026-02-06,0,HIGH,2026-06-10 20:52:12
TXN004520,CUST0165,35988.08,Travel,2026-05-11,0,HIGH,2026-06-10 20:52:12
TXN004521,CUST0361,47371.52,Travel,2026-02-28,0,HIGH,2026-06-10 20:52:12
TXN004522,CUST0207,15766.03,Shopping,2026-04-30,0,HIGH,2026-06-10 20:52:12
TXN004523,CUST0336,22640.32,Food,2026-02-22,0,HIGH,2026-06-10 20:52:12
TXN004524,CUST0439,645.61,Shopping,2026-03-05,0,LOW,2026-06-10 20:52:12
TXN004525,CUST0867,1667.92,Travel,2026-01-24,0,LOW,2026-06-10 20:52:12
TXN004526,CUST0494,32090.06,Travel,2026-05-10,0,HIGH,2026-06-10 20:52:12
TXN004527,CUST0367,19901.96,Shopping,2026-04-21,1,HIGH,2026-06-10 20:52:12
TXN004528,CUST0894,18676.33,Food,2026-01-22,0,HIGH,2026-06-10 20:52:12
TXN004529,CUST0854,9672.51,Shopping,2026-06-09,0,MEDIUM,2026-06-10 20:52:12
TXN004530,CUST0205,3269.63,Shopping,2026-03-02,0,LOW,2026-06-10 20:52:12
TXN004531,CUST0617,12454.8,Healthcare,2026-01-01,0,HIGH,2026-06-10 20:52:12
TXN004532,CUST0254,49348.81,Healthcare,2026-02-08,0,HIGH,2026-06-10 20:52:12
TXN004533,CUST0188,23610.55,Travel,2026-02-21,0,HIGH,2026-06-10 20:52:12
TXN004534,CUST0585,40847.89,Healthcare,2026-01-16,0,HIGH,2026-06-10 20:52:12
TXN004535,CUST0585,15938.03,Travel,2026-04-22,0,HIGH,2026-06-10 20:52:12
TXN004536,CUST0405,26527.95,Food,2026-04-24,0,HIGH,2026-06-10 20:52:12
TXN004537,CUST0577,15044.41,Food,2026-06-08,0,HIGH,2026-06-10 20:52:12
TXN004538,CUST0047,8684.56,Shopping,2026-01-04,0,MEDIUM,2026-06-10 20:52:12
TXN004539,CUST0229,1542.2,Food,2026-01-10,0,LOW,2026-06-10 20:52:12
TXN004540,CUST0395,11409.21,Healthcare,2026-01-10,0,HIGH,2026-06-10 20:52:12
TXN004541,CUST0396,27111.72,Food,2026-04-16,1,HIGH,2026-06-10 20:52:12
TXN004542,CUST0969,49085.88,Shopping,2026-03-26,0,HIGH,2026-06-10 20:52:12
TXN004543,CUST0982,9457.02,Shopping,2026-03-25,0,MEDIUM,2026-06-10 20:52:12
TXN004544,CUST0771,28318.23,Food,2026-01-26,0,HIGH,2026-06-10 20:52:12
TXN004545,CUST0355,42903.61,Shopping,2026-05-03,0,HIGH,2026-06-10 20:52:12
TXN004546,CUST0261,22411.36,Shopping,2026-02-25,0,HIGH,2026-06-10 20:52:12
TXN004547,CUST0150,37489.68,Healthcare,2026-03-31,0,HIGH,2026-06-10 20:52:12
TXN004548,CUST0808,21852.15,Travel,2026-01-03,0,HIGH,2026-06-10 20:52:12
TXN004549,CUST0528,23830.78,Healthcare,2026-06-02,0,HIGH,2026-06-10 20:52:12
TXN004550,CUST0440,15151.2,Travel,2026-01-25,0,HIGH,2026-06-10 20:52:12
TXN004551,CUST0741,34034.4,Travel,2026-02-04,0,HIGH,2026-06-10 20:52:12
TXN004552,CUST0177,25364.38,Travel,2026-04-21,0,HIGH,2026-06-10 20:52:12
TXN004553,CUST0538,10043.28,Healthcare,2026-01-03,0,HIGH,2026-06-10 20:52:12
TXN004554,CUST0556,40635.52,Shopping,2026-05-31,1,HIGH,2026-06-10 20:52:12
TXN004555,CUST0469,7427.7,Shopping,2026-05-30,0,MEDIUM,2026-06-10 20:52:12
TXN004556,CUST0322,24908.13,Healthcare,2026-05-06,0,HIGH,2026-06-10 20:52:12
TXN004557,CUST0617,19767.15,Healthcare,2026-05-05,0,HIGH,2026-06-10 20:52:12
TXN004558,CUST0537,41019.1,Shopping,2026-04-05,0,HIGH,2026-06-10 20:52:12
TXN004559,CUST0348,31529.75,Food,2026-02-14,0,HIGH,2026-06-10 20:52:12
TXN004560,CUST0388,29534.34,Shopping,2026-03-04,0,HIGH,2026-06-10 20:52:12
TXN004561,CUST0168,36331.0,Travel,2026-05-19,0,HIGH,2026-06-10 20:52:12
TXN004562,CUST0234,47530.54,Healthcare,2026-04-02,0,HIGH,2026-06-10 20:52:12
TXN004563,CUST0649,19203.03,Shopping,2026-01-10,1,HIGH,2026-06-10 20:52:12
TXN004564,CUST0861,25267.78,Healthcare,2026-02-05,1,HIGH,2026-06-10 20:52:12
TXN004565,CUST0331,21499.14,Food,2026-01-23,0,HIGH,2026-06-10 20:52:12
TXN004566,CUST0632,32420.14,Food,2026-05-01,0,HIGH,2026-06-10 20:52:12
TXN004567,CUST0534,24703.45,Healthcare,2026-05-17,0,HIGH,2026-06-10 20:52:12
TXN004568,CUST0286,35337.58,Food,2026-04-11,0,HIGH,2026-06-10 20:52:12
TXN004569,CUST0461,12017.73,Travel,2026-01-06,0,HIGH,2026-06-10 20:52:12
TXN004570,CUST0152,33091.2,Travel,2026-01-29,0,HIGH,2026-06-10 20:52:12
TXN004571,CUST0467,16556.71,Healthcare,2026-01-01,1,HIGH,2026-06-10 20:52:12
TXN004572,CUST0920,30524.13,Travel,2026-04-15,0,HIGH,2026-06-10 20:52:12
TXN004573,CUST0929,23083.82,Food,2026-04-23,0,HIGH,2026-06-10 20:52:12
TXN004574,CUST0140,46556.57,Travel,2026-05-18,0,HIGH,2026-06-10 20:52:12
TXN004575,CUST0563,43920.6,Shopping,2026-04-16,0,HIGH,2026-06-10 20:52:12
TXN004576,CUST0178,10607.54,Healthcare,2026-01-13,0,HIGH,2026-06-10 20:52:12
TXN004577,CUST0748,28901.78,Food,2026-04-06,0,HIGH,2026-06-10 20:52:12
TXN004578,CUST0139,14282.48,Travel,2026-01-27,0,HIGH,2026-06-10 20:52:12
TXN004579,CUST0679,30765.97,Shopping,2026-03-03,0,HIGH,2026-06-10 20:52:12
TXN004580,CUST0858,49008.01,Healthcare,2026-05-03,0,HIGH,2026-06-10 20:52:12
TXN004581,CUST0193,45793.67,Travel,2026-02-09,0,HIGH,2026-06-10 20:52:12
TXN004582,CUST0281,39415.24,Healthcare,2026-01-28,0,HIGH,2026-06-10 20:52:12
TXN004583,CUST0598,21821.37,Food,2026-03-13,0,HIGH,2026-06-10 20:52:12
TXN004584,CUST0509,23504.6,Healthcare,2026-04-21,0,HIGH,2026-06-10 20:52:12
TXN004585,CUST0525,23214.66,Healthcare,2026-03-20,0,HIGH,2026-06-10 20:52:12
TXN004586,CUST0879,45205.07,Food,2026-01-14,0,HIGH,2026-06-10 20:52:12
TXN004587,CUST0132,35100.61,Food,2026-05-22,0,HIGH,2026-06-10 20:52:12
TXN004588,CUST0502,45619.89,Food,2026-05-22,0,HIGH,2026-06-10 20:52:12
TXN004589,CUST0202,17054.31,Travel,2026-03-29,0,HIGH,2026-06-10 20:52:12
TXN004590,CUST0430,46313.56,Shopping,2026-01-13,0,HIGH,2026-06-10 20:52:12
TXN004591,CUST0343,18591.59,Healthcare,2026-03-15,0,HIGH,2026-06-10 20:52:12
TXN004592,CUST0895,43340.62,Food,2026-05-14,0,HIGH,2026-06-10 20:52:12
TXN004593,CUST0224,34360.59,Travel,2026-02-15,1,HIGH,2026-06-10 20:52:12
TXN004594,CUST0342,15531.93,Food,2026-01-03,0,HIGH,2026-06-10 20:52:12
TXN004595,CUST0780,43782.0,Shopping,2026-04-03,1,HIGH,2026-06-10 20:52:12
TXN004596,CUST0212,43245.2,Healthcare,2026-04-25,0,HIGH,2026-06-10 20:52:12
TXN004597,CUST0928,45798.47,Healthcare,2026-06-09,0,HIGH,2026-06-10 20:52:12
TXN004598,CUST0909,20462.72,Shopping,2026-05-01,0,HIGH,2026-06-10 20:52:12
TXN004599,CUST0752,36026.93,Food,2026-03-04,0,HIGH,2026-06-10 20:52:12
TXN004600,CUST0693,5421.21,Healthcare,2026-01-02,0,MEDIUM,2026-06-10 20:52:12
TXN004601,CUST0155,16514.35,Food,2026-03-29,0,HIGH,2026-06-10 20:52:12
TXN004602,CUST0374,27988.78,Healthcare,2026-01-24,0,HIGH,2026-06-10 20:52:12
TXN004603,CUST0301,34657.96,Food,2026-05-06,0,HIGH,2026-06-10 20:52:12
TXN004604,CUST0286,46978.44,Travel,2026-01-05,0,HIGH,2026-06-10 20:52:12
TXN004605,CUST0306,22873.46,Food,2026-04-25,0,HIGH,2026-06-10 20:52:12
TXN004606,CUST0075,13986.34,Healthcare,2026-03-25,0,HIGH,2026-06-10 20:52:12
TXN004607,CUST0700,21737.5,Healthcare,2026-06-04,0,HIGH,2026-06-10 20:52:12
TXN004608,CUST0573,10006.55,Food,2026-03-01,0,HIGH,2026-06-10 20:52:12
TXN004609,CUST0247,41708.71,Healthcare,2026-01-28,0,HIGH,2026-06-10 20:52:12
TXN004610,CUST0737,10922.24,Healthcare,2026-03-28,0,HIGH,2026-06-10 20:52:12
TXN004611,CUST0518,1618.33,Food,2026-01-21,0,LOW,2026-06-10 20:52:12
TXN004612,CUST0645,26653.07,Healthcare,2026-02-22,0,HIGH,2026-06-10 20:52:12
TXN004613,CUST0265,17449.16,Shopping,2026-01-16,0,HIGH,2026-06-10 20:52:12
TXN004614,CUST0172,42461.37,Healthcare,2026-03-13,0,HIGH,2026-06-10 20:52:12
TXN004615,CUST0935,1723.24,Healthcare,2026-04-30,0,LOW,2026-06-10 20:52:12
TXN004616,CUST0107,26271.95,Travel,2026-05-19,0,HIGH,2026-06-10 20:52:12
TXN004617,CUST0281,39726.18,Shopping,2026-01-18,0,HIGH,2026-06-10 20:52:12
TXN004618,CUST0633,29503.83,Travel,2026-03-12,0,HIGH,2026-06-10 20:52:12
TXN004619,CUST0767,41452.19,Healthcare,2026-04-09,0,HIGH,2026-06-10 20:52:12
TXN004620,CUST0953,27793.65,Shopping,2026-04-18,0,HIGH,2026-06-10 20:52:12
TXN004621,CUST0937,27566.8,Travel,2026-06-04,0,HIGH,2026-06-10 20:52:12
TXN004622,CUST0695,17166.9,Food,2026-01-22,0,HIGH,2026-06-10 20:52:12
TXN004623,CUST0026,1504.52,Healthcare,2026-04-20,0,LOW,2026-06-10 20:52:12
TXN004624,CUST0691,40175.74,Travel,2026-01-20,0,HIGH,2026-06-10 20:52:12
TXN004625,CUST0638,42121.88,Healthcare,2026-02-26,0,HIGH,2026-06-10 20:52:12
TXN004626,CUST0837,49968.81,Shopping,2026-03-30,0,HIGH,2026-06-10 20:52:12
TXN004627,CUST0264,12902.64,Shopping,2026-05-29,0,HIGH,2026-06-10 20:52:12
TXN004628,CUST0782,16177.03,Healthcare,2026-05-11,0,HIGH,2026-06-10 20:52:12
TXN004629,CUST0527,20018.37,Food,2026-01-07,0,HIGH,2026-06-10 20:52:12
TXN004630,CUST0299,27943.61,Travel,2026-05-06,0,HIGH,2026-06-10 20:52:12
TXN004631,CUST0085,37227.3,Travel,2026-01-28,0,HIGH,2026-06-10 20:52:12
TXN004632,CUST0300,4257.71,Food,2026-03-20,0,LOW,2026-06-10 20:52:12
TXN004633,CUST0220,16779.91,Food,2026-05-29,0,HIGH,2026-06-10 20:52:12
TXN004634,CUST0304,28655.4,Food,2026-04-29,0,HIGH,2026-06-10 20:52:12
TXN004635,CUST0653,2327.87,Food,2026-01-18,0,LOW,2026-06-10 20:52:12
TXN004636,CUST0670,46348.9,Shopping,2026-04-07,0,HIGH,2026-06-10 20:52:12
TXN004637,CUST0542,9927.69,Shopping,2026-01-12,0,MEDIUM,2026-06-10 20:52:12
TXN004638,CUST0242,37393.62,Food,2026-05-03,0,HIGH,2026-06-10 20:52:12
TXN004639,CUST0698,26898.73,Travel,2026-04-09,0,HIGH,2026-06-10 20:52:12
TXN004640,CUST0035,2772.68,Travel,2026-03-17,0,LOW,2026-06-10 20:52:12
TXN004641,CUST0107,46095.46,Shopping,2026-03-28,0,HIGH,2026-06-10 20:52:12
TXN004642,CUST0018,39939.73,Travel,2026-03-31,0,HIGH,2026-06-10 20:52:12
TXN004643,CUST0738,22814.83,Travel,2026-04-03,0,HIGH,2026-06-10 20:52:12
TXN004644,CUST0533,31331.72,Healthcare,2026-05-28,0,HIGH,2026-06-10 20:52:12
TXN004645,CUST0151,27610.85,Shopping,2026-02-18,0,HIGH,2026-06-10 20:52:12
TXN004646,CUST0291,3161.77,Food,2026-04-28,0,LOW,2026-06-10 20:52:12
TXN004647,CUST0879,28513.67,Shopping,2026-05-03,0,HIGH,2026-06-10 20:52:12
TXN004648,CUST0408,28336.92,Shopping,2026-02-24,0,HIGH,2026-06-10 20:52:12
TXN004649,CUST0798,12737.45,Shopping,2026-05-30,0,HIGH,2026-06-10 20:52:12
TXN004650,CUST0849,23744.73,Food,2026-02-22,0,HIGH,2026-06-10 20:52:12
TXN004651,CUST0094,3620.26,Travel,2026-02-12,0,LOW,2026-06-10 20:52:12
TXN004652,CUST0374,28468.42,Shopping,2026-06-08,0,HIGH,2026-06-10 20:52:12
TXN004653,CUST0382,21909.59,Food,2026-02-17,0,HIGH,2026-06-10 20:52:12
TXN004654,CUST0954,48201.57,Shopping,2026-05-19,0,HIGH,2026-06-10 20:52:12
TXN004655,CUST0164,35508.97,Travel,2026-05-31,0,HIGH,2026-06-10 20:52:12
TXN004656,CUST0743,46259.06,Healthcare,2026-01-24,0,HIGH,2026-06-10 20:52:12
TXN004657,CUST0398,10664.1,Shopping,2026-05-07,0,HIGH,2026-06-10 20:52:12
TXN004658,CUST0890,13325.02,Food,2026-02-14,0,HIGH,2026-06-10 20:52:12
TXN004659,CUST0051,22292.89,Shopping,2026-03-22,0,HIGH,2026-06-10 20:52:12
TXN004660,CUST0584,26333.98,Healthcare,2026-04-10,0,HIGH,2026-06-10 20:52:12
TXN004661,CUST0304,25645.46,Healthcare,2026-05-07,0,HIGH,2026-06-10 20:52:12
TXN004662,CUST0970,26377.07,Shopping,2026-06-02,0,HIGH,2026-06-10 20:52:12
TXN004663,CUST0521,42146.42,Shopping,2026-01-16,0,HIGH,2026-06-10 20:52:12
TXN004664,CUST0492,31603.1,Food,2026-01-31,0,HIGH,2026-06-10 20:52:12
TXN004665,CUST0025,43445.38,Healthcare,2026-01-15,0,HIGH,2026-06-10 20:52:12
TXN004666,CUST0010,45872.41,Food,2026-04-24,0,HIGH,2026-06-10 20:52:12
TXN004667,CUST0769,26032.05,Food,2026-05-14,0,HIGH,2026-06-10 20:52:12
TXN004668,CUST0306,21393.13,Shopping,2026-01-08,0,HIGH,2026-06-10 20:52:12
TXN004669,CUST0606,18347.06,Shopping,2026-04-13,0,HIGH,2026-06-10 20:52:12
TXN004670,CUST0114,22314.68,Food,2026-03-24,0,HIGH,2026-06-10 20:52:12
TXN004671,CUST0972,11212.19,Food,2026-05-06,0,HIGH,2026-06-10 20:52:12
TXN004672,CUST0745,34128.76,Healthcare,2026-02-14,0,HIGH,2026-06-10 20:52:12
TXN004673,CUST0261,19617.32,Food,2026-02-17,0,HIGH,2026-06-10 20:52:12
TXN004674,CUST0564,10030.15,Shopping,2026-04-29,1,HIGH,2026-06-10 20:52:12
TXN004675,CUST0647,874.28,Shopping,2026-02-13,0,LOW,2026-06-10 20:52:12
TXN004676,CUST0751,39690.74,Food,2026-05-25,0,HIGH,2026-06-10 20:52:12
TXN004677,CUST0083,40898.7,Food,2026-05-03,0,HIGH,2026-06-10 20:52:12
TXN004678,CUST0987,25588.76,Food,2026-04-20,0,HIGH,2026-06-10 20:52:12
TXN004679,CUST0775,21799.91,Healthcare,2026-01-07,0,HIGH,2026-06-10 20:52:12
TXN004680,CUST0589,48254.36,Travel,2026-06-06,0,HIGH,2026-06-10 20:52:12
TXN004681,CUST0362,32413.61,Healthcare,2026-05-16,0,HIGH,2026-06-10 20:52:12
TXN004682,CUST0456,12299.45,Food,2026-03-30,0,HIGH,2026-06-10 20:52:12
TXN004683,CUST0160,1348.47,Food,2026-02-08,0,LOW,2026-06-10 20:52:12
TXN004684,CUST0855,49573.51,Healthcare,2026-03-30,0,HIGH,2026-06-10 20:52:12
TXN004685,CUST0931,2314.57,Travel,2026-02-26,0,LOW,2026-06-10 20:52:12
TXN004686,CUST0138,23833.74,Shopping,2026-03-19,0,HIGH,2026-06-10 20:52:12
TXN004687,CUST0388,37885.29,Shopping,2026-04-06,0,HIGH,2026-06-10 20:52:12
TXN004688,CUST0138,29962.09,Travel,2026-04-13,0,HIGH,2026-06-10 20:52:12
TXN004689,CUST0370,27584.97,Travel,2026-03-24,0,HIGH,2026-06-10 20:52:12
TXN004690,CUST0951,7370.48,Food,2026-01-30,0,MEDIUM,2026-06-10 20:52:12
TXN004691,CUST0480,22108.9,Travel,2026-03-28,0,HIGH,2026-06-10 20:52:12
TXN004692,CUST0629,49485.03,Food,2026-05-05,0,HIGH,2026-06-10 20:52:12
TXN004693,CUST0513,12739.31,Travel,2026-04-04,0,HIGH,2026-06-10 20:52:12
TXN004694,CUST0009,15681.61,Healthcare,2026-02-23,0,HIGH,2026-06-10 20:52:12
TXN004695,CUST0351,14402.0,Travel,2026-04-10,0,HIGH,2026-06-10 20:52:12
TXN004696,CUST0779,38707.75,Shopping,2026-05-13,0,HIGH,2026-06-10 20:52:12
TXN004697,CUST0243,49427.66,Healthcare,2026-01-24,0,HIGH,2026-06-10 20:52:12
TXN004698,CUST0550,22794.86,Food,2026-03-03,0,HIGH,2026-06-10 20:52:12
TXN004699,CUST0701,16570.98,Travel,2026-05-21,0,HIGH,2026-06-10 20:52:12
TXN004700,CUST0152,43883.64,Food,2026-05-12,0,HIGH,2026-06-10 20:52:12
TXN004701,CUST0550,20544.45,Healthcare,2026-01-26,0,HIGH,2026-06-10 20:52:12
TXN004702,CUST0464,46727.96,Travel,2026-03-27,0,HIGH,2026-06-10 20:52:12
TXN004703,CUST0758,32866.51,Travel,2026-01-02,0,HIGH,2026-06-10 20:52:12
TXN004704,CUST0621,13346.81,Shopping,2026-05-10,0,HIGH,2026-06-10 20:52:12
TXN004705,CUST0807,41776.73,Travel,2026-02-19,0,HIGH,2026-06-10 20:52:12
TXN004706,CUST0391,38291.26,Shopping,2026-03-07,0,HIGH,2026-06-10 20:52:12
TXN004707,CUST0120,48635.93,Healthcare,2026-04-17,0,HIGH,2026-06-10 20:52:12
TXN004708,CUST0472,47288.9,Healthcare,2026-04-13,0,HIGH,2026-06-10 20:52:12
TXN004709,CUST0886,27457.16,Food,2026-02-05,0,HIGH,2026-06-10 20:52:12
TXN004710,CUST0007,32382.14,Shopping,2026-04-10,1,HIGH,2026-06-10 20:52:12
TXN004711,CUST0796,14427.54,Shopping,2026-05-19,0,HIGH,2026-06-10 20:52:12
TXN004712,CUST0803,32821.44,Travel,2026-03-07,0,HIGH,2026-06-10 20:52:12
TXN004713,CUST0078,21180.05,Shopping,2026-05-07,0,HIGH,2026-06-10 20:52:12
TXN004714,CUST0112,17904.43,Shopping,2026-04-02,0,HIGH,2026-06-10 20:52:12
TXN004715,CUST0416,26722.7,Shopping,2026-05-13,0,HIGH,2026-06-10 20:52:12
TXN004716,CUST0120,37587.07,Shopping,2026-03-23,0,HIGH,2026-06-10 20:52:12
TXN004717,CUST0885,15328.85,Food,2026-05-21,1,HIGH,2026-06-10 20:52:12
TXN004718,CUST0652,14080.04,Healthcare,2026-02-01,0,HIGH,2026-06-10 20:52:12
TXN004719,CUST0757,10848.29,Shopping,2026-05-18,0,HIGH,2026-06-10 20:52:12
TXN004720,CUST0501,700.67,Healthcare,2026-02-14,0,LOW,2026-06-10 20:52:12
TXN004721,CUST0554,25283.11,Healthcare,2026-02-28,0,HIGH,2026-06-10 20:52:12
TXN004722,CUST0827,7676.01,Healthcare,2026-06-06,0,MEDIUM,2026-06-10 20:52:12
TXN004723,CUST0742,31516.65,Healthcare,2026-01-28,0,HIGH,2026-06-10 20:52:12
TXN004724,CUST0647,49952.47,Food,2026-05-14,0,HIGH,2026-06-10 20:52:12
TXN004725,CUST0277,3369.49,Travel,2026-03-11,0,LOW,2026-06-10 20:52:12
TXN004726,CUST0125,31487.64,Healthcare,2026-04-27,0,HIGH,2026-06-10 20:52:12
TXN004727,CUST0470,5939.69,Healthcare,2026-05-22,0,MEDIUM,2026-06-10 20:52:12
TXN004728,CUST0071,2993.82,Food,2026-04-27,0,LOW,2026-06-10 20:52:12
TXN004729,CUST0995,35185.01,Food,2026-02-21,0,HIGH,2026-06-10 20:52:12
TXN004730,CUST0075,14233.9,Healthcare,2026-04-16,0,HIGH,2026-06-10 20:52:12
TXN004731,CUST0190,6404.62,Shopping,2026-04-07,0,MEDIUM,2026-06-10 20:52:12
TXN004732,CUST0135,47661.0,Food,2026-01-02,0,HIGH,2026-06-10 20:52:12
TXN004733,CUST0458,228.6,Food,2026-04-03,0,LOW,2026-06-10 20:52:12
TXN004734,CUST0551,18224.12,Healthcare,2026-02-02,0,HIGH,2026-06-10 20:52:12
TXN004735,CUST0685,15512.72,Shopping,2026-03-27,0,HIGH,2026-06-10 20:52:12
TXN004736,CUST0586,34295.69,Travel,2026-06-06,0,HIGH,2026-06-10 20:52:12
TXN004737,CUST0590,48580.01,Food,2026-05-28,0,HIGH,2026-06-10 20:52:12
TXN004738,CUST0731,32938.46,Travel,2026-04-09,0,HIGH,2026-06-10 20:52:12
TXN004739,CUST0482,12151.05,Travel,2026-03-20,0,HIGH,2026-06-10 20:52:12
TXN004740,CUST0730,15769.01,Food,2026-01-09,0,HIGH,2026-06-10 20:52:12
TXN004741,CUST0418,447.12,Food,2026-02-04,0,LOW,2026-06-10 20:52:12
TXN004742,CUST0623,24304.62,Travel,2026-01-24,0,HIGH,2026-06-10 20:52:12
TXN004743,CUST0188,7249.08,Healthcare,2026-02-01,1,MEDIUM,2026-06-10 20:52:12
TXN004744,CUST0701,1547.42,Travel,2026-01-02,0,LOW,2026-06-10 20:52:12
TXN004745,CUST0074,779.28,Food,2026-02-28,0,LOW,2026-06-10 20:52:12
TXN004746,CUST0775,44555.96,Healthcare,2026-04-19,0,HIGH,2026-06-10 20:52:12
TXN004747,CUST0529,18893.98,Food,2026-06-03,0,HIGH,2026-06-10 20:52:12
TXN004748,CUST0928,4003.76,Healthcare,2026-01-13,0,LOW,2026-06-10 20:52:12
TXN004749,CUST0774,49602.59,Food,2026-02-09,0,HIGH,2026-06-10 20:52:12
TXN004750,CUST0786,711.65,Healthcare,2026-05-24,0,LOW,2026-06-10 20:52:12
TXN004751,CUST0195,36890.3,Travel,2026-05-27,0,HIGH,2026-06-10 20:52:12
TXN004752,CUST0486,44938.49,Travel,2026-05-15,0,HIGH,2026-06-10 20:52:12
TXN004753,CUST0316,17902.65,Healthcare,2026-01-27,0,HIGH,2026-06-10 20:52:12
TXN004754,CUST0418,22368.9,Healthcare,2026-04-01,0,HIGH,2026-06-10 20:52:12
TXN004755,CUST0991,8470.0,Travel,2026-03-04,0,MEDIUM,2026-06-10 20:52:12
TXN004756,CUST0063,59.11,Travel,2026-01-09,0,LOW,2026-06-10 20:52:12
TXN004757,CUST0144,14305.72,Shopping,2026-02-04,0,HIGH,2026-06-10 20:52:12
TXN004758,CUST0232,13817.88,Healthcare,2026-03-24,0,HIGH,2026-06-10 20:52:12
TXN004759,CUST0762,33295.2,Food,2026-03-19,0,HIGH,2026-06-10 20:52:12
TXN004760,CUST0886,23707.05,Healthcare,2026-05-07,0,HIGH,2026-06-10 20:52:12
TXN004761,CUST0546,12457.0,Healthcare,2026-01-27,0,HIGH,2026-06-10 20:52:12
TXN004762,CUST0075,16694.21,Healthcare,2026-01-10,0,HIGH,2026-06-10 20:52:12
TXN004763,CUST0778,21798.66,Food,2026-01-14,0,HIGH,2026-06-10 20:52:12
TXN004764,CUST0978,35538.65,Healthcare,2026-02-18,0,HIGH,2026-06-10 20:52:12
TXN004765,CUST0755,25628.07,Shopping,2026-06-03,0,HIGH,2026-06-10 20:52:12
TXN004766,CUST0576,39624.17,Shopping,2026-03-14,0,HIGH,2026-06-10 20:52:12
TXN004767,CUST0693,16658.35,Food,2026-03-18,0,HIGH,2026-06-10 20:52:12
TXN004768,CUST0502,39570.94,Shopping,2026-02-02,0,HIGH,2026-06-10 20:52:12
TXN004769,CUST0313,386.2,Food,2026-02-05,0,LOW,2026-06-10 20:52:12
TXN004770,CUST0736,30551.66,Travel,2026-05-24,0,HIGH,2026-06-10 20:52:12
TXN004771,CUST0896,76.15,Healthcare,2026-01-10,0,LOW,2026-06-10 20:52:12
TXN004772,CUST0262,29502.04,Travel,2026-05-10,0,HIGH,2026-06-10 20:52:12
TXN004773,CUST0512,6111.84,Healthcare,2026-02-15,0,MEDIUM,2026-06-10 20:52:12
TXN004774,CUST0170,31536.53,Healthcare,2026-01-13,0,HIGH,2026-06-10 20:52:12
TXN004775,CUST0706,6464.38,Food,2026-03-23,0,MEDIUM,2026-06-10 20:52:12
TXN004776,CUST0211,9459.82,Travel,2026-01-24,0,MEDIUM,2026-06-10 20:52:12
TXN004777,CUST0708,7120.93,Shopping,2026-03-09,0,MEDIUM,2026-06-10 20:52:12
TXN004778,CUST0628,20592.46,Food,2026-05-26,0,HIGH,2026-06-10 20:52:12
TXN004779,CUST0975,28168.85,Food,2026-01-12,1,HIGH,2026-06-10 20:52:12
TXN004780,CUST0385,28935.81,Travel,2026-01-08,0,HIGH,2026-06-10 20:52:12
TXN004781,CUST0276,7804.47,Food,2026-04-10,0,MEDIUM,2026-06-10 20:52:12
TXN004782,CUST0821,19921.94,Healthcare,2026-01-18,0,HIGH,2026-06-10 20:52:12
TXN004783,CUST0605,12291.44,Shopping,2026-06-09,0,HIGH,2026-06-10 20:52:12
TXN004784,CUST0173,2088.09,Shopping,2026-01-26,0,LOW,2026-06-10 20:52:12
TXN004785,CUST0655,23012.91,Food,2026-05-20,0,HIGH,2026-06-10 20:52:12
TXN004786,CUST0970,35142.4,Healthcare,2026-01-25,0,HIGH,2026-06-10 20:52:12
TXN004787,CUST0350,4467.58,Food,2026-02-19,0,LOW,2026-06-10 20:52:12
TXN004788,CUST0707,15877.83,Shopping,2026-05-25,0,HIGH,2026-06-10 20:52:12
TXN004789,CUST0184,48244.89,Travel,2026-02-26,0,HIGH,2026-06-10 20:52:12
TXN004790,CUST0226,9626.21,Travel,2026-06-07,0,MEDIUM,2026-06-10 20:52:12
TXN004791,CUST0357,41573.6,Healthcare,2026-03-01,0,HIGH,2026-06-10 20:52:12
TXN004792,CUST0647,39997.9,Food,2026-03-08,0,HIGH,2026-06-10 20:52:12
TXN004793,CUST0585,22152.06,Healthcare,2026-03-06,0,HIGH,2026-06-10 20:52:12
TXN004794,CUST0016,34517.61,Travel,2026-05-28,0,HIGH,2026-06-10 20:52:12
TXN004795,CUST0293,19762.69,Shopping,2026-01-29,0,HIGH,2026-06-10 20:52:12
TXN004796,CUST0519,27476.07,Food,2026-02-21,0,HIGH,2026-06-10 20:52:12
TXN004797,CUST0171,30638.86,Food,2026-04-03,0,HIGH,2026-06-10 20:52:12
TXN004798,CUST0194,34517.51,Travel,2026-01-07,0,HIGH,2026-06-10 20:52:12
TXN004799,CUST0845,49146.26,Healthcare,2026-03-03,0,HIGH,2026-06-10 20:52:12
TXN004800,CUST0093,47257.89,Food,2026-01-24,0,HIGH,2026-06-10 20:52:12
TXN004801,CUST0166,12493.88,Food,2026-03-16,0,HIGH,2026-06-10 20:52:12
TXN004802,CUST0142,35516.48,Travel,2026-04-15,1,HIGH,2026-06-10 20:52:12
TXN004803,CUST0905,44737.38,Food,2026-05-10,0,HIGH,2026-06-10 20:52:12
TXN004804,CUST0300,47566.12,Travel,2026-03-30,0,HIGH,2026-06-10 20:52:12
TXN004805,CUST0635,35505.48,Healthcare,2026-01-09,0,HIGH,2026-06-10 20:52:12
TXN004806,CUST0931,16748.36,Healthcare,2026-03-02,0,HIGH,2026-06-10 20:52:12
TXN004807,CUST0927,35385.26,Shopping,2026-05-25,1,HIGH,2026-06-10 20:52:12
TXN004808,CUST0380,2187.46,Food,2026-04-05,0,LOW,2026-06-10 20:52:12
TXN004809,CUST0146,6144.82,Healthcare,2026-01-22,1,MEDIUM,2026-06-10 20:52:12
TXN004810,CUST0239,23336.0,Shopping,2026-04-22,0,HIGH,2026-06-10 20:52:12
TXN004811,CUST0907,11432.24,Shopping,2026-05-20,0,HIGH,2026-06-10 20:52:12
TXN004812,CUST0805,36993.47,Food,2026-05-08,0,HIGH,2026-06-10 20:52:12
TXN004813,CUST0023,29210.23,Travel,2026-02-10,0,HIGH,2026-06-10 20:52:12
TXN004814,CUST0549,21665.27,Food,2026-05-20,0,HIGH,2026-06-10 20:52:12
TXN004815,CUST0558,19668.5,Shopping,2026-01-14,0,HIGH,2026-06-10 20:52:12
TXN004816,CUST0599,24475.71,Shopping,2026-05-26,0,HIGH,2026-06-10 20:52:12
TXN004817,CUST0616,46029.07,Healthcare,2026-01-09,0,HIGH,2026-06-10 20:52:12
TXN004818,CUST0421,25678.33,Food,2026-03-25,0,HIGH,2026-06-10 20:52:12
TXN004819,CUST0820,47451.2,Travel,2026-04-07,0,HIGH,2026-06-10 20:52:12
TXN004820,CUST0387,379.91,Shopping,2026-01-22,0,LOW,2026-06-10 20:52:12
TXN004821,CUST0411,35747.58,Travel,2026-02-15,0,HIGH,2026-06-10 20:52:12
TXN004822,CUST0217,21082.73,Food,2026-02-05,0,HIGH,2026-06-10 20:52:12
TXN004823,CUST0881,8892.37,Food,2026-04-02,1,MEDIUM,2026-06-10 20:52:12
TXN004824,CUST0779,40055.54,Food,2026-05-16,0,HIGH,2026-06-10 20:52:12
TXN004825,CUST0482,35314.82,Shopping,2026-03-01,0,HIGH,2026-06-10 20:52:12
TXN004826,CUST0780,24074.07,Healthcare,2026-02-25,0,HIGH,2026-06-10 20:52:12
TXN004827,CUST0977,11878.57,Healthcare,2026-06-03,0,HIGH,2026-06-10 20:52:12
TXN004828,CUST0679,44622.16,Travel,2026-01-25,1,HIGH,2026-06-10 20:52:12
TXN004829,CUST0227,34636.39,Shopping,2026-02-24,0,HIGH,2026-06-10 20:52:12
TXN004830,CUST0067,26018.62,Food,2026-02-19,0,HIGH,2026-06-10 20:52:12
TXN004831,CUST0208,18065.77,Travel,2026-01-04,0,HIGH,2026-06-10 20:52:12
TXN004832,CUST0815,49099.37,Travel,2026-05-27,0,HIGH,2026-06-10 20:52:12
TXN004833,CUST0383,6132.91,Shopping,2026-02-18,0,MEDIUM,2026-06-10 20:52:12
TXN004834,CUST0984,14212.64,Healthcare,2026-05-20,0,HIGH,2026-06-10 20:52:12
TXN004835,CUST0962,26518.67,Food,2026-02-25,0,HIGH,2026-06-10 20:52:12
TXN004836,CUST0647,15126.3,Healthcare,2026-04-03,0,HIGH,2026-06-10 20:52:12
TXN004837,CUST0650,28183.57,Travel,2026-03-25,0,HIGH,2026-06-10 20:52:12
TXN004838,CUST0897,9175.32,Food,2026-03-28,0,MEDIUM,2026-06-10 20:52:12
TXN004839,CUST0285,23757.55,Healthcare,2026-03-03,0,HIGH,2026-06-10 20:52:12
TXN004840,CUST0079,7928.89,Healthcare,2026-02-20,0,MEDIUM,2026-06-10 20:52:12
TXN004841,CUST0951,49467.54,Shopping,2026-05-13,0,HIGH,2026-06-10 20:52:12
TXN004842,CUST0862,47530.14,Food,2026-03-22,0,HIGH,2026-06-10 20:52:12
TXN004843,CUST0064,23637.27,Travel,2026-04-21,0,HIGH,2026-06-10 20:52:12
TXN004844,CUST0581,16.15,Travel,2026-03-12,0,LOW,2026-06-10 20:52:12
TXN004845,CUST0784,41159.39,Shopping,2026-05-25,0,HIGH,2026-06-10 20:52:12
TXN004846,CUST0293,33483.64,Food,2026-05-19,0,HIGH,2026-06-10 20:52:12
TXN004847,CUST0763,25327.09,Travel,2026-04-07,1,HIGH,2026-06-10 20:52:12
TXN004848,CUST0033,42504.6,Travel,2026-05-07,0,HIGH,2026-06-10 20:52:12
TXN004849,CUST0500,44010.55,Travel,2026-05-22,0,HIGH,2026-06-10 20:52:12
TXN004850,CUST0755,1705.83,Healthcare,2026-05-11,0,LOW,2026-06-10 20:52:12
TXN004851,CUST0748,40169.17,Food,2026-01-23,0,HIGH,2026-06-10 20:52:12
TXN004852,CUST0146,11648.83,Travel,2026-01-11,0,HIGH,2026-06-10 20:52:12
TXN004853,CUST0480,32881.66,Shopping,2026-03-04,0,HIGH,2026-06-10 20:52:12
TXN004854,CUST0254,33663.47,Travel,2026-02-16,0,HIGH,2026-06-10 20:52:12
TXN004855,CUST0440,17935.79,Healthcare,2026-03-10,0,HIGH,2026-06-10 20:52:12
TXN004856,CUST0649,32034.36,Shopping,2026-04-30,0,HIGH,2026-06-10 20:52:12
TXN004857,CUST0724,39862.04,Shopping,2026-05-22,0,HIGH,2026-06-10 20:52:12
TXN004858,CUST0967,35135.53,Healthcare,2026-03-07,0,HIGH,2026-06-10 20:52:12
TXN004859,CUST0712,29770.91,Shopping,2026-04-15,0,HIGH,2026-06-10 20:52:12
TXN004860,CUST0561,48363.13,Travel,2026-06-02,0,HIGH,2026-06-10 20:52:12
TXN004861,CUST0406,14313.69,Healthcare,2026-02-05,0,HIGH,2026-06-10 20:52:12
TXN004862,CUST0318,14590.77,Shopping,2026-01-21,0,HIGH,2026-06-10 20:52:12
TXN004863,CUST0518,18940.56,Shopping,2026-03-05,0,HIGH,2026-06-10 20:52:12
TXN004864,CUST0163,20521.45,Shopping,2026-01-01,0,HIGH,2026-06-10 20:52:12
TXN004865,CUST0283,30860.86,Food,2026-01-18,0,HIGH,2026-06-10 20:52:12
TXN004866,CUST0092,16491.11,Healthcare,2026-01-31,0,HIGH,2026-06-10 20:52:12
TXN004867,CUST0669,27806.43,Food,2026-02-07,1,HIGH,2026-06-10 20:52:12
TXN004868,CUST0553,34270.23,Food,2026-06-08,0,HIGH,2026-06-10 20:52:12
TXN004869,CUST0972,41448.47,Travel,2026-04-12,0,HIGH,2026-06-10 20:52:12
TXN004870,CUST0046,18674.22,Travel,2026-03-17,0,HIGH,2026-06-10 20:52:12
TXN004871,CUST0634,12333.79,Food,2026-05-11,0,HIGH,2026-06-10 20:52:12
TXN004872,CUST0686,1809.02,Food,2026-02-08,0,LOW,2026-06-10 20:52:12
TXN004873,CUST0708,21435.94,Travel,2026-06-06,0,HIGH,2026-06-10 20:52:12
TXN004874,CUST0806,42076.04,Travel,2026-04-13,0,HIGH,2026-06-10 20:52:12
TXN004875,CUST0721,11415.74,Shopping,2026-03-18,0,HIGH,2026-06-10 20:52:12
TXN004876,CUST0201,36894.21,Healthcare,2026-03-30,0,HIGH,2026-06-10 20:52:12
TXN004877,CUST0063,46206.03,Healthcare,2026-02-02,0,HIGH,2026-06-10 20:52:12
TXN004878,CUST0061,2332.56,Travel,2026-01-18,1,LOW,2026-06-10 20:52:12
TXN004879,CUST0406,41154.58,Shopping,2026-02-26,0,HIGH,2026-06-10 20:52:12
TXN004880,CUST0712,44035.07,Shopping,2026-01-06,0,HIGH,2026-06-10 20:52:12
TXN004881,CUST0108,44864.09,Food,2026-05-25,0,HIGH,2026-06-10 20:52:12
TXN004882,CUST0319,33490.91,Healthcare,2026-04-07,0,HIGH,2026-06-10 20:52:12
TXN004883,CUST0752,27465.48,Food,2026-02-12,0,HIGH,2026-06-10 20:52:12
TXN004884,CUST0851,41265.65,Travel,2026-04-14,0,HIGH,2026-06-10 20:52:12
TXN004885,CUST0210,34386.59,Travel,2026-05-14,0,HIGH,2026-06-10 20:52:12
TXN004886,CUST0341,9455.45,Healthcare,2026-01-16,0,MEDIUM,2026-06-10 20:52:12
TXN004887,CUST0517,8851.24,Travel,2026-04-14,0,MEDIUM,2026-06-10 20:52:12
TXN004888,CUST0462,44848.44,Food,2026-02-09,0,HIGH,2026-06-10 20:52:12
TXN004889,CUST0227,6342.91,Travel,2026-02-08,0,MEDIUM,2026-06-10 20:52:12
TXN004890,CUST0232,8704.48,Food,2026-02-09,0,MEDIUM,2026-06-10 20:52:12
TXN004891,CUST0701,44758.97,Travel,2026-01-17,0,HIGH,2026-06-10 20:52:12
TXN004892,CUST0698,16222.07,Healthcare,2026-02-08,0,HIGH,2026-06-10 20:52:12
TXN004893,CUST0422,24144.89,Healthcare,2026-02-11,0,HIGH,2026-06-10 20:52:12
TXN004894,CUST0798,34217.84,Healthcare,2026-05-05,0,HIGH,2026-06-10 20:52:12
TXN004895,CUST0692,6515.25,Travel,2026-01-20,0,MEDIUM,2026-06-10 20:52:12
TXN004896,CUST0864,42108.48,Travel,2026-04-21,1,HIGH,2026-06-10 20:52:12
TXN004897,CUST0474,15422.62,Food,2026-05-12,0,HIGH,2026-06-10 20:52:12
TXN004898,CUST0872,40052.29,Food,2026-04-12,0,HIGH,2026-06-10 20:52:12
TXN004899,CUST0426,10749.15,Travel,2026-04-27,0,HIGH,2026-06-10 20:52:12
TXN004900,CUST0271,4222.63,Travel,2026-05-25,0,LOW,2026-06-10 20:52:12
TXN004901,CUST0520,41818.79,Shopping,2026-01-03,0,HIGH,2026-06-10 20:52:12
TXN004902,CUST0362,27867.1,Shopping,2026-04-10,0,HIGH,2026-06-10 20:52:12
TXN004903,CUST0260,1031.28,Food,2026-06-09,0,LOW,2026-06-10 20:52:12
TXN004904,CUST0987,10912.18,Food,2026-01-11,0,HIGH,2026-06-10 20:52:12
TXN004905,CUST0188,38354.57,Food,2026-03-18,0,HIGH,2026-06-10 20:52:12
TXN004906,CUST0156,18048.68,Healthcare,2026-03-03,0,HIGH,2026-06-10 20:52:12
TXN004907,CUST0162,46303.12,Healthcare,2026-02-27,0,HIGH,2026-06-10 20:52:12
TXN004908,CUST0887,14383.22,Travel,2026-05-04,0,HIGH,2026-06-10 20:52:12
TXN004909,CUST0391,25038.56,Shopping,2026-02-02,0,HIGH,2026-06-10 20:52:12
TXN004910,CUST0157,24685.38,Shopping,2026-02-23,1,HIGH,2026-06-10 20:52:12
TXN004911,CUST0535,25134.21,Travel,2026-03-26,0,HIGH,2026-06-10 20:52:12
TXN004912,CUST0120,38789.76,Food,2026-05-17,0,HIGH,2026-06-10 20:52:12
TXN004913,CUST0412,21496.29,Travel,2026-05-10,0,HIGH,2026-06-10 20:52:12
TXN004914,CUST0290,10930.63,Food,2026-04-05,0,HIGH,2026-06-10 20:52:12
TXN004915,CUST0547,45891.42,Food,2026-04-02,0,HIGH,2026-06-10 20:52:12
TXN004916,CUST0456,10045.08,Shopping,2026-02-09,0,HIGH,2026-06-10 20:52:12
TXN004917,CUST0129,45527.36,Healthcare,2026-02-24,0,HIGH,2026-06-10 20:52:12
TXN004918,CUST0673,37470.81,Shopping,2026-05-29,0,HIGH,2026-06-10 20:52:12
TXN004919,CUST0888,27369.79,Travel,2026-04-19,0,HIGH,2026-06-10 20:52:12
TXN004920,CUST0002,31650.86,Shopping,2026-02-16,0,HIGH,2026-06-10 20:52:12
TXN004921,CUST0422,30814.85,Healthcare,2026-03-29,0,HIGH,2026-06-10 20:52:12
TXN004922,CUST0030,45010.86,Food,2026-04-27,0,HIGH,2026-06-10 20:52:12
TXN004923,CUST0010,5628.46,Travel,2026-02-21,0,MEDIUM,2026-06-10 20:52:12
TXN004924,CUST0898,45213.21,Shopping,2026-02-11,0,HIGH,2026-06-10 20:52:12
TXN004925,CUST0075,40747.17,Food,2026-04-26,0,HIGH,2026-06-10 20:52:12
TXN004926,CUST0165,20869.32,Food,2026-03-14,0,HIGH,2026-06-10 20:52:12
TXN004927,CUST0380,33437.56,Healthcare,2026-04-27,1,HIGH,2026-06-10 20:52:12
TXN004928,CUST0876,36607.29,Healthcare,2026-04-06,0,HIGH,2026-06-10 20:52:12
TXN004929,CUST0900,6704.02,Shopping,2026-05-31,0,MEDIUM,2026-06-10 20:52:12
TXN004930,CUST0910,4638.55,Healthcare,2026-05-08,0,LOW,2026-06-10 20:52:12
TXN004931,CUST0340,8108.82,Food,2026-02-25,0,MEDIUM,2026-06-10 20:52:12
TXN004932,CUST0050,1149.76,Travel,2026-03-12,0,LOW,2026-06-10 20:52:12
TXN004933,CUST0713,4401.14,Shopping,2026-02-04,0,LOW,2026-06-10 20:52:12
TXN004934,CUST0418,12790.65,Shopping,2026-04-16,0,HIGH,2026-06-10 20:52:12
TXN004935,CUST0868,2261.11,Food,2026-01-23,0,LOW,2026-06-10 20:52:12
TXN004936,CUST0491,37753.69,Healthcare,2026-04-20,0,HIGH,2026-06-10 20:52:12
TXN004937,CUST0253,7204.04,Food,2026-01-02,0,MEDIUM,2026-06-10 20:52:12
TXN004938,CUST0621,598.13,Healthcare,2026-01-09,0,LOW,2026-06-10 20:52:12
TXN004939,CUST0252,31239.37,Shopping,2026-05-06,0,HIGH,2026-06-10 20:52:12
TXN004940,CUST0201,20694.86,Food,2026-03-05,0,HIGH,2026-06-10 20:52:12
TXN004941,CUST0590,20908.19,Food,2026-03-15,0,HIGH,2026-06-10 20:52:12
TXN004942,CUST0203,44034.65,Healthcare,2026-03-27,0,HIGH,2026-06-10 20:52:12
TXN004943,CUST0007,17433.94,Shopping,2026-03-12,0,HIGH,2026-06-10 20:52:12
TXN004944,CUST0795,22785.28,Healthcare,2026-02-10,0,HIGH,2026-06-10 20:52:12
TXN004945,CUST0319,46683.99,Healthcare,2026-04-30,0,HIGH,2026-06-10 20:52:12
TXN004946,CUST0355,29724.16,Shopping,2026-04-18,0,HIGH,2026-06-10 20:52:12
TXN004947,CUST0454,49996.6,Food,2026-06-09,1,HIGH,2026-06-10 20:52:12
TXN004948,CUST0981,49574.24,Healthcare,2026-05-22,0,HIGH,2026-06-10 20:52:12
TXN004949,CUST0738,40796.95,Food,2026-04-02,0,HIGH,2026-06-10 20:52:12
TXN004950,CUST0720,5190.52,Food,2026-03-08,0,MEDIUM,2026-06-10 20:52:12
TXN004951,CUST0099,30632.97,Travel,2026-04-26,0,HIGH,2026-06-10 20:52:12
TXN004952,CUST0891,13510.73,Travel,2026-02-28,0,HIGH,2026-06-10 20:52:12
TXN004953,CUST0298,34234.72,Shopping,2026-01-30,0,HIGH,2026-06-10 20:52:12
TXN004954,CUST0963,49145.1,Healthcare,2026-01-21,0,HIGH,2026-06-10 20:52:12
TXN004955,CUST0581,25822.64,Food,2026-05-08,0,HIGH,2026-06-10 20:52:12
TXN004956,CUST0914,4460.0,Food,2026-03-23,0,LOW,2026-06-10 20:52:12
TXN004957,CUST0476,4097.16,Shopping,2026-04-03,0,LOW,2026-06-10 20:52:12
TXN004958,CUST0009,4629.34,Healthcare,2026-02-24,0,LOW,2026-06-10 20:52:12
TXN004959,CUST0840,16720.65,Healthcare,2026-01-08,0,HIGH,2026-06-10 20:52:12
TXN004960,CUST0631,24059.29,Shopping,2026-05-27,0,HIGH,2026-06-10 20:52:12
TXN004961,CUST0205,19734.29,Food,2026-02-05,0,HIGH,2026-06-10 20:52:12
TXN004962,CUST0161,42014.84,Shopping,2026-02-03,1,HIGH,2026-06-10 20:52:12
TXN004963,CUST0341,14099.4,Food,2026-01-27,0,HIGH,2026-06-10 20:52:12
TXN004964,CUST0757,3795.02,Shopping,2026-05-28,0,LOW,2026-06-10 20:52:12
TXN004965,CUST0377,38783.25,Shopping,2026-03-26,0,HIGH,2026-06-10 20:52:12
TXN004966,CUST0067,23203.45,Food,2026-05-21,0,HIGH,2026-06-10 20:52:12
TXN004967,CUST0635,49003.4,Travel,2026-04-13,1,HIGH,2026-06-10 20:52:12
TXN004968,CUST0067,3022.05,Shopping,2026-01-07,0,LOW,2026-06-10 20:52:12
TXN004969,CUST0097,25495.45,Healthcare,2026-04-22,0,HIGH,2026-06-10 20:52:12
TXN004970,CUST0942,31568.77,Food,2026-04-02,0,HIGH,2026-06-10 20:52:12
TXN004971,CUST0372,3928.78,Shopping,2026-01-10,0,LOW,2026-06-10 20:52:12
TXN004972,CUST0338,7779.62,Healthcare,2026-02-18,0,MEDIUM,2026-06-10 20:52:12
TXN004973,CUST0178,17592.28,Shopping,2026-04-29,0,HIGH,2026-06-10 20:52:12
TXN004974,CUST0245,31091.53,Travel,2026-05-08,0,HIGH,2026-06-10 20:52:12
TXN004975,CUST0605,23218.97,Healthcare,2026-02-19,0,HIGH,2026-06-10 20:52:12
TXN004976,CUST0397,35334.28,Shopping,2026-04-06,0,HIGH,2026-06-10 20:52:12
TXN004977,CUST0977,46228.45,Food,2026-03-27,0,HIGH,2026-06-10 20:52:12
TXN004978,CUST0229,48348.45,Shopping,2026-01-31,0,HIGH,2026-06-10 20:52:12
TXN004979,CUST0114,5730.62,Healthcare,2026-01-27,0,MEDIUM,2026-06-10 20:52:12
TXN004980,CUST0203,30064.06,Shopping,2026-01-11,0,HIGH,2026-06-10 20:52:12
TXN004981,CUST0002,42998.67,Healthcare,2026-02-12,0,HIGH,2026-06-10 20:52:12
TXN004982,CUST0404,29530.46,Healthcare,2026-02-12,0,HIGH,2026-06-10 20:52:12
TXN004983,CUST0430,14197.41,Shopping,2026-06-03,0,HIGH,2026-06-10 20:52:12
TXN004984,CUST0660,12819.41,Travel,2026-03-20,0,HIGH,2026-06-10 20:52:12
TXN004985,CUST0045,44148.52,Shopping,2026-03-05,0,HIGH,2026-06-10 20:52:12
TXN004986,CUST0991,38803.99,Travel,2026-03-11,0,HIGH,2026-06-10 20:52:12
TXN004987,CUST0617,9313.05,Healthcare,2026-05-03,0,MEDIUM,2026-06-10 20:52:12
TXN004988,CUST0977,3712.38,Healthcare,2026-05-28,0,LOW,2026-06-10 20:52:12
TXN004989,CUST0467,45292.51,Healthcare,2026-04-03,0,HIGH,2026-06-10 20:52:12
TXN004990,CUST0976,1484.92,Food,2026-05-26,0,LOW,2026-06-10 20:52:12
TXN004991,CUST0734,41900.37,Travel,2026-01-14,0,HIGH,2026-06-10 20:52:12
TXN004992,CUST0485,9413.89,Shopping,2026-05-10,0,MEDIUM,2026-06-10 20:52:12
TXN004993,CUST0450,25976.14,Shopping,2026-01-10,0,HIGH,2026-06-10 20:52:12
TXN004994,CUST0807,47512.76,Shopping,2026-01-09,0,HIGH,2026-06-10 20:52:12
TXN004995,CUST0518,24720.9,Shopping,2026-02-27,0,HIGH,2026-06-10 20:52:12
TXN004996,CUST0835,37419.49,Food,2026-05-04,0,HIGH,2026-06-10 20:52:12
TXN004997,CUST0388,25929.72,Shopping,2026-03-06,0,HIGH,2026-06-10 20:52:12
TXN004998,CUST0334,49671.1,Healthcare,2026-05-02,0,HIGH,2026-06-10 20:52:12
TXN004999,CUST0269,34853.65,Shopping,2026-03-14,0,HIGH,2026-06-10 20:52:12
TXN005000,CUST0475,7032.38,Food,2026-02-15,1,MEDIUM,2026-06-10 20:52:12
TXN005001,CUST0101,5970.25,Healthcare,2026-01-02,0,MEDIUM,2026-06-10 20:52:12
TXN005002,CUST0742,33625.72,Shopping,2026-02-19,0,HIGH,2026-06-10 20:52:12
TXN005003,CUST0832,17237.41,Shopping,2026-02-13,1,HIGH,2026-06-10 20:52:12
TXN005004,CUST0710,45480.46,Travel,2026-05-11,0,HIGH,2026-06-10 20:52:12
TXN005005,CUST0127,15249.69,Healthcare,2026-03-01,0,HIGH,2026-06-10 20:52:12
TXN005006,CUST0107,24947.09,Shopping,2026-05-15,0,HIGH,2026-06-10 20:52:12
TXN005007,CUST0709,9077.33,Travel,2026-01-23,0,MEDIUM,2026-06-10 20:52:12
TXN005008,CUST0014,713.13,Healthcare,2026-01-25,0,LOW,2026-06-10 20:52:12
TXN005009,CUST0062,11318.52,Travel,2026-05-14,0,HIGH,2026-06-10 20:52:12
TXN005010,CUST0758,27124.09,Shopping,2026-04-24,0,HIGH,2026-06-10 20:52:12
TXN005011,CUST0631,356.47,Food,2026-04-16,0,LOW,2026-06-10 20:52:12
TXN005012,CUST0387,23788.39,Travel,2026-04-02,0,HIGH,2026-06-10 20:52:12
TXN005013,CUST0917,17740.09,Shopping,2026-04-18,0,HIGH,2026-06-10 20:52:12
TXN005014,CUST0867,26478.69,Healthcare,2026-01-07,0,HIGH,2026-06-10 20:52:12
TXN005015,CUST0940,16482.99,Healthcare,2026-02-25,0,HIGH,2026-06-10 20:52:12
TXN005016,CUST0345,25514.02,Healthcare,2026-05-28,0,HIGH,2026-06-10 20:52:12
TXN005017,CUST0854,13514.89,Healthcare,2026-02-27,0,HIGH,2026-06-10 20:52:12
TXN005018,CUST0755,14285.4,Shopping,2026-05-10,0,HIGH,2026-06-10 20:52:12
TXN005019,CUST0366,9259.42,Travel,2026-05-11,0,MEDIUM,2026-06-10 20:52:12
TXN005020,CUST0425,13336.43,Food,2026-01-05,0,HIGH,2026-06-10 20:52:12
TXN005021,CUST0765,36641.89,Travel,2026-02-15,0,HIGH,2026-06-10 20:52:12
TXN005022,CUST0319,41265.18,Healthcare,2026-01-30,0,HIGH,2026-06-10 20:52:12
TXN005023,CUST0615,43603.89,Food,2026-03-11,0,HIGH,2026-06-10 20:52:12
TXN005024,CUST0418,48594.46,Healthcare,2026-01-06,0,HIGH,2026-06-10 20:52:12
TXN005025,CUST0769,18716.77,Shopping,2026-01-22,0,HIGH,2026-06-10 20:52:12
TXN005026,CUST0494,9363.51,Healthcare,2026-03-05,0,MEDIUM,2026-06-10 20:52:12
TXN005027,CUST0573,44242.26,Healthcare,2026-04-25,0,HIGH,2026-06-10 20:52:12
TXN005028,CUST0644,24129.29,Shopping,2026-01-28,0,HIGH,2026-06-10 20:52:12
TXN005029,CUST0978,8568.33,Healthcare,2026-02-16,0,MEDIUM,2026-06-10 20:52:12
TXN005030,CUST0830,12322.56,Healthcare,2026-04-28,0,HIGH,2026-06-10 20:52:12
TXN005031,CUST0128,25913.35,Healthcare,2026-01-12,0,HIGH,2026-06-10 20:52:12
TXN005032,CUST0365,16527.03,Healthcare,2026-02-05,0,HIGH,2026-06-10 20:52:12
TXN005033,CUST0254,27767.29,Travel,2026-06-04,0,HIGH,2026-06-10 20:52:12
TXN005034,CUST0207,36321.34,Healthcare,2026-03-10,0,HIGH,2026-06-10 20:52:12
TXN005035,CUST0890,17629.73,Travel,2026-05-14,0,HIGH,2026-06-10 20:52:12
TXN005036,CUST0754,37963.17,Shopping,2026-03-02,0,HIGH,2026-06-10 20:52:12
TXN005037,CUST0552,33419.16,Travel,2026-06-03,0,HIGH,2026-06-10 20:52:12
TXN005038,CUST0803,31536.77,Shopping,2026-05-23,0,HIGH,2026-06-10 20:52:12
TXN005039,CUST0039,44220.12,Shopping,2026-02-08,0,HIGH,2026-06-10 20:52:12
TXN005040,CUST0435,8315.25,Shopping,2026-01-15,0,MEDIUM,2026-06-10 20:52:12
TXN005041,CUST0502,49584.26,Food,2026-06-01,0,HIGH,2026-06-10 20:52:12
TXN005042,CUST0668,44480.07,Healthcare,2026-04-22,0,HIGH,2026-06-10 20:52:12
TXN005043,CUST0932,38085.08,Travel,2026-02-12,0,HIGH,2026-06-10 20:52:12
TXN005044,CUST0267,43209.5,Travel,2026-01-16,1,HIGH,2026-06-10 20:52:12
TXN005045,CUST0291,10867.17,Healthcare,2026-01-26,0,HIGH,2026-06-10 20:52:12
TXN005046,CUST0643,28467.71,Healthcare,2026-03-04,0,HIGH,2026-06-10 20:52:12
TXN005047,CUST0179,17503.56,Healthcare,2026-03-19,0,HIGH,2026-06-10 20:52:12
TXN005048,CUST0573,34528.17,Healthcare,2026-02-08,0,HIGH,2026-06-10 20:52:12
TXN005049,CUST0677,33838.33,Healthcare,2026-03-02,0,HIGH,2026-06-10 20:52:12
TXN005050,CUST0519,14427.95,Food,2026-05-22,0,HIGH,2026-06-10 20:52:12
TXN005051,CUST0151,41854.4,Food,2026-01-22,0,HIGH,2026-06-10 20:52:12
TXN005052,CUST0844,540.55,Food,2026-02-07,0,LOW,2026-06-10 20:52:12
TXN005053,CUST0356,8294.74,Shopping,2026-05-12,0,MEDIUM,2026-06-10 20:52:12
TXN005054,CUST0785,31720.28,Travel,2026-05-19,0,HIGH,2026-06-10 20:52:12
TXN005055,CUST0695,15489.69,Food,2026-01-30,0,HIGH,2026-06-10 20:52:12
TXN005056,CUST0566,49691.4,Food,2026-01-03,0,HIGH,2026-06-10 20:52:12
TXN005057,CUST0360,14499.74,Food,2026-01-18,0,HIGH,2026-06-10 20:52:12
TXN005058,CUST0480,19501.39,Food,2026-02-14,0,HIGH,2026-06-10 20:52:12
TXN005059,CUST0947,22447.44,Healthcare,2026-01-27,0,HIGH,2026-06-10 20:52:12
TXN005060,CUST0036,23629.05,Food,2026-02-11,0,HIGH,2026-06-10 20:52:12
TXN005061,CUST0906,29664.86,Food,2026-05-14,0,HIGH,2026-06-10 20:52:12
TXN005062,CUST0373,30333.84,Food,2026-06-07,0,HIGH,2026-06-10 20:52:12
TXN005063,CUST0893,17376.7,Shopping,2026-02-17,0,HIGH,2026-06-10 20:52:12
TXN005064,CUST0701,20360.03,Food,2026-01-20,0,HIGH,2026-06-10 20:52:12
TXN005065,CUST0844,2163.48,Food,2026-03-14,0,LOW,2026-06-10 20:52:12
TXN005066,CUST0177,27909.19,Food,2026-01-07,0,HIGH,2026-06-10 20:52:12
TXN005067,CUST0935,30172.87,Food,2026-05-10,0,HIGH,2026-06-10 20:52:12
TXN005068,CUST0575,31614.69,Food,2026-05-10,0,HIGH,2026-06-10 20:52:12
TXN005069,CUST0023,950.15,Travel,2026-01-21,0,LOW,2026-06-10 20:52:12
TXN005070,CUST0539,20012.51,Travel,2026-02-04,0,HIGH,2026-06-10 20:52:12
TXN005071,CUST0051,11533.24,Healthcare,2026-05-27,0,HIGH,2026-06-10 20:52:12
TXN005072,CUST0742,24221.23,Healthcare,2026-03-20,0,HIGH,2026-06-10 20:52:12
TXN005073,CUST0910,31507.57,Food,2026-05-24,0,HIGH,2026-06-10 20:52:12
TXN005074,CUST0055,18694.43,Healthcare,2026-02-14,0,HIGH,2026-06-10 20:52:12
TXN005075,CUST0303,18675.7,Shopping,2026-01-31,0,HIGH,2026-06-10 20:52:12
TXN005076,CUST0430,24240.27,Travel,2026-05-13,0,HIGH,2026-06-10 20:52:12
TXN005077,CUST0527,643.76,Shopping,2026-06-03,0,LOW,2026-06-10 20:52:12
TXN005078,CUST0649,29167.91,Travel,2026-05-08,0,HIGH,2026-06-10 20:52:12
TXN005079,CUST0128,5190.99,Healthcare,2026-05-27,1,MEDIUM,2026-06-10 20:52:12
TXN005080,CUST0731,36745.4,Healthcare,2026-02-20,0,HIGH,2026-06-10 20:52:12
TXN005081,CUST0796,23874.6,Healthcare,2026-03-12,0,HIGH,2026-06-10 20:52:12
TXN005082,CUST0386,29036.79,Healthcare,2026-01-07,0,HIGH,2026-06-10 20:52:12
TXN005083,CUST0856,28299.51,Travel,2026-04-02,0,HIGH,2026-06-10 20:52:12
TXN005084,CUST0735,8328.9,Shopping,2026-01-11,0,MEDIUM,2026-06-10 20:52:12
TXN005085,CUST0680,5387.54,Healthcare,2026-03-31,0,MEDIUM,2026-06-10 20:52:12
TXN005086,CUST0671,38905.79,Food,2026-01-06,0,HIGH,2026-06-10 20:52:12
TXN005087,CUST0982,40795.34,Travel,2026-05-13,0,HIGH,2026-06-10 20:52:12
TXN005088,CUST0056,20966.18,Travel,2026-03-10,0,HIGH,2026-06-10 20:52:12
TXN005089,CUST0117,26540.68,Travel,2026-04-12,0,HIGH,2026-06-10 20:52:12
TXN005090,CUST0633,9183.6,Travel,2026-03-29,0,MEDIUM,2026-06-10 20:52:12
TXN005091,CUST0863,31116.41,Shopping,2026-01-12,0,HIGH,2026-06-10 20:52:12
TXN005092,CUST0739,28855.06,Travel,2026-01-17,0,HIGH,2026-06-10 20:52:12
TXN005093,CUST0716,42430.33,Food,2026-05-08,0,HIGH,2026-06-10 20:52:12
TXN005094,CUST0968,18913.57,Food,2026-05-06,0,HIGH,2026-06-10 20:52:12
TXN005095,CUST0985,43115.77,Shopping,2026-01-29,0,HIGH,2026-06-10 20:52:12
TXN005096,CUST0830,10328.42,Travel,2026-01-02,0,HIGH,2026-06-10 20:52:12
TXN005097,CUST0335,27968.67,Food,2026-02-04,0,HIGH,2026-06-10 20:52:12
TXN005098,CUST0962,42743.25,Shopping,2026-01-01,0,HIGH,2026-06-10 20:52:12
TXN005099,CUST0240,31438.61,Shopping,2026-02-10,0,HIGH,2026-06-10 20:52:12
TXN005100,CUST0281,26750.07,Shopping,2026-05-07,0,HIGH,2026-06-10 20:52:12
TXN005101,CUST0084,6235.12,Food,2026-05-01,0,MEDIUM,2026-06-10 20:52:12
TXN005102,CUST0957,32410.58,Healthcare,2026-02-25,0,HIGH,2026-06-10 20:52:12
TXN005103,CUST0108,36328.23,Healthcare,2026-01-20,0,HIGH,2026-06-10 20:52:12
TXN005104,CUST0791,1845.74,Food,2026-04-01,0,LOW,2026-06-10 20:52:12
TXN005105,CUST0844,46782.12,Healthcare,2026-03-20,0,HIGH,2026-06-10 20:52:12
TXN005106,CUST0181,40154.3,Travel,2026-04-19,0,HIGH,2026-06-10 20:52:12
TXN005107,CUST0642,13142.91,Food,2026-05-21,0,HIGH,2026-06-10 20:52:12
TXN005108,CUST0476,38699.26,Food,2026-05-05,0,HIGH,2026-06-10 20:52:12
TXN005109,CUST0165,26620.06,Travel,2026-04-07,0,HIGH,2026-06-10 20:52:12
TXN005110,CUST0297,7304.65,Healthcare,2026-01-12,0,MEDIUM,2026-06-10 20:52:12
TXN005111,CUST0224,13982.0,Travel,2026-02-18,0,HIGH,2026-06-10 20:52:12
TXN005112,CUST0673,19027.52,Shopping,2026-05-05,0,HIGH,2026-06-10 20:52:12
TXN005113,CUST0090,48801.54,Shopping,2026-04-26,0,HIGH,2026-06-10 20:52:12
TXN005114,CUST0151,8378.35,Food,2026-02-18,0,MEDIUM,2026-06-10 20:52:12
TXN005115,CUST0483,38934.97,Travel,2026-04-20,0,HIGH,2026-06-10 20:52:12
TXN005116,CUST0647,46903.37,Healthcare,2026-03-23,0,HIGH,2026-06-10 20:52:12
TXN005117,CUST0530,16976.33,Travel,2026-05-16,0,HIGH,2026-06-10 20:52:12
TXN005118,CUST0521,25127.35,Healthcare,2026-04-02,0,HIGH,2026-06-10 20:52:12
TXN005119,CUST0659,45460.14,Healthcare,2026-01-20,0,HIGH,2026-06-10 20:52:12
TXN005120,CUST0276,32483.5,Food,2026-01-11,0,HIGH,2026-06-10 20:52:12
TXN005121,CUST0536,13626.01,Healthcare,2026-05-02,0,HIGH,2026-06-10 20:52:12
TXN005122,CUST0473,16268.15,Healthcare,2026-01-01,0,HIGH,2026-06-10 20:52:12
TXN005123,CUST0156,47354.44,Healthcare,2026-04-20,0,HIGH,2026-06-10 20:52:12
TXN005124,CUST0527,48130.92,Food,2026-05-22,0,HIGH,2026-06-10 20:52:12
TXN005125,CUST0801,7738.55,Travel,2026-01-23,0,MEDIUM,2026-06-10 20:52:12
TXN005126,CUST0590,33456.83,Travel,2026-01-04,0,HIGH,2026-06-10 20:52:12
TXN005127,CUST0038,39741.48,Food,2026-03-03,0,HIGH,2026-06-10 20:52:12
TXN005128,CUST0074,35345.16,Travel,2026-04-15,0,HIGH,2026-06-10 20:52:12
TXN005129,CUST0230,10993.97,Shopping,2026-04-02,0,HIGH,2026-06-10 20:52:12
TXN005130,CUST0595,8218.29,Food,2026-02-28,0,MEDIUM,2026-06-10 20:52:12
TXN005131,CUST0237,1608.17,Healthcare,2026-05-21,0,LOW,2026-06-10 20:52:12
TXN005132,CUST0689,31381.19,Healthcare,2026-01-13,0,HIGH,2026-06-10 20:52:12
TXN005133,CUST0205,41662.68,Healthcare,2026-04-20,0,HIGH,2026-06-10 20:52:12
TXN005134,CUST0788,49905.53,Travel,2026-02-07,0,HIGH,2026-06-10 20:52:12
TXN005135,CUST0681,10036.69,Food,2026-03-15,0,HIGH,2026-06-10 20:52:12
TXN005136,CUST0344,36349.69,Healthcare,2026-01-04,0,HIGH,2026-06-10 20:52:12
TXN005137,CUST0384,32742.16,Travel,2026-01-23,0,HIGH,2026-06-10 20:52:12
TXN005138,CUST0693,44655.5,Food,2026-02-24,0,HIGH,2026-06-10 20:52:12
TXN005139,CUST0893,48103.97,Healthcare,2026-02-07,0,HIGH,2026-06-10 20:52:12
TXN005140,CUST0995,6241.28,Food,2026-03-31,0,MEDIUM,2026-06-10 20:52:12
TXN005141,CUST0561,44466.43,Travel,2026-03-12,0,HIGH,2026-06-10 20:52:12
TXN005142,CUST0654,10095.3,Food,2026-02-08,0,HIGH,2026-06-10 20:52:12
TXN005143,CUST0807,36457.61,Travel,2026-02-26,0,HIGH,2026-06-10 20:52:12
TXN005144,CUST0195,43822.99,Healthcare,2026-04-01,0,HIGH,2026-06-10 20:52:12
TXN005145,CUST0548,15502.63,Food,2026-03-26,0,HIGH,2026-06-10 20:52:12
TXN005146,CUST0743,6965.45,Travel,2026-05-06,0,MEDIUM,2026-06-10 20:52:12
TXN005147,CUST0326,41291.88,Travel,2026-04-01,0,HIGH,2026-06-10 20:52:12
TXN005148,CUST0266,28896.09,Healthcare,2026-01-03,0,HIGH,2026-06-10 20:52:12
TXN005149,CUST0148,5969.59,Food,2026-02-17,0,MEDIUM,2026-06-10 20:52:12
TXN005150,CUST0533,15617.58,Healthcare,2026-04-22,0,HIGH,2026-06-10 20:52:12
TXN005151,CUST0845,5627.23,Food,2026-04-24,0,MEDIUM,2026-06-10 20:52:12
TXN005152,CUST0315,48069.13,Travel,2026-02-06,0,HIGH,2026-06-10 20:52:12
TXN005153,CUST0313,7803.42,Food,2026-06-09,0,MEDIUM,2026-06-10 20:52:12
TXN005154,CUST0306,43609.48,Travel,2026-04-22,0,HIGH,2026-06-10 20:52:12
TXN005155,CUST0250,43376.65,Shopping,2026-02-06,0,HIGH,2026-06-10 20:52:12
TXN005156,CUST0121,16408.07,Travel,2026-03-21,0,HIGH,2026-06-10 20:52:12
TXN005157,CUST0575,2308.72,Travel,2026-02-18,0,LOW,2026-06-10 20:52:12
TXN005158,CUST0105,29738.26,Healthcare,2026-04-24,0,HIGH,2026-06-10 20:52:12
TXN005159,CUST0348,36241.0,Travel,2026-06-04,0,HIGH,2026-06-10 20:52:12
TXN005160,CUST0027,39832.7,Food,2026-01-13,0,HIGH,2026-06-10 20:52:12
TXN005161,CUST0912,14423.61,Travel,2026-03-13,0,HIGH,2026-06-10 20:52:12
TXN005162,CUST0346,35706.24,Food,2026-02-13,0,HIGH,2026-06-10 20:52:12
TXN005163,CUST0666,36174.65,Food,2026-05-11,0,HIGH,2026-06-10 20:52:12
TXN005164,CUST0257,10162.46,Shopping,2026-05-10,0,HIGH,2026-06-10 20:52:12
TXN005165,CUST0315,29111.14,Travel,2026-03-18,0,HIGH,2026-06-10 20:52:12
TXN005166,CUST0128,37325.99,Shopping,2026-05-27,0,HIGH,2026-06-10 20:52:12
TXN005167,CUST0605,9768.76,Travel,2026-02-04,0,MEDIUM,2026-06-10 20:52:12
TXN005168,CUST0159,4964.14,Shopping,2026-03-18,0,LOW,2026-06-10 20:52:12
TXN005169,CUST0279,11172.63,Travel,2026-03-11,0,HIGH,2026-06-10 20:52:12
TXN005170,CUST0920,3375.51,Food,2026-04-28,0,LOW,2026-06-10 20:52:12
TXN005171,CUST0141,1789.91,Shopping,2026-04-21,0,LOW,2026-06-10 20:52:12
TXN005172,CUST0737,1029.82,Food,2026-01-11,0,LOW,2026-06-10 20:52:12
TXN005173,CUST0201,31449.39,Travel,2026-01-18,0,HIGH,2026-06-10 20:52:12
TXN005174,CUST0588,2936.67,Healthcare,2026-05-24,1,LOW,2026-06-10 20:52:12
TXN005175,CUST0119,21796.86,Shopping,2026-04-15,0,HIGH,2026-06-10 20:52:12
TXN005176,CUST0764,48414.49,Shopping,2026-05-31,0,HIGH,2026-06-10 20:52:12
TXN005177,CUST0143,22182.43,Shopping,2026-01-18,0,HIGH,2026-06-10 20:52:12
TXN005178,CUST0215,40617.28,Travel,2026-05-24,0,HIGH,2026-06-10 20:52:12
TXN005179,CUST0781,47338.15,Healthcare,2026-03-05,0,HIGH,2026-06-10 20:52:12
TXN005180,CUST0513,38035.48,Shopping,2026-03-01,0,HIGH,2026-06-10 20:52:12
TXN005181,CUST0803,28906.21,Shopping,2026-02-22,0,HIGH,2026-06-10 20:52:12
TXN005182,CUST0954,36788.62,Travel,2026-05-05,0,HIGH,2026-06-10 20:52:12
TXN005183,CUST0218,44424.02,Food,2026-03-23,0,HIGH,2026-06-10 20:52:12
TXN005184,CUST0113,19989.73,Healthcare,2026-01-02,1,HIGH,2026-06-10 20:52:12
TXN005185,CUST0613,46551.85,Healthcare,2026-02-22,0,HIGH,2026-06-10 20:52:12
TXN005186,CUST0379,19683.7,Shopping,2026-03-02,0,HIGH,2026-06-10 20:52:12
TXN005187,CUST0831,24839.48,Travel,2026-03-03,0,HIGH,2026-06-10 20:52:12
TXN005188,CUST0089,45672.23,Shopping,2026-05-22,0,HIGH,2026-06-10 20:52:12
TXN005189,CUST0030,31427.19,Travel,2026-04-08,0,HIGH,2026-06-10 20:52:12
TXN005190,CUST0898,35070.15,Food,2026-04-23,0,HIGH,2026-06-10 20:52:12
TXN005191,CUST0259,39472.59,Healthcare,2026-01-09,1,HIGH,2026-06-10 20:52:12
TXN005192,CUST0581,8925.89,Travel,2026-05-12,0,MEDIUM,2026-06-10 20:52:12
TXN005193,CUST0752,46210.87,Healthcare,2026-05-07,0,HIGH,2026-06-10 20:52:12
TXN005194,CUST0754,26853.65,Food,2026-04-26,0,HIGH,2026-06-10 20:52:12
TXN005195,CUST0474,14484.93,Food,2026-01-27,0,HIGH,2026-06-10 20:52:12
TXN005196,CUST0395,32174.11,Travel,2026-03-13,0,HIGH,2026-06-10 20:52:12
TXN005197,CUST0641,31869.34,Healthcare,2026-05-02,1,HIGH,2026-06-10 20:52:12
TXN005198,CUST0320,810.31,Shopping,2026-01-08,0,LOW,2026-06-10 20:52:12
TXN005199,CUST0089,40120.07,Food,2026-03-21,0,HIGH,2026-06-10 20:52:12
TXN005200,CUST0983,32026.47,Food,2026-01-23,0,HIGH,2026-06-10 20:52:12
TXN005201,CUST0235,30214.97,Travel,2026-05-06,0,HIGH,2026-06-10 20:52:12
TXN005202,CUST0770,49730.42,Healthcare,2026-05-14,0,HIGH,2026-06-10 20:52:12
TXN005203,CUST0084,44736.67,Food,2026-03-01,0,HIGH,2026-06-10 20:52:12
TXN005204,CUST0755,1250.16,Shopping,2026-05-12,0,LOW,2026-06-10 20:52:12
TXN005205,CUST0797,35128.37,Healthcare,2026-03-05,1,HIGH,2026-06-10 20:52:12
TXN005206,CUST0988,20781.05,Shopping,2026-02-15,0,HIGH,2026-06-10 20:52:12
TXN005207,CUST0565,32165.49,Travel,2026-04-07,0,HIGH,2026-06-10 20:52:12
TXN005208,CUST0085,11010.57,Shopping,2026-04-20,1,HIGH,2026-06-10 20:52:12
TXN005209,CUST0511,4762.54,Food,2026-05-01,1,LOW,2026-06-10 20:52:12
TXN005210,CUST0730,22232.99,Shopping,2026-04-25,0,HIGH,2026-06-10 20:52:12
TXN005211,CUST0090,43919.21,Healthcare,2026-05-03,0,HIGH,2026-06-10 20:52:12
TXN005212,CUST0580,8632.19,Shopping,2026-02-11,0,MEDIUM,2026-06-10 20:52:12
TXN005213,CUST0268,30045.9,Shopping,2026-04-16,0,HIGH,2026-06-10 20:52:12
TXN005214,CUST0151,24945.91,Healthcare,2026-03-16,0,HIGH,2026-06-10 20:52:12
TXN005215,CUST0011,41524.9,Healthcare,2026-02-04,0,HIGH,2026-06-10 20:52:12
TXN005216,CUST0962,36417.23,Travel,2026-03-08,0,HIGH,2026-06-10 20:52:12
TXN005217,CUST0196,16702.66,Healthcare,2026-04-26,0,HIGH,2026-06-10 20:52:12
TXN005218,CUST0213,19681.76,Shopping,2026-04-05,0,HIGH,2026-06-10 20:52:12
TXN005219,CUST0251,3239.45,Healthcare,2026-01-04,0,LOW,2026-06-10 20:52:12
TXN005220,CUST0182,986.42,Healthcare,2026-05-31,0,LOW,2026-06-10 20:52:12
TXN005221,CUST0836,42145.94,Travel,2026-02-14,0,HIGH,2026-06-10 20:52:12
TXN005222,CUST0004,12133.37,Travel,2026-01-20,0,HIGH,2026-06-10 20:52:12
TXN005223,CUST0411,40070.91,Shopping,2026-03-12,0,HIGH,2026-06-10 20:52:12
TXN005224,CUST0284,43426.54,Travel,2026-01-23,0,HIGH,2026-06-10 20:52:12
TXN005225,CUST0194,998.64,Healthcare,2026-04-19,0,LOW,2026-06-10 20:52:12
TXN005226,CUST0728,44194.73,Food,2026-04-29,0,HIGH,2026-06-10 20:52:12
TXN005227,CUST0539,17576.36,Food,2026-01-11,0,HIGH,2026-06-10 20:52:12
TXN005228,CUST0855,23203.14,Travel,2026-04-21,0,HIGH,2026-06-10 20:52:12
TXN005229,CUST0936,21099.84,Food,2026-01-21,0,HIGH,2026-06-10 20:52:12
TXN005230,CUST0867,15764.45,Food,2026-03-08,0,HIGH,2026-06-10 20:52:12
TXN005231,CUST0466,37068.79,Food,2026-01-15,0,HIGH,2026-06-10 20:52:12
TXN005232,CUST0310,4419.19,Healthcare,2026-03-11,0,LOW,2026-06-10 20:52:12
TXN005233,CUST1000,49278.59,Shopping,2026-06-09,0,HIGH,2026-06-10 20:52:12
TXN005234,CUST0776,43880.21,Shopping,2026-01-24,0,HIGH,2026-06-10 20:52:12
TXN005235,CUST0284,1499.01,Shopping,2026-01-12,0,LOW,2026-06-10 20:52:12
TXN005236,CUST0784,43636.08,Healthcare,2026-05-13,1,HIGH,2026-06-10 20:52:12
TXN005237,CUST0121,30499.21,Shopping,2026-03-17,0,HIGH,2026-06-10 20:52:12
TXN005238,CUST0448,42044.97,Food,2026-05-21,1,HIGH,2026-06-10 20:52:12
TXN005239,CUST0394,31014.34,Travel,2026-03-26,0,HIGH,2026-06-10 20:52:12
TXN005240,CUST0472,9861.7,Shopping,2026-04-22,0,MEDIUM,2026-06-10 20:52:12
TXN005241,CUST0494,49185.47,Travel,2026-03-30,0,HIGH,2026-06-10 20:52:12
TXN005242,CUST0284,38759.37,Travel,2026-03-29,0,HIGH,2026-06-10 20:52:12
TXN005243,CUST0628,48032.1,Shopping,2026-04-02,0,HIGH,2026-06-10 20:52:12
TXN005244,CUST0025,38468.97,Travel,2026-01-24,0,HIGH,2026-06-10 20:52:12
TXN005245,CUST0596,39612.2,Shopping,2026-06-01,0,HIGH,2026-06-10 20:52:12
TXN005246,CUST0383,41415.42,Healthcare,2026-02-23,0,HIGH,2026-06-10 20:52:12
TXN005247,CUST0910,12790.85,Shopping,2026-02-08,0,HIGH,2026-06-10 20:52:12
TXN005248,CUST0906,16539.31,Travel,2026-04-10,1,HIGH,2026-06-10 20:52:12
TXN005249,CUST0401,26074.93,Healthcare,2026-02-22,0,HIGH,2026-06-10 20:52:12
TXN005250,CUST0496,36918.98,Travel,2026-04-27,0,HIGH,2026-06-10 20:52:12
TXN005251,CUST0359,9746.93,Healthcare,2026-05-13,0,MEDIUM,2026-06-10 20:52:12
TXN005252,CUST0028,12429.87,Shopping,2026-03-15,0,HIGH,2026-06-10 20:52:12
TXN005253,CUST0775,28598.91,Shopping,2026-02-08,0,HIGH,2026-06-10 20:52:12
TXN005254,CUST0148,20910.69,Travel,2026-01-16,0,HIGH,2026-06-10 20:52:12
TXN005255,CUST0734,36152.42,Food,2026-01-12,0,HIGH,2026-06-10 20:52:12
TXN005256,CUST0549,48134.99,Healthcare,2026-05-03,0,HIGH,2026-06-10 20:52:12
TXN005257,CUST0025,43228.01,Travel,2026-01-16,0,HIGH,2026-06-10 20:52:12
TXN005258,CUST0785,47865.65,Healthcare,2026-01-14,0,HIGH,2026-06-10 20:52:12
TXN005259,CUST0381,20228.57,Travel,2026-01-19,0,HIGH,2026-06-10 20:52:12
TXN005260,CUST0477,29159.15,Healthcare,2026-05-15,0,HIGH,2026-06-10 20:52:12
TXN005261,CUST0078,15340.14,Healthcare,2026-01-01,0,HIGH,2026-06-10 20:52:12
TXN005262,CUST0506,14578.74,Food,2026-02-08,0,HIGH,2026-06-10 20:52:12
TXN005263,CUST0885,3237.34,Travel,2026-05-29,0,LOW,2026-06-10 20:52:12
TXN005264,CUST0824,7501.25,Food,2026-01-10,0,MEDIUM,2026-06-10 20:52:12
TXN005265,CUST0108,3598.25,Healthcare,2026-03-27,0,LOW,2026-06-10 20:52:12
TXN005266,CUST0937,41852.21,Shopping,2026-04-17,0,HIGH,2026-06-10 20:52:12
TXN005267,CUST0977,11714.93,Travel,2026-03-27,0,HIGH,2026-06-10 20:52:12
TXN005268,CUST0529,31358.08,Travel,2026-03-07,0,HIGH,2026-06-10 20:52:12
TXN005269,CUST0046,41018.66,Shopping,2026-04-15,0,HIGH,2026-06-10 20:52:12
TXN005270,CUST0720,23028.53,Travel,2026-03-13,0,HIGH,2026-06-10 20:52:12
TXN005271,CUST0926,17420.42,Shopping,2026-05-01,0,HIGH,2026-06-10 20:52:12
TXN005272,CUST0955,39516.61,Food,2026-03-28,0,HIGH,2026-06-10 20:52:12
TXN005273,CUST0649,36853.89,Healthcare,2026-05-23,0,HIGH,2026-06-10 20:52:12
TXN005274,CUST0119,6433.72,Food,2026-05-22,0,MEDIUM,2026-06-10 20:52:12
TXN005275,CUST0945,40156.36,Shopping,2026-02-16,0,HIGH,2026-06-10 20:52:12
TXN005276,CUST0176,27790.35,Healthcare,2026-01-12,1,HIGH,2026-06-10 20:52:12
TXN005277,CUST0319,27559.54,Shopping,2026-06-09,0,HIGH,2026-06-10 20:52:12
TXN005278,CUST0951,41051.65,Shopping,2026-02-25,0,HIGH,2026-06-10 20:52:12
TXN005279,CUST0336,31504.93,Travel,2026-04-29,0,HIGH,2026-06-10 20:52:12
TXN005280,CUST0565,48737.77,Food,2026-02-01,0,HIGH,2026-06-10 20:52:12
TXN005281,CUST0432,44419.58,Shopping,2026-02-16,0,HIGH,2026-06-10 20:52:12
TXN005282,CUST0345,38599.07,Travel,2026-05-08,0,HIGH,2026-06-10 20:52:12
TXN005283,CUST0800,21621.99,Food,2026-06-01,0,HIGH,2026-06-10 20:52:12
TXN005284,CUST0963,10630.92,Food,2026-04-05,0,HIGH,2026-06-10 20:52:12
TXN005285,CUST0217,26219.51,Travel,2026-01-31,0,HIGH,2026-06-10 20:52:12
TXN005286,CUST0625,8907.84,Healthcare,2026-02-22,0,MEDIUM,2026-06-10 20:52:12
TXN005287,CUST0014,29175.86,Shopping,2026-05-19,0,HIGH,2026-06-10 20:52:12
TXN005288,CUST0199,39597.06,Travel,2026-01-02,0,HIGH,2026-06-10 20:52:12
TXN005289,CUST0768,27288.97,Shopping,2026-03-17,1,HIGH,2026-06-10 20:52:12
TXN005290,CUST0998,6042.44,Food,2026-01-14,0,MEDIUM,2026-06-10 20:52:12
TXN005291,CUST0230,27453.23,Healthcare,2026-02-11,0,HIGH,2026-06-10 20:52:12
TXN005292,CUST0816,2781.66,Healthcare,2026-04-20,0,LOW,2026-06-10 20:52:12
TXN005293,CUST0548,1050.7,Healthcare,2026-04-02,0,LOW,2026-06-10 20:52:12
TXN005294,CUST0776,40673.12,Healthcare,2026-05-21,0,HIGH,2026-06-10 20:52:12
TXN005295,CUST0444,3561.71,Shopping,2026-03-11,0,LOW,2026-06-10 20:52:12
TXN005296,CUST0907,27807.33,Healthcare,2026-04-08,0,HIGH,2026-06-10 20:52:12
TXN005297,CUST0950,48600.56,Food,2026-01-09,0,HIGH,2026-06-10 20:52:12
TXN005298,CUST0958,29960.85,Shopping,2026-04-05,0,HIGH,2026-06-10 20:52:12
TXN005299,CUST0170,16018.26,Healthcare,2026-06-06,0,HIGH,2026-06-10 20:52:12
TXN005300,CUST0990,15671.11,Shopping,2026-01-31,0,HIGH,2026-06-10 20:52:12
TXN005301,CUST0020,20077.98,Food,2026-02-17,0,HIGH,2026-06-10 20:52:12
TXN005302,CUST0072,45911.03,Shopping,2026-05-31,0,HIGH,2026-06-10 20:52:12
TXN005303,CUST0160,15048.0,Food,2026-04-27,0,HIGH,2026-06-10 20:52:12
TXN005304,CUST0117,40715.59,Food,2026-05-22,0,HIGH,2026-06-10 20:52:12
TXN005305,CUST0276,15725.09,Healthcare,2026-01-20,0,HIGH,2026-06-10 20:52:12
TXN005306,CUST0100,11996.07,Shopping,2026-01-09,0,HIGH,2026-06-10 20:52:12
TXN005307,CUST0337,19169.33,Shopping,2026-04-14,0,HIGH,2026-06-10 20:52:12
TXN005308,CUST0512,30437.47,Shopping,2026-04-10,0,HIGH,2026-06-10 20:52:12
TXN005309,CUST0499,12976.64,Shopping,2026-02-13,0,HIGH,2026-06-10 20:52:12
TXN005310,CUST0969,11957.47,Healthcare,2026-04-27,0,HIGH,2026-06-10 20:52:12
TXN005311,CUST0847,3863.2,Food,2026-02-17,0,LOW,2026-06-10 20:52:12
TXN005312,CUST0116,37529.51,Travel,2026-03-26,1,HIGH,2026-06-10 20:52:12
TXN005313,CUST0838,42090.31,Shopping,2026-05-19,0,HIGH,2026-06-10 20:52:12
TXN005314,CUST0623,37803.72,Healthcare,2026-01-11,0,HIGH,2026-06-10 20:52:12
TXN005315,CUST0226,30080.75,Travel,2026-02-06,0,HIGH,2026-06-10 20:52:12
TXN005316,CUST0556,34874.02,Food,2026-01-30,0,HIGH,2026-06-10 20:52:12
TXN005317,CUST0266,25550.86,Healthcare,2026-05-31,0,HIGH,2026-06-10 20:52:12
TXN005318,CUST0084,6603.84,Healthcare,2026-02-26,0,MEDIUM,2026-06-10 20:52:12
TXN005319,CUST0152,26108.95,Shopping,2026-05-02,0,HIGH,2026-06-10 20:52:12
TXN005320,CUST0617,44978.64,Healthcare,2026-04-15,0,HIGH,2026-06-10 20:52:12
TXN005321,CUST0402,47007.18,Healthcare,2026-02-24,0,HIGH,2026-06-10 20:52:12
TXN005322,CUST0039,18516.75,Healthcare,2026-01-11,1,HIGH,2026-06-10 20:52:12
TXN005323,CUST0550,12735.25,Healthcare,2026-02-02,0,HIGH,2026-06-10 20:52:12
TXN005324,CUST0358,21142.81,Shopping,2026-02-03,0,HIGH,2026-06-10 20:52:12
TXN005325,CUST0515,9382.56,Food,2026-05-01,0,MEDIUM,2026-06-10 20:52:12
TXN005326,CUST0574,17553.43,Food,2026-01-23,0,HIGH,2026-06-10 20:52:12
TXN005327,CUST0120,46964.92,Shopping,2026-02-11,0,HIGH,2026-06-10 20:52:12
TXN005328,CUST0276,27752.71,Healthcare,2026-04-26,1,HIGH,2026-06-10 20:52:12
TXN005329,CUST0832,41839.08,Shopping,2026-04-08,0,HIGH,2026-06-10 20:52:12
TXN005330,CUST0797,26825.81,Healthcare,2026-05-17,0,HIGH,2026-06-10 20:52:12
TXN005331,CUST0345,37670.57,Travel,2026-02-22,0,HIGH,2026-06-10 20:52:12
TXN005332,CUST0015,26151.36,Food,2026-04-29,0,HIGH,2026-06-10 20:52:12
TXN005333,CUST0881,17989.93,Food,2026-06-08,0,HIGH,2026-06-10 20:52:12
TXN005334,CUST0155,17362.29,Healthcare,2026-04-02,0,HIGH,2026-06-10 20:52:12
TXN005335,CUST0029,22572.86,Healthcare,2026-01-28,0,HIGH,2026-06-10 20:52:12
TXN005336,CUST0559,16098.49,Travel,2026-05-09,0,HIGH,2026-06-10 20:52:12
TXN005337,CUST0466,39906.66,Food,2026-05-24,0,HIGH,2026-06-10 20:52:12
TXN005338,CUST0799,11078.46,Shopping,2026-02-28,1,HIGH,2026-06-10 20:52:12
TXN005339,CUST0501,39870.96,Shopping,2026-05-14,0,HIGH,2026-06-10 20:52:12
TXN005340,CUST0284,17382.69,Healthcare,2026-02-21,0,HIGH,2026-06-10 20:52:12
TXN005341,CUST0473,47914.96,Travel,2026-05-13,0,HIGH,2026-06-10 20:52:12
TXN005342,CUST0884,44227.01,Travel,2026-02-24,1,HIGH,2026-06-10 20:52:12
TXN005343,CUST0857,19755.67,Healthcare,2026-02-18,0,HIGH,2026-06-10 20:52:12
TXN005344,CUST0135,31706.95,Shopping,2026-05-07,0,HIGH,2026-06-10 20:52:12
TXN005345,CUST0804,15201.55,Healthcare,2026-04-09,0,HIGH,2026-06-10 20:52:12
TXN005346,CUST0236,44536.76,Healthcare,2026-06-02,0,HIGH,2026-06-10 20:52:12
TXN005347,CUST0775,22812.86,Healthcare,2026-04-07,0,HIGH,2026-06-10 20:52:12
TXN005348,CUST0287,28121.86,Food,2026-04-03,0,HIGH,2026-06-10 20:52:12
TXN005349,CUST0793,11710.94,Shopping,2026-05-08,0,HIGH,2026-06-10 20:52:12
TXN005350,CUST0128,43484.61,Travel,2026-03-04,0,HIGH,2026-06-10 20:52:12
TXN005351,CUST0608,31787.54,Shopping,2026-03-29,0,HIGH,2026-06-10 20:52:12
TXN005352,CUST0647,40146.91,Food,2026-03-17,0,HIGH,2026-06-10 20:52:12
TXN005353,CUST0438,24430.13,Healthcare,2026-01-06,0,HIGH,2026-06-10 20:52:12
TXN005354,CUST0795,28064.59,Shopping,2026-03-08,0,HIGH,2026-06-10 20:52:12
TXN005355,CUST0303,36946.6,Food,2026-05-23,0,HIGH,2026-06-10 20:52:12
TXN005356,CUST0781,7485.43,Healthcare,2026-05-27,0,MEDIUM,2026-06-10 20:52:12
TXN005357,CUST0279,27041.7,Healthcare,2026-01-24,0,HIGH,2026-06-10 20:52:12
TXN005358,CUST0368,28622.14,Shopping,2026-06-01,0,HIGH,2026-06-10 20:52:12
TXN005359,CUST0189,41148.85,Shopping,2026-02-26,0,HIGH,2026-06-10 20:52:12
TXN005360,CUST0536,31290.47,Travel,2026-04-28,0,HIGH,2026-06-10 20:52:12
TXN005361,CUST0243,4995.63,Food,2026-05-29,0,LOW,2026-06-10 20:52:12
TXN005362,CUST0896,39495.93,Healthcare,2026-01-12,0,HIGH,2026-06-10 20:52:12
TXN005363,CUST0590,2391.16,Healthcare,2026-04-18,0,LOW,2026-06-10 20:52:12
TXN005364,CUST0887,47400.98,Travel,2026-06-05,0,HIGH,2026-06-10 20:52:12
TXN005365,CUST0297,38535.45,Healthcare,2026-03-18,0,HIGH,2026-06-10 20:52:12
TXN005366,CUST0289,35900.58,Food,2026-02-18,0,HIGH,2026-06-10 20:52:12
TXN005367,CUST0887,20971.51,Food,2026-05-14,0,HIGH,2026-06-10 20:52:12
TXN005368,CUST0690,26530.35,Healthcare,2026-04-17,0,HIGH,2026-06-10 20:52:12
TXN005369,CUST0945,1414.0,Travel,2026-06-03,0,LOW,2026-06-10 20:52:12
TXN005370,CUST0176,42374.87,Healthcare,2026-05-29,0,HIGH,2026-06-10 20:52:12
TXN005371,CUST0357,7530.6,Travel,2026-01-09,0,MEDIUM,2026-06-10 20:52:12
TXN005372,CUST0407,8080.51,Shopping,2026-03-20,0,MEDIUM,2026-06-10 20:52:12
TXN005373,CUST0661,36216.55,Food,2026-01-06,0,HIGH,2026-06-10 20:52:12
TXN005374,CUST0808,2693.94,Healthcare,2026-03-13,0,LOW,2026-06-10 20:52:12
TXN005375,CUST0421,10909.7,Healthcare,2026-05-18,0,HIGH,2026-06-10 20:52:12
TXN005376,CUST0290,31331.83,Healthcare,2026-01-25,1,HIGH,2026-06-10 20:52:12
TXN005377,CUST0158,42754.22,Travel,2026-04-10,0,HIGH,2026-06-10 20:52:12
TXN005378,CUST0416,6728.75,Food,2026-01-28,0,MEDIUM,2026-06-10 20:52:12
TXN005379,CUST0557,16303.07,Travel,2026-01-14,0,HIGH,2026-06-10 20:52:12
TXN005380,CUST0843,46295.87,Shopping,2026-06-02,0,HIGH,2026-06-10 20:52:12
TXN005381,CUST0989,16522.27,Food,2026-03-02,0,HIGH,2026-06-10 20:52:12
TXN005382,CUST0058,27975.59,Shopping,2026-04-01,0,HIGH,2026-06-10 20:52:12
TXN005383,CUST0847,19606.62,Food,2026-05-23,0,HIGH,2026-06-10 20:52:12
TXN005384,CUST0117,1363.34,Travel,2026-01-08,0,LOW,2026-06-10 20:52:12
TXN005385,CUST0892,49615.57,Travel,2026-01-24,0,HIGH,2026-06-10 20:52:12
TXN005386,CUST0976,44021.41,Travel,2026-05-17,0,HIGH,2026-06-10 20:52:12
TXN005387,CUST0967,1658.72,Healthcare,2026-03-16,0,LOW,2026-06-10 20:52:12
TXN005388,CUST0636,22572.33,Travel,2026-05-30,0,HIGH,2026-06-10 20:52:12
TXN005389,CUST0841,11000.29,Healthcare,2026-02-08,0,HIGH,2026-06-10 20:52:12
TXN005390,CUST0652,9666.82,Food,2026-05-25,0,MEDIUM,2026-06-10 20:52:12
TXN005391,CUST0904,43188.07,Travel,2026-03-07,0,HIGH,2026-06-10 20:52:12
TXN005392,CUST0446,45232.86,Healthcare,2026-05-19,0,HIGH,2026-06-10 20:52:12
TXN005393,CUST0782,38485.04,Travel,2026-05-08,1,HIGH,2026-06-10 20:52:12
TXN005394,CUST0882,18864.35,Healthcare,2026-04-01,0,HIGH,2026-06-10 20:52:12
TXN005395,CUST0539,49840.21,Food,2026-01-23,0,HIGH,2026-06-10 20:52:12
TXN005396,CUST0672,16630.2,Travel,2026-04-12,0,HIGH,2026-06-10 20:52:12
TXN005397,CUST0602,34711.52,Shopping,2026-05-18,0,HIGH,2026-06-10 20:52:12
TXN005398,CUST0327,13814.13,Travel,2026-01-17,0,HIGH,2026-06-10 20:52:12
TXN005399,CUST0868,14250.82,Shopping,2026-03-07,0,HIGH,2026-06-10 20:52:12
TXN005400,CUST0711,12098.88,Travel,2026-03-25,0,HIGH,2026-06-10 20:52:12
TXN005401,CUST0329,40599.22,Shopping,2026-04-07,0,HIGH,2026-06-10 20:52:12
TXN005402,CUST0486,47548.34,Shopping,2026-06-06,0,HIGH,2026-06-10 20:52:12
TXN005403,CUST0485,10309.78,Shopping,2026-05-05,0,HIGH,2026-06-10 20:52:12
TXN005404,CUST0847,12793.0,Food,2026-05-22,0,HIGH,2026-06-10 20:52:12
TXN005405,CUST0314,11379.15,Travel,2026-01-25,0,HIGH,2026-06-10 20:52:12
TXN005406,CUST0391,48315.85,Shopping,2026-01-07,0,HIGH,2026-06-10 20:52:12
TXN005407,CUST0617,13972.74,Food,2026-05-18,0,HIGH,2026-06-10 20:52:12
TXN005408,CUST0242,11075.43,Shopping,2026-04-17,0,HIGH,2026-06-10 20:52:12
TXN005409,CUST0616,40514.27,Shopping,2026-06-09,0,HIGH,2026-06-10 20:52:12
TXN005410,CUST0818,22657.83,Healthcare,2026-03-24,0,HIGH,2026-06-10 20:52:12
TXN005411,CUST0559,24526.56,Healthcare,2026-06-02,0,HIGH,2026-06-10 20:52:12
TXN005412,CUST0380,20328.96,Travel,2026-01-01,0,HIGH,2026-06-10 20:52:12
TXN005413,CUST0277,42358.01,Shopping,2026-06-05,0,HIGH,2026-06-10 20:52:12
TXN005414,CUST0610,18971.73,Shopping,2026-01-30,0,HIGH,2026-06-10 20:52:12
TXN005415,CUST0187,21858.58,Healthcare,2026-04-15,0,HIGH,2026-06-10 20:52:12
TXN005416,CUST0709,18025.87,Travel,2026-04-02,0,HIGH,2026-06-10 20:52:12
TXN005417,CUST0598,17994.36,Food,2026-05-30,0,HIGH,2026-06-10 20:52:12
TXN005418,CUST0904,13334.37,Shopping,2026-01-11,0,HIGH,2026-06-10 20:52:12
TXN005419,CUST0551,2010.42,Shopping,2026-04-21,1,LOW,2026-06-10 20:52:12
TXN005420,CUST0116,31744.57,Travel,2026-06-08,0,HIGH,2026-06-10 20:52:12
TXN005421,CUST0548,39671.99,Food,2026-05-02,0,HIGH,2026-06-10 20:52:12
TXN005422,CUST0309,3399.76,Travel,2026-05-14,0,LOW,2026-06-10 20:52:12
TXN005423,CUST0044,22523.34,Travel,2026-01-04,0,HIGH,2026-06-10 20:52:12
TXN005424,CUST0384,41148.1,Shopping,2026-02-03,0,HIGH,2026-06-10 20:52:12
TXN005425,CUST0845,17107.16,Healthcare,2026-01-07,0,HIGH,2026-06-10 20:52:12
TXN005426,CUST0174,41696.93,Shopping,2026-02-18,1,HIGH,2026-06-10 20:52:12
TXN005427,CUST0967,11930.14,Food,2026-04-28,0,HIGH,2026-06-10 20:52:12
TXN005428,CUST0967,48874.45,Food,2026-05-30,0,HIGH,2026-06-10 20:52:12
TXN005429,CUST0759,47330.37,Shopping,2026-01-25,0,HIGH,2026-06-10 20:52:12
TXN005430,CUST0333,1380.69,Shopping,2026-05-07,0,LOW,2026-06-10 20:52:12
TXN005431,CUST0962,30861.91,Travel,2026-01-11,1,HIGH,2026-06-10 20:52:12
TXN005432,CUST0514,16746.84,Healthcare,2026-01-12,0,HIGH,2026-06-10 20:52:12
TXN005433,CUST0419,35296.37,Healthcare,2026-05-08,0,HIGH,2026-06-10 20:52:12
TXN005434,CUST0953,15019.96,Shopping,2026-02-06,0,HIGH,2026-06-10 20:52:12
TXN005435,CUST0306,35989.49,Healthcare,2026-06-08,0,HIGH,2026-06-10 20:52:12
TXN005436,CUST0299,14903.04,Travel,2026-01-22,0,HIGH,2026-06-10 20:52:12
TXN005437,CUST0388,2841.09,Healthcare,2026-05-16,0,LOW,2026-06-10 20:52:12
TXN005438,CUST0288,28831.46,Food,2026-06-05,0,HIGH,2026-06-10 20:52:12
TXN005439,CUST0948,24478.22,Food,2026-03-08,0,HIGH,2026-06-10 20:52:12
TXN005440,CUST0895,19545.92,Travel,2026-05-14,0,HIGH,2026-06-10 20:52:12
TXN005441,CUST0002,28755.34,Shopping,2026-02-05,0,HIGH,2026-06-10 20:52:12
TXN005442,CUST0845,4508.11,Healthcare,2026-03-02,0,LOW,2026-06-10 20:52:12
TXN005443,CUST0289,11038.67,Healthcare,2026-05-23,0,HIGH,2026-06-10 20:52:12
TXN005444,CUST0208,21241.71,Food,2026-02-02,0,HIGH,2026-06-10 20:52:12
TXN005445,CUST0915,15753.87,Food,2026-02-25,0,HIGH,2026-06-10 20:52:12
TXN005446,CUST0780,17563.19,Shopping,2026-01-24,0,HIGH,2026-06-10 20:52:12
TXN005447,CUST0821,26474.35,Healthcare,2026-03-21,0,HIGH,2026-06-10 20:52:12
TXN005448,CUST0098,30014.06,Shopping,2026-01-25,0,HIGH,2026-06-10 20:52:12
TXN005449,CUST0829,16019.76,Travel,2026-01-05,0,HIGH,2026-06-10 20:52:12
TXN005450,CUST0281,10635.97,Shopping,2026-03-22,0,HIGH,2026-06-10 20:52:12
TXN005451,CUST0977,27094.22,Food,2026-05-31,0,HIGH,2026-06-10 20:52:12
TXN005452,CUST0332,5449.12,Shopping,2026-03-27,0,MEDIUM,2026-06-10 20:52:12
TXN005453,CUST0983,49609.89,Healthcare,2026-05-15,1,HIGH,2026-06-10 20:52:12
TXN005454,CUST0928,17878.61,Healthcare,2026-01-05,0,HIGH,2026-06-10 20:52:12
TXN005455,CUST0886,21877.18,Travel,2026-01-04,0,HIGH,2026-06-10 20:52:12
TXN005456,CUST0833,1684.74,Shopping,2026-02-19,0,LOW,2026-06-10 20:52:12
TXN005457,CUST0272,34328.2,Healthcare,2026-02-12,0,HIGH,2026-06-10 20:52:12
TXN005458,CUST0807,19720.24,Food,2026-01-01,0,HIGH,2026-06-10 20:52:12
TXN005459,CUST0437,7081.44,Shopping,2026-01-25,0,MEDIUM,2026-06-10 20:52:12
TXN005460,CUST0020,7281.49,Food,2026-05-25,0,MEDIUM,2026-06-10 20:52:12
TXN005461,CUST0961,39555.8,Travel,2026-05-07,0,HIGH,2026-06-10 20:52:12
TXN005462,CUST0268,3604.87,Travel,2026-04-15,0,LOW,2026-06-10 20:52:12
TXN005463,CUST0945,14813.09,Food,2026-04-15,0,HIGH,2026-06-10 20:52:12
TXN005464,CUST0122,25363.08,Healthcare,2026-01-15,0,HIGH,2026-06-10 20:52:12
TXN005465,CUST0351,45727.0,Food,2026-06-07,0,HIGH,2026-06-10 20:52:12
TXN005466,CUST0576,48051.88,Food,2026-05-03,0,HIGH,2026-06-10 20:52:12
TXN005467,CUST0578,42265.61,Travel,2026-05-08,0,HIGH,2026-06-10 20:52:12
TXN005468,CUST0130,21413.51,Food,2026-05-01,0,HIGH,2026-06-10 20:52:12
TXN005469,CUST0632,4938.13,Shopping,2026-04-30,0,LOW,2026-06-10 20:52:12
TXN005470,CUST0362,29003.12,Travel,2026-01-11,0,HIGH,2026-06-10 20:52:12
TXN005471,CUST0431,28129.29,Food,2026-03-23,0,HIGH,2026-06-10 20:52:12
TXN005472,CUST0191,38268.0,Food,2026-06-01,0,HIGH,2026-06-10 20:52:12
TXN005473,CUST0168,45016.1,Travel,2026-02-04,0,HIGH,2026-06-10 20:52:12
TXN005474,CUST0068,17285.21,Shopping,2026-05-04,0,HIGH,2026-06-10 20:52:12
TXN005475,CUST0261,470.44,Travel,2026-03-03,0,LOW,2026-06-10 20:52:12
TXN005476,CUST0686,40027.33,Healthcare,2026-04-25,0,HIGH,2026-06-10 20:52:12
TXN005477,CUST0203,46999.24,Travel,2026-06-02,0,HIGH,2026-06-10 20:52:12
TXN005478,CUST0819,19076.7,Healthcare,2026-03-05,1,HIGH,2026-06-10 20:52:12
TXN005479,CUST0530,34490.39,Food,2026-05-22,0,HIGH,2026-06-10 20:52:12
TXN005480,CUST0788,21009.25,Shopping,2026-06-07,0,HIGH,2026-06-10 20:52:12
TXN005481,CUST0303,36092.7,Healthcare,2026-03-01,0,HIGH,2026-06-10 20:52:12
TXN005482,CUST0332,24175.16,Healthcare,2026-01-05,0,HIGH,2026-06-10 20:52:12
TXN005483,CUST0468,23887.67,Shopping,2026-03-13,0,HIGH,2026-06-10 20:52:12
TXN005484,CUST0729,3983.87,Travel,2026-03-22,0,LOW,2026-06-10 20:52:12
TXN005485,CUST0647,38921.84,Travel,2026-04-15,0,HIGH,2026-06-10 20:52:12
TXN005486,CUST0386,34139.53,Healthcare,2026-02-01,0,HIGH,2026-06-10 20:52:12
TXN005487,CUST0156,37142.6,Food,2026-05-19,0,HIGH,2026-06-10 20:52:12
TXN005488,CUST0299,23960.49,Travel,2026-04-20,0,HIGH,2026-06-10 20:52:12
TXN005489,CUST0703,14414.09,Travel,2026-01-16,0,HIGH,2026-06-10 20:52:12
TXN005490,CUST0662,26816.83,Healthcare,2026-04-14,0,HIGH,2026-06-10 20:52:12
TXN005491,CUST0378,33224.49,Healthcare,2026-04-25,0,HIGH,2026-06-10 20:52:12
TXN005492,CUST0731,16301.34,Shopping,2026-04-02,0,HIGH,2026-06-10 20:52:12
TXN005493,CUST0426,43171.45,Travel,2026-04-20,0,HIGH,2026-06-10 20:52:12
TXN005494,CUST0717,38463.89,Travel,2026-01-14,0,HIGH,2026-06-10 20:52:12
TXN005495,CUST0595,39608.5,Shopping,2026-01-19,0,HIGH,2026-06-10 20:52:12
TXN005496,CUST0125,27674.79,Healthcare,2026-01-21,0,HIGH,2026-06-10 20:52:12
TXN005497,CUST0252,37478.85,Healthcare,2026-01-11,0,HIGH,2026-06-10 20:52:12
TXN005498,CUST0605,44849.89,Food,2026-03-18,0,HIGH,2026-06-10 20:52:12
TXN005499,CUST0648,13297.69,Travel,2026-03-18,0,HIGH,2026-06-10 20:52:12
TXN005500,CUST0983,184.47,Travel,2026-04-28,0,LOW,2026-06-10 20:52:12
TXN005501,CUST0088,6629.72,Travel,2026-01-13,0,MEDIUM,2026-06-10 20:52:12
TXN005502,CUST0745,34752.34,Food,2026-03-15,0,HIGH,2026-06-10 20:52:12
TXN005503,CUST0158,34416.63,Shopping,2026-04-22,0,HIGH,2026-06-10 20:52:12
TXN005504,CUST0336,45015.22,Healthcare,2026-05-17,0,HIGH,2026-06-10 20:52:12
TXN005505,CUST0849,34.78,Shopping,2026-01-04,0,LOW,2026-06-10 20:52:12
TXN005506,CUST0708,19799.76,Shopping,2026-04-10,0,HIGH,2026-06-10 20:52:12
TXN005507,CUST0891,13019.71,Healthcare,2026-02-16,0,HIGH,2026-06-10 20:52:12
TXN005508,CUST0895,42953.37,Shopping,2026-06-01,0,HIGH,2026-06-10 20:52:12
TXN005509,CUST0505,28399.41,Travel,2026-02-04,0,HIGH,2026-06-10 20:52:12
TXN005510,CUST0109,39219.94,Food,2026-04-10,0,HIGH,2026-06-10 20:52:12
TXN005511,CUST0521,35950.5,Travel,2026-03-14,0,HIGH,2026-06-10 20:52:12
TXN005512,CUST0718,806.44,Healthcare,2026-01-01,0,LOW,2026-06-10 20:52:12
TXN005513,CUST0361,12148.5,Food,2026-01-21,0,HIGH,2026-06-10 20:52:12
TXN005514,CUST0723,1963.74,Shopping,2026-04-15,0,LOW,2026-06-10 20:52:12
TXN005515,CUST0085,40459.14,Healthcare,2026-02-07,0,HIGH,2026-06-10 20:52:12
TXN005516,CUST0601,35347.56,Shopping,2026-03-09,0,HIGH,2026-06-10 20:52:12
TXN005517,CUST0685,32942.12,Healthcare,2026-05-22,0,HIGH,2026-06-10 20:52:12
TXN005518,CUST0951,49551.12,Food,2026-05-24,0,HIGH,2026-06-10 20:52:12
TXN005519,CUST0536,39880.78,Travel,2026-01-29,0,HIGH,2026-06-10 20:52:12
TXN005520,CUST0035,43543.87,Healthcare,2026-02-16,0,HIGH,2026-06-10 20:52:12
TXN005521,CUST0536,1541.75,Travel,2026-01-16,0,LOW,2026-06-10 20:52:12
TXN005522,CUST0136,4324.92,Shopping,2026-04-27,0,LOW,2026-06-10 20:52:12
TXN005523,CUST0988,4712.87,Travel,2026-02-12,0,LOW,2026-06-10 20:52:12
TXN005524,CUST0059,15864.42,Shopping,2026-04-19,0,HIGH,2026-06-10 20:52:12
TXN005525,CUST0987,32771.04,Travel,2026-01-13,0,HIGH,2026-06-10 20:52:12
TXN005526,CUST0966,172.16,Healthcare,2026-02-24,0,LOW,2026-06-10 20:52:12
TXN005527,CUST0070,46015.73,Food,2026-04-07,0,HIGH,2026-06-10 20:52:12
TXN005528,CUST0344,11116.35,Travel,2026-02-14,1,HIGH,2026-06-10 20:52:12
TXN005529,CUST0923,29233.84,Travel,2026-03-15,0,HIGH,2026-06-10 20:52:12
TXN005530,CUST0984,32212.15,Travel,2026-04-24,0,HIGH,2026-06-10 20:52:12
TXN005531,CUST0739,40098.57,Shopping,2026-02-13,0,HIGH,2026-06-10 20:52:12
TXN005532,CUST0622,38189.14,Healthcare,2026-03-23,0,HIGH,2026-06-10 20:52:12
TXN005533,CUST0385,31406.18,Travel,2026-03-11,0,HIGH,2026-06-10 20:52:12
TXN005534,CUST0943,49448.99,Healthcare,2026-04-04,0,HIGH,2026-06-10 20:52:12
TXN005535,CUST0567,42581.15,Food,2026-04-11,0,HIGH,2026-06-10 20:52:12
TXN005536,CUST0758,18170.64,Food,2026-03-03,0,HIGH,2026-06-10 20:52:12
TXN005537,CUST0814,26927.95,Travel,2026-04-16,0,HIGH,2026-06-10 20:52:12
TXN005538,CUST0720,37104.64,Travel,2026-02-20,0,HIGH,2026-06-10 20:52:12
TXN005539,CUST0269,1958.69,Travel,2026-05-15,0,LOW,2026-06-10 20:52:12
TXN005540,CUST0172,28214.58,Travel,2026-02-15,0,HIGH,2026-06-10 20:52:12
TXN005541,CUST0564,20975.24,Healthcare,2026-01-26,0,HIGH,2026-06-10 20:52:12
TXN005542,CUST0284,14741.05,Shopping,2026-03-28,0,HIGH,2026-06-10 20:52:12
TXN005543,CUST0581,39308.17,Travel,2026-02-05,0,HIGH,2026-06-10 20:52:12
TXN005544,CUST0704,20027.14,Travel,2026-03-10,0,HIGH,2026-06-10 20:52:12
TXN005545,CUST0381,22526.13,Food,2026-05-31,0,HIGH,2026-06-10 20:52:12
TXN005546,CUST0682,36415.28,Food,2026-03-07,1,HIGH,2026-06-10 20:52:12
TXN005547,CUST0714,15960.14,Healthcare,2026-01-07,0,HIGH,2026-06-10 20:52:12
TXN005548,CUST0851,44729.41,Travel,2026-03-16,0,HIGH,2026-06-10 20:52:12
TXN005549,CUST0229,7168.16,Travel,2026-06-04,0,MEDIUM,2026-06-10 20:52:12
TXN005550,CUST0881,20644.27,Healthcare,2026-02-20,0,HIGH,2026-06-10 20:52:12
TXN005551,CUST0679,22449.45,Healthcare,2026-04-05,0,HIGH,2026-06-10 20:52:12
TXN005552,CUST0878,40812.51,Travel,2026-02-09,0,HIGH,2026-06-10 20:52:12
TXN005553,CUST0507,5092.03,Food,2026-01-25,0,MEDIUM,2026-06-10 20:52:12
TXN005554,CUST0961,9800.52,Shopping,2026-06-09,0,MEDIUM,2026-06-10 20:52:12
TXN005555,CUST0652,36775.74,Healthcare,2026-02-28,0,HIGH,2026-06-10 20:52:12
TXN005556,CUST0334,35896.64,Healthcare,2026-01-23,0,HIGH,2026-06-10 20:52:12
TXN005557,CUST0449,43799.33,Travel,2026-03-01,0,HIGH,2026-06-10 20:52:12
TXN005558,CUST0083,9828.76,Travel,2026-04-15,0,MEDIUM,2026-06-10 20:52:12
TXN005559,CUST0633,42757.74,Food,2026-04-12,1,HIGH,2026-06-10 20:52:12
TXN005560,CUST0743,3037.07,Food,2026-03-08,0,LOW,2026-06-10 20:52:12
TXN005561,CUST0212,32840.53,Travel,2026-02-04,0,HIGH,2026-06-10 20:52:12
TXN005562,CUST0442,7812.25,Shopping,2026-03-08,0,MEDIUM,2026-06-10 20:52:12
TXN005563,CUST0112,22048.12,Food,2026-01-24,0,HIGH,2026-06-10 20:52:12
TXN005564,CUST0449,25756.38,Healthcare,2026-01-23,0,HIGH,2026-06-10 20:52:12
TXN005565,CUST0536,7856.25,Travel,2026-04-25,0,MEDIUM,2026-06-10 20:52:12
TXN005566,CUST0539,34197.04,Food,2026-01-16,0,HIGH,2026-06-10 20:52:12
TXN005567,CUST0910,11545.44,Travel,2026-03-25,0,HIGH,2026-06-10 20:52:12
TXN005568,CUST0393,20119.7,Food,2026-04-09,1,HIGH,2026-06-10 20:52:12
TXN005569,CUST0716,47349.89,Food,2026-03-08,0,HIGH,2026-06-10 20:52:12
TXN005570,CUST0392,44025.92,Healthcare,2026-01-17,0,HIGH,2026-06-10 20:52:12
TXN005571,CUST0981,17038.66,Food,2026-06-07,0,HIGH,2026-06-10 20:52:12
TXN005572,CUST0541,40064.81,Food,2026-05-22,0,HIGH,2026-06-10 20:52:12
TXN005573,CUST0740,44125.23,Food,2026-01-26,1,HIGH,2026-06-10 20:52:12
TXN005574,CUST0984,8613.91,Travel,2026-01-09,0,MEDIUM,2026-06-10 20:52:12
TXN005575,CUST0849,37159.65,Food,2026-03-31,0,HIGH,2026-06-10 20:52:12
TXN005576,CUST0268,37427.79,Shopping,2026-02-10,0,HIGH,2026-06-10 20:52:12
TXN005577,CUST0229,10472.25,Travel,2026-05-03,0,HIGH,2026-06-10 20:52:12
TXN005578,CUST0897,31104.08,Shopping,2026-02-27,0,HIGH,2026-06-10 20:52:12
TXN005579,CUST0887,11010.7,Food,2026-05-17,0,HIGH,2026-06-10 20:52:12
TXN005580,CUST0135,24579.19,Food,2026-04-09,0,HIGH,2026-06-10 20:52:12
TXN005581,CUST0818,49982.05,Healthcare,2026-05-20,0,HIGH,2026-06-10 20:52:12
TXN005582,CUST0782,2084.23,Food,2026-05-03,0,LOW,2026-06-10 20:52:12
TXN005583,CUST0524,23070.71,Travel,2026-02-02,0,HIGH,2026-06-10 20:52:12
TXN005584,CUST0895,42114.91,Healthcare,2026-04-15,0,HIGH,2026-06-10 20:52:12
TXN005585,CUST0753,49687.0,Food,2026-06-09,0,HIGH,2026-06-10 20:52:12
TXN005586,CUST0604,42721.79,Travel,2026-04-17,0,HIGH,2026-06-10 20:52:12
TXN005587,CUST0305,49093.17,Food,2026-02-24,0,HIGH,2026-06-10 20:52:12
TXN005588,CUST0545,2958.23,Food,2026-03-22,0,LOW,2026-06-10 20:52:12
TXN005589,CUST0204,27820.82,Travel,2026-03-04,0,HIGH,2026-06-10 20:52:12
TXN005590,CUST0943,46799.52,Healthcare,2026-01-26,0,HIGH,2026-06-10 20:52:12
TXN005591,CUST0240,19792.17,Healthcare,2026-01-18,0,HIGH,2026-06-10 20:52:12
TXN005592,CUST0529,43074.88,Food,2026-04-07,0,HIGH,2026-06-10 20:52:12
TXN005593,CUST0723,4584.09,Food,2026-01-14,0,LOW,2026-06-10 20:52:12
TXN005594,CUST0347,39291.38,Food,2026-06-06,1,HIGH,2026-06-10 20:52:12
TXN005595,CUST0716,17579.52,Food,2026-03-30,0,HIGH,2026-06-10 20:52:12
TXN005596,CUST0741,18885.59,Healthcare,2026-05-08,0,HIGH,2026-06-10 20:52:12
TXN005597,CUST0540,48276.67,Healthcare,2026-01-19,0,HIGH,2026-06-10 20:52:12
TXN005598,CUST0660,20936.22,Shopping,2026-03-19,0,HIGH,2026-06-10 20:52:12
TXN005599,CUST0336,41484.62,Healthcare,2026-05-22,0,HIGH,2026-06-10 20:52:12
TXN005600,CUST0862,32997.9,Shopping,2026-01-07,0,HIGH,2026-06-10 20:52:12
TXN005601,CUST0761,2013.12,Healthcare,2026-06-04,0,LOW,2026-06-10 20:52:12
TXN005602,CUST0782,27379.69,Food,2026-04-14,0,HIGH,2026-06-10 20:52:12
TXN005603,CUST0551,876.79,Food,2026-05-06,0,LOW,2026-06-10 20:52:12
TXN005604,CUST0477,28715.86,Travel,2026-04-15,0,HIGH,2026-06-10 20:52:12
TXN005605,CUST0366,28304.97,Travel,2026-02-12,0,HIGH,2026-06-10 20:52:12
TXN005606,CUST0843,7640.79,Healthcare,2026-04-10,0,MEDIUM,2026-06-10 20:52:12
TXN005607,CUST0272,14154.07,Healthcare,2026-02-06,0,HIGH,2026-06-10 20:52:12
TXN005608,CUST0559,1971.22,Travel,2026-01-09,0,LOW,2026-06-10 20:52:12
TXN005609,CUST0729,32319.99,Travel,2026-01-29,0,HIGH,2026-06-10 20:52:12
TXN005610,CUST0730,20323.28,Travel,2026-05-01,0,HIGH,2026-06-10 20:52:12
TXN005611,CUST0816,26615.02,Food,2026-05-25,0,HIGH,2026-06-10 20:52:12
TXN005612,CUST0734,16837.3,Travel,2026-02-13,0,HIGH,2026-06-10 20:52:12
TXN005613,CUST0268,38127.08,Shopping,2026-02-14,1,HIGH,2026-06-10 20:52:12
TXN005614,CUST0206,10122.47,Healthcare,2026-05-25,0,HIGH,2026-06-10 20:52:12
TXN005615,CUST0026,3660.78,Healthcare,2026-05-13,0,LOW,2026-06-10 20:52:12
TXN005616,CUST0623,11801.47,Healthcare,2026-03-21,0,HIGH,2026-06-10 20:52:12
TXN005617,CUST0297,31812.73,Shopping,2026-05-22,0,HIGH,2026-06-10 20:52:12
TXN005618,CUST0096,36618.46,Food,2026-04-23,1,HIGH,2026-06-10 20:52:12
TXN005619,CUST0989,43313.3,Healthcare,2026-05-05,0,HIGH,2026-06-10 20:52:12
TXN005620,CUST0666,30398.87,Travel,2026-02-12,0,HIGH,2026-06-10 20:52:12
TXN005621,CUST0932,46401.4,Travel,2026-03-12,0,HIGH,2026-06-10 20:52:12
TXN005622,CUST0916,21222.46,Healthcare,2026-02-23,0,HIGH,2026-06-10 20:52:12
TXN005623,CUST0741,15353.09,Healthcare,2026-05-18,0,HIGH,2026-06-10 20:52:12
TXN005624,CUST0421,22162.67,Food,2026-04-01,0,HIGH,2026-06-10 20:52:12
TXN005625,CUST0970,14992.31,Travel,2026-01-04,0,HIGH,2026-06-10 20:52:12
TXN005626,CUST0085,1891.17,Travel,2026-01-29,0,LOW,2026-06-10 20:52:12
TXN005627,CUST0609,20230.46,Food,2026-02-14,0,HIGH,2026-06-10 20:52:12
TXN005628,CUST0866,14973.01,Travel,2026-01-29,0,HIGH,2026-06-10 20:52:12
TXN005629,CUST0447,33650.67,Healthcare,2026-05-03,0,HIGH,2026-06-10 20:52:12
TXN005630,CUST0418,39957.31,Healthcare,2026-03-31,0,HIGH,2026-06-10 20:52:12
TXN005631,CUST0849,35588.05,Shopping,2026-01-01,0,HIGH,2026-06-10 20:52:12
TXN005632,CUST0749,25465.18,Shopping,2026-01-30,0,HIGH,2026-06-10 20:52:12
TXN005633,CUST0587,13294.79,Shopping,2026-04-05,0,HIGH,2026-06-10 20:52:12
TXN005634,CUST0924,23080.22,Travel,2026-01-17,0,HIGH,2026-06-10 20:52:12
TXN005635,CUST0867,1096.56,Healthcare,2026-03-31,0,LOW,2026-06-10 20:52:12
TXN005636,CUST0663,7790.09,Healthcare,2026-02-27,0,MEDIUM,2026-06-10 20:52:12
TXN005637,CUST0498,47329.62,Food,2026-01-05,0,HIGH,2026-06-10 20:52:12
TXN005638,CUST0907,18930.66,Healthcare,2026-05-24,0,HIGH,2026-06-10 20:52:12
TXN005639,CUST0382,34655.14,Food,2026-05-02,0,HIGH,2026-06-10 20:52:12
TXN005640,CUST0784,43500.76,Healthcare,2026-02-28,0,HIGH,2026-06-10 20:52:12
TXN005641,CUST0474,17040.83,Food,2026-05-08,0,HIGH,2026-06-10 20:52:12
TXN005642,CUST0749,18112.12,Travel,2026-04-12,0,HIGH,2026-06-10 20:52:12
TXN005643,CUST0843,1126.51,Healthcare,2026-04-20,0,LOW,2026-06-10 20:52:12
TXN005644,CUST0515,6903.5,Travel,2026-02-05,0,MEDIUM,2026-06-10 20:52:12
TXN005645,CUST0792,38294.89,Healthcare,2026-06-06,0,HIGH,2026-06-10 20:52:12
TXN005646,CUST0208,15318.38,Food,2026-02-26,0,HIGH,2026-06-10 20:52:12
TXN005647,CUST0771,18335.83,Travel,2026-02-18,0,HIGH,2026-06-10 20:52:12
TXN005648,CUST0864,39176.26,Travel,2026-04-24,0,HIGH,2026-06-10 20:52:12
TXN005649,CUST0850,46735.94,Travel,2026-02-06,0,HIGH,2026-06-10 20:52:12
TXN005650,CUST0191,44607.27,Food,2026-02-02,0,HIGH,2026-06-10 20:52:12
TXN005651,CUST0502,30293.22,Healthcare,2026-05-23,0,HIGH,2026-06-10 20:52:12
TXN005652,CUST0942,39489.29,Travel,2026-02-14,0,HIGH,2026-06-10 20:52:12
TXN005653,CUST0927,31062.73,Healthcare,2026-01-25,0,HIGH,2026-06-10 20:52:12
TXN005654,CUST0347,38872.85,Travel,2026-05-27,0,HIGH,2026-06-10 20:52:12
TXN005655,CUST0133,24076.24,Healthcare,2026-03-27,0,HIGH,2026-06-10 20:52:12
TXN005656,CUST0817,37060.5,Food,2026-05-19,0,HIGH,2026-06-10 20:52:12
TXN005657,CUST0596,44034.01,Shopping,2026-03-16,0,HIGH,2026-06-10 20:52:12
TXN005658,CUST0627,25318.35,Travel,2026-01-20,0,HIGH,2026-06-10 20:52:12
TXN005659,CUST0161,38676.09,Shopping,2026-04-22,0,HIGH,2026-06-10 20:52:12
TXN005660,CUST0538,16867.67,Travel,2026-06-06,0,HIGH,2026-06-10 20:52:12
TXN005661,CUST0923,428.32,Travel,2026-01-23,0,LOW,2026-06-10 20:52:12
TXN005662,CUST0810,8469.94,Travel,2026-03-15,0,MEDIUM,2026-06-10 20:52:12
TXN005663,CUST0220,32748.45,Travel,2026-03-20,0,HIGH,2026-06-10 20:52:12
TXN005664,CUST0864,42937.53,Food,2026-03-18,0,HIGH,2026-06-10 20:52:12
TXN005665,CUST0440,4794.79,Healthcare,2026-04-05,0,LOW,2026-06-10 20:52:12
TXN005666,CUST0350,6117.53,Healthcare,2026-06-05,0,MEDIUM,2026-06-10 20:52:12
TXN005667,CUST0364,14753.15,Travel,2026-05-26,0,HIGH,2026-06-10 20:52:12
TXN005668,CUST0263,19953.92,Travel,2026-04-28,0,HIGH,2026-06-10 20:52:12
TXN005669,CUST0606,9068.04,Food,2026-05-15,0,MEDIUM,2026-06-10 20:52:12
TXN005670,CUST0999,24307.51,Healthcare,2026-04-21,0,HIGH,2026-06-10 20:52:12
TXN005671,CUST0029,11229.54,Travel,2026-01-15,0,HIGH,2026-06-10 20:52:12
TXN005672,CUST0706,37260.31,Healthcare,2026-04-08,0,HIGH,2026-06-10 20:52:12
TXN005673,CUST0790,17148.58,Healthcare,2026-05-30,0,HIGH,2026-06-10 20:52:12
TXN005674,CUST0491,49347.41,Travel,2026-03-31,0,HIGH,2026-06-10 20:52:12
TXN005675,CUST0617,1722.93,Travel,2026-01-21,0,LOW,2026-06-10 20:52:12
TXN005676,CUST0621,25898.48,Healthcare,2026-05-30,0,HIGH,2026-06-10 20:52:12
TXN005677,CUST0021,33401.75,Food,2026-03-19,0,HIGH,2026-06-10 20:52:12
TXN005678,CUST0118,47976.17,Shopping,2026-02-09,0,HIGH,2026-06-10 20:52:12
TXN005679,CUST0850,42109.52,Food,2026-06-09,1,HIGH,2026-06-10 20:52:12
TXN005680,CUST0828,49983.49,Shopping,2026-01-01,0,HIGH,2026-06-10 20:52:12
TXN005681,CUST0297,26572.7,Food,2026-03-16,0,HIGH,2026-06-10 20:52:12
TXN005682,CUST0479,15824.3,Shopping,2026-05-02,0,HIGH,2026-06-10 20:52:12
TXN005683,CUST0226,41311.85,Healthcare,2026-03-02,0,HIGH,2026-06-10 20:52:12
TXN005684,CUST0705,30.72,Healthcare,2026-03-14,1,LOW,2026-06-10 20:52:12
TXN005685,CUST0345,35122.62,Healthcare,2026-03-31,0,HIGH,2026-06-10 20:52:12
TXN005686,CUST0901,12573.7,Shopping,2026-03-11,0,HIGH,2026-06-10 20:52:12
TXN005687,CUST0194,3337.02,Shopping,2026-03-16,0,LOW,2026-06-10 20:52:12
TXN005688,CUST0133,11976.46,Shopping,2026-05-11,0,HIGH,2026-06-10 20:52:12
TXN005689,CUST0876,34725.98,Shopping,2026-04-16,1,HIGH,2026-06-10 20:52:12
TXN005690,CUST0167,28632.45,Shopping,2026-01-11,0,HIGH,2026-06-10 20:52:12
TXN005691,CUST0979,35054.66,Healthcare,2026-05-27,0,HIGH,2026-06-10 20:52:12
TXN005692,CUST0362,36442.98,Shopping,2026-02-12,0,HIGH,2026-06-10 20:52:12
TXN005693,CUST0799,44291.37,Travel,2026-01-22,0,HIGH,2026-06-10 20:52:12
TXN005694,CUST0906,20873.83,Travel,2026-03-25,0,HIGH,2026-06-10 20:52:12
TXN005695,CUST0579,33055.19,Shopping,2026-01-09,0,HIGH,2026-06-10 20:52:12
TXN005696,CUST0183,12395.11,Healthcare,2026-03-05,0,HIGH,2026-06-10 20:52:12
TXN005697,CUST0091,16412.86,Shopping,2026-02-06,0,HIGH,2026-06-10 20:52:12
TXN005698,CUST0617,42983.37,Travel,2026-01-30,0,HIGH,2026-06-10 20:52:12
TXN005699,CUST0650,35448.44,Shopping,2026-01-21,0,HIGH,2026-06-10 20:52:12
TXN005700,CUST0540,38930.56,Healthcare,2026-04-10,0,HIGH,2026-06-10 20:52:12
TXN005701,CUST0004,8395.53,Travel,2026-02-15,0,MEDIUM,2026-06-10 20:52:12
TXN005702,CUST0657,22463.91,Healthcare,2026-02-16,0,HIGH,2026-06-10 20:52:12
TXN005703,CUST0398,39701.63,Food,2026-01-05,0,HIGH,2026-06-10 20:52:12
TXN005704,CUST0868,23221.79,Shopping,2026-01-20,0,HIGH,2026-06-10 20:52:12
TXN005705,CUST0079,6730.39,Healthcare,2026-05-13,0,MEDIUM,2026-06-10 20:52:12
TXN005706,CUST0959,44295.26,Food,2026-02-14,0,HIGH,2026-06-10 20:52:12
TXN005707,CUST0574,10121.14,Shopping,2026-05-21,0,HIGH,2026-06-10 20:52:12
TXN005708,CUST0291,16957.4,Food,2026-05-26,0,HIGH,2026-06-10 20:52:12
TXN005709,CUST0827,28892.48,Shopping,2026-05-13,0,HIGH,2026-06-10 20:52:12
TXN005710,CUST0808,11920.02,Travel,2026-02-24,0,HIGH,2026-06-10 20:52:12
TXN005711,CUST0354,12879.06,Healthcare,2026-01-19,1,HIGH,2026-06-10 20:52:12
TXN005712,CUST0068,29847.65,Travel,2026-02-15,0,HIGH,2026-06-10 20:52:12
TXN005713,CUST0006,5972.49,Healthcare,2026-05-07,0,MEDIUM,2026-06-10 20:52:12
TXN005714,CUST0053,14559.29,Food,2026-04-14,0,HIGH,2026-06-10 20:52:12
TXN005715,CUST0154,36204.49,Healthcare,2026-05-13,0,HIGH,2026-06-10 20:52:12
TXN005716,CUST0385,15267.9,Food,2026-02-04,0,HIGH,2026-06-10 20:52:12
TXN005717,CUST0893,28235.95,Food,2026-06-04,0,HIGH,2026-06-10 20:52:12
TXN005718,CUST0797,31149.03,Food,2026-01-25,0,HIGH,2026-06-10 20:52:12
TXN005719,CUST0416,17631.55,Travel,2026-02-06,1,HIGH,2026-06-10 20:52:12
TXN005720,CUST0038,25849.07,Shopping,2026-05-16,0,HIGH,2026-06-10 20:52:12
TXN005721,CUST0197,25032.55,Travel,2026-02-19,0,HIGH,2026-06-10 20:52:12
TXN005722,CUST0362,35650.4,Travel,2026-03-19,0,HIGH,2026-06-10 20:52:12
TXN005723,CUST0644,14151.6,Travel,2026-05-01,0,HIGH,2026-06-10 20:52:12
TXN005724,CUST0774,24297.9,Healthcare,2026-03-31,0,HIGH,2026-06-10 20:52:12
TXN005725,CUST0186,41886.25,Food,2026-03-07,0,HIGH,2026-06-10 20:52:12
TXN005726,CUST0769,42618.46,Food,2026-04-15,0,HIGH,2026-06-10 20:52:12
TXN005727,CUST0814,34844.72,Healthcare,2026-06-01,0,HIGH,2026-06-10 20:52:12
TXN005728,CUST0550,46157.46,Food,2026-02-20,0,HIGH,2026-06-10 20:52:12
TXN005729,CUST0269,46201.59,Travel,2026-03-05,0,HIGH,2026-06-10 20:52:12
TXN005730,CUST0480,47601.32,Healthcare,2026-01-23,0,HIGH,2026-06-10 20:52:12
TXN005731,CUST0862,47789.32,Shopping,2026-01-15,0,HIGH,2026-06-10 20:52:12
TXN005732,CUST0492,40998.81,Travel,2026-02-01,0,HIGH,2026-06-10 20:52:12
TXN005733,CUST0981,30164.03,Food,2026-04-28,0,HIGH,2026-06-10 20:52:12
TXN005734,CUST0859,49102.4,Healthcare,2026-03-20,0,HIGH,2026-06-10 20:52:12
TXN005735,CUST0360,49040.86,Food,2026-01-13,0,HIGH,2026-06-10 20:52:12
TXN005736,CUST0916,17221.86,Shopping,2026-03-10,0,HIGH,2026-06-10 20:52:12
TXN005737,CUST0716,17924.11,Healthcare,2026-02-14,0,HIGH,2026-06-10 20:52:12
TXN005738,CUST0055,23885.06,Travel,2026-05-13,0,HIGH,2026-06-10 20:52:12
TXN005739,CUST0910,30479.86,Healthcare,2026-02-23,0,HIGH,2026-06-10 20:52:12
TXN005740,CUST0663,41761.64,Travel,2026-02-02,0,HIGH,2026-06-10 20:52:12
TXN005741,CUST0062,27351.98,Food,2026-05-22,0,HIGH,2026-06-10 20:52:12
TXN005742,CUST0733,46112.39,Healthcare,2026-04-24,0,HIGH,2026-06-10 20:52:12
TXN005743,CUST0675,27266.58,Healthcare,2026-04-17,0,HIGH,2026-06-10 20:52:12
TXN005744,CUST0002,37039.94,Shopping,2026-04-20,0,HIGH,2026-06-10 20:52:12
TXN005745,CUST0455,12468.74,Travel,2026-05-13,0,HIGH,2026-06-10 20:52:12
TXN005746,CUST0251,14749.91,Travel,2026-03-11,0,HIGH,2026-06-10 20:52:12
TXN005747,CUST0708,23868.84,Travel,2026-06-08,0,HIGH,2026-06-10 20:52:12
TXN005748,CUST0750,3610.49,Food,2026-01-28,0,LOW,2026-06-10 20:52:12
TXN005749,CUST0406,20059.04,Healthcare,2026-02-17,0,HIGH,2026-06-10 20:52:12
TXN005750,CUST0690,30629.93,Shopping,2026-03-11,0,HIGH,2026-06-10 20:52:12
TXN005751,CUST0098,49972.95,Travel,2026-05-12,0,HIGH,2026-06-10 20:52:12
TXN005752,CUST0369,7039.04,Travel,2026-04-23,0,MEDIUM,2026-06-10 20:52:12
TXN005753,CUST0781,16678.58,Shopping,2026-02-05,0,HIGH,2026-06-10 20:52:12
TXN005754,CUST0724,42794.01,Healthcare,2026-04-03,0,HIGH,2026-06-10 20:52:12
TXN005755,CUST0885,35249.3,Travel,2026-03-25,0,HIGH,2026-06-10 20:52:12
TXN005756,CUST0438,18500.65,Healthcare,2026-04-11,1,HIGH,2026-06-10 20:52:12
TXN005757,CUST0484,35555.66,Healthcare,2026-05-01,0,HIGH,2026-06-10 20:52:12
TXN005758,CUST0196,16361.96,Healthcare,2026-03-13,0,HIGH,2026-06-10 20:52:12
TXN005759,CUST0839,47377.44,Shopping,2026-05-04,0,HIGH,2026-06-10 20:52:12
TXN005760,CUST0197,24615.34,Travel,2026-02-18,0,HIGH,2026-06-10 20:52:12
TXN005761,CUST0521,3155.56,Shopping,2026-01-02,0,LOW,2026-06-10 20:52:12
TXN005762,CUST0978,14899.86,Food,2026-03-30,0,HIGH,2026-06-10 20:52:12
TXN005763,CUST0824,30338.65,Travel,2026-04-15,0,HIGH,2026-06-10 20:52:12
TXN005764,CUST0341,23999.48,Travel,2026-01-02,0,HIGH,2026-06-10 20:52:12
TXN005765,CUST0967,6558.59,Shopping,2026-05-29,0,MEDIUM,2026-06-10 20:52:12
TXN005766,CUST0531,5993.01,Travel,2026-01-31,0,MEDIUM,2026-06-10 20:52:12
TXN005767,CUST0648,20278.14,Food,2026-05-26,0,HIGH,2026-06-10 20:52:12
TXN005768,CUST0417,33850.97,Food,2026-03-21,0,HIGH,2026-06-10 20:52:12
TXN005769,CUST0639,45792.06,Food,2026-04-24,0,HIGH,2026-06-10 20:52:12
TXN005770,CUST0921,35009.93,Food,2026-03-22,0,HIGH,2026-06-10 20:52:12
TXN005771,CUST0222,19044.99,Healthcare,2026-05-15,0,HIGH,2026-06-10 20:52:12
TXN005772,CUST0101,6063.36,Food,2026-05-03,0,MEDIUM,2026-06-10 20:52:12
TXN005773,CUST0228,48623.47,Healthcare,2026-04-22,0,HIGH,2026-06-10 20:52:12
TXN005774,CUST0861,13621.51,Healthcare,2026-02-18,0,HIGH,2026-06-10 20:52:12
TXN005775,CUST0348,24660.01,Shopping,2026-02-08,0,HIGH,2026-06-10 20:52:12
TXN005776,CUST0256,35497.18,Food,2026-05-05,0,HIGH,2026-06-10 20:52:12
TXN005777,CUST0828,5307.15,Food,2026-01-25,1,MEDIUM,2026-06-10 20:52:12
TXN005778,CUST0122,29911.43,Food,2026-03-11,0,HIGH,2026-06-10 20:52:12
TXN005779,CUST0842,14749.83,Healthcare,2026-05-10,0,HIGH,2026-06-10 20:52:12
TXN005780,CUST0038,21533.86,Food,2026-03-20,0,HIGH,2026-06-10 20:52:12
TXN005781,CUST0941,42619.54,Travel,2026-04-03,0,HIGH,2026-06-10 20:52:12
TXN005782,CUST0768,16912.17,Travel,2026-01-25,0,HIGH,2026-06-10 20:52:12
TXN005783,CUST0639,18574.69,Food,2026-04-30,0,HIGH,2026-06-10 20:52:12
TXN005784,CUST0770,10691.8,Healthcare,2026-05-14,0,HIGH,2026-06-10 20:52:12
TXN005785,CUST0428,24204.88,Shopping,2026-02-25,0,HIGH,2026-06-10 20:52:12
TXN005786,CUST0459,8694.23,Travel,2026-05-31,0,MEDIUM,2026-06-10 20:52:12
TXN005787,CUST0125,26438.49,Food,2026-05-25,0,HIGH,2026-06-10 20:52:12
TXN005788,CUST0032,11095.73,Travel,2026-03-10,0,HIGH,2026-06-10 20:52:12
TXN005789,CUST0593,28240.67,Food,2026-04-19,0,HIGH,2026-06-10 20:52:12
TXN005790,CUST0782,2310.74,Food,2026-01-27,0,LOW,2026-06-10 20:52:12
TXN005791,CUST0181,8611.41,Food,2026-02-05,0,MEDIUM,2026-06-10 20:52:12
TXN005792,CUST0680,25991.23,Shopping,2026-02-08,0,HIGH,2026-06-10 20:52:12
TXN005793,CUST0594,25218.46,Travel,2026-06-05,0,HIGH,2026-06-10 20:52:12
TXN005794,CUST0392,4897.25,Food,2026-06-07,0,LOW,2026-06-10 20:52:12
TXN005795,CUST0076,33669.72,Travel,2026-03-23,0,HIGH,2026-06-10 20:52:12
TXN005796,CUST0991,18459.77,Healthcare,2026-02-01,0,HIGH,2026-06-10 20:52:12
TXN005797,CUST0228,46067.53,Travel,2026-02-24,0,HIGH,2026-06-10 20:52:12
TXN005798,CUST0762,31812.79,Healthcare,2026-01-13,0,HIGH,2026-06-10 20:52:12
TXN005799,CUST0214,35623.78,Healthcare,2026-02-10,0,HIGH,2026-06-10 20:52:12
TXN005800,CUST0073,41160.07,Healthcare,2026-02-19,0,HIGH,2026-06-10 20:52:12
TXN005801,CUST0960,2791.88,Travel,2026-04-17,0,LOW,2026-06-10 20:52:12
TXN005802,CUST0268,19244.5,Travel,2026-02-28,0,HIGH,2026-06-10 20:52:12
TXN005803,CUST0382,14342.91,Shopping,2026-03-26,0,HIGH,2026-06-10 20:52:12
TXN005804,CUST0124,45320.03,Healthcare,2026-03-15,0,HIGH,2026-06-10 20:52:12
TXN005805,CUST0446,16576.84,Shopping,2026-02-17,0,HIGH,2026-06-10 20:52:12
TXN005806,CUST0987,21742.37,Healthcare,2026-01-31,1,HIGH,2026-06-10 20:52:12
TXN005807,CUST0579,11850.64,Travel,2026-04-30,0,HIGH,2026-06-10 20:52:12
TXN005808,CUST0719,33632.25,Food,2026-02-14,0,HIGH,2026-06-10 20:52:12
TXN005809,CUST0729,42315.41,Shopping,2026-02-16,0,HIGH,2026-06-10 20:52:12
TXN005810,CUST0137,5457.14,Shopping,2026-02-05,0,MEDIUM,2026-06-10 20:52:12
TXN005811,CUST0809,13634.13,Travel,2026-02-04,0,HIGH,2026-06-10 20:52:12
TXN005812,CUST0118,20519.78,Food,2026-05-19,0,HIGH,2026-06-10 20:52:12
TXN005813,CUST0405,11642.95,Healthcare,2026-02-02,0,HIGH,2026-06-10 20:52:12
TXN005814,CUST0819,3013.99,Shopping,2026-04-04,0,LOW,2026-06-10 20:52:12
TXN005815,CUST0912,9785.72,Travel,2026-06-03,0,MEDIUM,2026-06-10 20:52:12
TXN005816,CUST0312,31404.08,Healthcare,2026-02-21,0,HIGH,2026-06-10 20:52:12
TXN005817,CUST0827,41020.35,Shopping,2026-04-19,0,HIGH,2026-06-10 20:52:12
TXN005818,CUST0868,24977.58,Food,2026-03-24,0,HIGH,2026-06-10 20:52:12
TXN005819,CUST0812,21483.82,Travel,2026-05-30,0,HIGH,2026-06-10 20:52:12
TXN005820,CUST0608,12180.81,Shopping,2026-06-01,1,HIGH,2026-06-10 20:52:12
TXN005821,CUST0342,44743.19,Food,2026-03-17,0,HIGH,2026-06-10 20:52:12
TXN005822,CUST0716,1160.5,Food,2026-03-20,0,LOW,2026-06-10 20:52:12
TXN005823,CUST0013,14827.84,Shopping,2026-05-09,0,HIGH,2026-06-10 20:52:12
TXN005824,CUST0994,41121.46,Travel,2026-02-02,0,HIGH,2026-06-10 20:52:12
TXN005825,CUST0422,6351.31,Healthcare,2026-01-27,0,MEDIUM,2026-06-10 20:52:12
TXN005826,CUST0635,9120.18,Food,2026-02-17,0,MEDIUM,2026-06-10 20:52:12
TXN005827,CUST0936,9110.44,Food,2026-04-02,0,MEDIUM,2026-06-10 20:52:12
TXN005828,CUST0602,24478.23,Healthcare,2026-05-26,0,HIGH,2026-06-10 20:52:12
TXN005829,CUST0262,949.85,Food,2026-03-05,0,LOW,2026-06-10 20:52:12
TXN005830,CUST0132,22905.04,Healthcare,2026-01-04,0,HIGH,2026-06-10 20:52:12
TXN005831,CUST0847,38282.92,Shopping,2026-01-30,0,HIGH,2026-06-10 20:52:12
TXN005832,CUST0655,31471.53,Healthcare,2026-04-15,0,HIGH,2026-06-10 20:52:12
TXN005833,CUST0330,3020.31,Healthcare,2026-03-10,0,LOW,2026-06-10 20:52:12
TXN005834,CUST0997,34887.03,Shopping,2026-05-18,0,HIGH,2026-06-10 20:52:12
TXN005835,CUST0864,48012.41,Food,2026-04-03,0,HIGH,2026-06-10 20:52:12
TXN005836,CUST0877,23333.66,Food,2026-02-11,0,HIGH,2026-06-10 20:52:12
TXN005837,CUST0832,22434.73,Healthcare,2026-04-17,0,HIGH,2026-06-10 20:52:12
TXN005838,CUST0653,2915.36,Healthcare,2026-03-12,0,LOW,2026-06-10 20:52:12
TXN005839,CUST0755,1791.48,Food,2026-01-09,0,LOW,2026-06-10 20:52:12
TXN005840,CUST0489,21567.98,Food,2026-03-02,0,HIGH,2026-06-10 20:52:12
TXN005841,CUST0706,30868.15,Travel,2026-02-20,0,HIGH,2026-06-10 20:52:12
TXN005842,CUST0356,36262.52,Shopping,2026-03-25,0,HIGH,2026-06-10 20:52:12
TXN005843,CUST0831,10292.71,Food,2026-04-06,0,HIGH,2026-06-10 20:52:12
TXN005844,CUST0929,2080.87,Healthcare,2026-02-03,0,LOW,2026-06-10 20:52:12
TXN005845,CUST0718,47908.09,Food,2026-04-30,0,HIGH,2026-06-10 20:52:12
TXN005846,CUST0265,1240.38,Travel,2026-04-06,0,LOW,2026-06-10 20:52:12
TXN005847,CUST0811,36024.15,Travel,2026-02-01,0,HIGH,2026-06-10 20:52:12
TXN005848,CUST0105,46208.07,Food,2026-02-04,0,HIGH,2026-06-10 20:52:12
TXN005849,CUST0486,14195.8,Food,2026-05-02,0,HIGH,2026-06-10 20:52:12
TXN005850,CUST0314,3467.42,Shopping,2026-01-30,0,LOW,2026-06-10 20:52:12
TXN005851,CUST0109,19264.09,Shopping,2026-03-28,0,HIGH,2026-06-10 20:52:12
TXN005852,CUST0871,40438.56,Shopping,2026-03-22,0,HIGH,2026-06-10 20:52:12
TXN005853,CUST0388,14773.42,Travel,2026-05-02,0,HIGH,2026-06-10 20:52:12
TXN005854,CUST0429,11319.82,Food,2026-04-20,0,HIGH,2026-06-10 20:52:12
TXN005855,CUST0566,44064.67,Shopping,2026-04-03,0,HIGH,2026-06-10 20:52:12
TXN005856,CUST0111,35372.03,Travel,2026-01-07,0,HIGH,2026-06-10 20:52:12
TXN005857,CUST0302,14636.87,Food,2026-05-29,0,HIGH,2026-06-10 20:52:12
TXN005858,CUST0639,39498.9,Travel,2026-04-16,0,HIGH,2026-06-10 20:52:12
TXN005859,CUST0143,24680.66,Travel,2026-04-20,0,HIGH,2026-06-10 20:52:12
TXN005860,CUST0874,14449.97,Food,2026-01-03,0,HIGH,2026-06-10 20:52:12
TXN005861,CUST0512,9762.74,Shopping,2026-05-06,0,MEDIUM,2026-06-10 20:52:12
TXN005862,CUST0389,26013.84,Shopping,2026-03-05,0,HIGH,2026-06-10 20:52:12
TXN005863,CUST0170,1839.28,Healthcare,2026-04-01,0,LOW,2026-06-10 20:52:12
TXN005864,CUST0988,39479.42,Food,2026-01-21,0,HIGH,2026-06-10 20:52:12
TXN005865,CUST0635,23878.88,Healthcare,2026-01-22,0,HIGH,2026-06-10 20:52:12
TXN005866,CUST0070,47583.38,Travel,2026-03-15,0,HIGH,2026-06-10 20:52:12
TXN005867,CUST0587,36848.55,Food,2026-05-30,0,HIGH,2026-06-10 20:52:12
TXN005868,CUST0494,33245.82,Food,2026-03-07,0,HIGH,2026-06-10 20:52:12
TXN005869,CUST0760,26279.32,Travel,2026-01-21,0,HIGH,2026-06-10 20:52:12
TXN005870,CUST0212,10268.11,Travel,2026-01-04,0,HIGH,2026-06-10 20:52:12
TXN005871,CUST0327,35708.4,Healthcare,2026-02-07,0,HIGH,2026-06-10 20:52:12
TXN005872,CUST0135,27495.08,Travel,2026-05-25,0,HIGH,2026-06-10 20:52:12
TXN005873,CUST0792,29195.35,Food,2026-03-25,0,HIGH,2026-06-10 20:52:12
TXN005874,CUST0654,2585.31,Travel,2026-02-08,0,LOW,2026-06-10 20:52:12
TXN005875,CUST0928,13348.22,Travel,2026-01-31,0,HIGH,2026-06-10 20:52:12
TXN005876,CUST0081,23228.74,Healthcare,2026-04-19,0,HIGH,2026-06-10 20:52:12
TXN005877,CUST0666,15314.71,Healthcare,2026-01-15,0,HIGH,2026-06-10 20:52:12
TXN005878,CUST0294,40608.11,Healthcare,2026-04-10,0,HIGH,2026-06-10 20:52:12
TXN005879,CUST0634,12525.94,Travel,2026-02-21,0,HIGH,2026-06-10 20:52:12
TXN005880,CUST0997,30784.15,Travel,2026-05-16,0,HIGH,2026-06-10 20:52:12
TXN005881,CUST0849,49144.12,Shopping,2026-02-26,1,HIGH,2026-06-10 20:52:12
TXN005882,CUST0954,5913.46,Shopping,2026-03-13,0,MEDIUM,2026-06-10 20:52:12
TXN005883,CUST0623,44324.93,Travel,2026-01-14,0,HIGH,2026-06-10 20:52:12
TXN005884,CUST0533,22828.41,Shopping,2026-01-07,0,HIGH,2026-06-10 20:52:12
TXN005885,CUST0309,13727.9,Food,2026-05-07,0,HIGH,2026-06-10 20:52:12
TXN005886,CUST0824,22672.71,Food,2026-02-12,0,HIGH,2026-06-10 20:52:12
TXN005887,CUST0192,30555.85,Healthcare,2026-04-26,0,HIGH,2026-06-10 20:52:12
TXN005888,CUST0838,43393.62,Food,2026-03-29,0,HIGH,2026-06-10 20:52:12
TXN005889,CUST0526,30910.84,Healthcare,2026-01-26,0,HIGH,2026-06-10 20:52:12
TXN005890,CUST0679,26306.75,Healthcare,2026-05-09,0,HIGH,2026-06-10 20:52:12
TXN005891,CUST0405,31015.48,Shopping,2026-04-17,0,HIGH,2026-06-10 20:52:12
TXN005892,CUST0568,16548.59,Shopping,2026-05-11,0,HIGH,2026-06-10 20:52:12
TXN005893,CUST0529,46080.78,Healthcare,2026-02-12,0,HIGH,2026-06-10 20:52:12
TXN005894,CUST0457,35191.12,Travel,2026-01-24,0,HIGH,2026-06-10 20:52:12
TXN005895,CUST0848,13246.7,Travel,2026-01-17,1,HIGH,2026-06-10 20:52:12
TXN005896,CUST0963,32394.09,Healthcare,2026-01-07,0,HIGH,2026-06-10 20:52:12
TXN005897,CUST0781,38127.85,Travel,2026-03-25,0,HIGH,2026-06-10 20:52:12
TXN005898,CUST0014,37135.79,Shopping,2026-02-20,0,HIGH,2026-06-10 20:52:12
TXN005899,CUST0744,33052.69,Travel,2026-06-05,0,HIGH,2026-06-10 20:52:12
TXN005900,CUST0630,32156.1,Food,2026-06-08,0,HIGH,2026-06-10 20:52:12
TXN005901,CUST0514,38983.53,Travel,2026-02-07,0,HIGH,2026-06-10 20:52:12
TXN005902,CUST0569,46653.85,Travel,2026-03-01,0,HIGH,2026-06-10 20:52:12
TXN005903,CUST0287,35179.24,Travel,2026-05-09,0,HIGH,2026-06-10 20:52:12
TXN005904,CUST0363,29584.3,Travel,2026-01-13,0,HIGH,2026-06-10 20:52:12
TXN005905,CUST0647,15732.88,Shopping,2026-03-17,0,HIGH,2026-06-10 20:52:12
TXN005906,CUST0575,34012.82,Food,2026-05-11,0,HIGH,2026-06-10 20:52:12
TXN005907,CUST0224,26117.33,Food,2026-03-28,0,HIGH,2026-06-10 20:52:12
TXN005908,CUST0898,35820.56,Food,2026-03-15,0,HIGH,2026-06-10 20:52:12
TXN005909,CUST0797,28573.05,Shopping,2026-03-01,0,HIGH,2026-06-10 20:52:12
TXN005910,CUST0595,36094.82,Travel,2026-04-23,0,HIGH,2026-06-10 20:52:12
TXN005911,CUST0381,5750.16,Travel,2026-04-16,0,MEDIUM,2026-06-10 20:52:12
TXN005912,CUST0910,22108.07,Healthcare,2026-05-26,0,HIGH,2026-06-10 20:52:12
TXN005913,CUST0726,12325.68,Food,2026-05-16,0,HIGH,2026-06-10 20:52:12
TXN005914,CUST0473,8485.99,Travel,2026-03-10,0,MEDIUM,2026-06-10 20:52:12
TXN005915,CUST0283,22270.24,Travel,2026-01-23,0,HIGH,2026-06-10 20:52:12
TXN005916,CUST0481,47940.13,Travel,2026-03-04,0,HIGH,2026-06-10 20:52:12
TXN005917,CUST0198,3117.9,Healthcare,2026-01-06,0,LOW,2026-06-10 20:52:12
TXN005918,CUST0605,36664.34,Travel,2026-06-09,1,HIGH,2026-06-10 20:52:12
TXN005919,CUST0938,48194.27,Healthcare,2026-01-06,0,HIGH,2026-06-10 20:52:12
TXN005920,CUST0569,43763.73,Food,2026-04-19,0,HIGH,2026-06-10 20:52:12
TXN005921,CUST0590,13879.63,Travel,2026-01-30,0,HIGH,2026-06-10 20:52:12
TXN005922,CUST0848,23971.57,Food,2026-02-02,0,HIGH,2026-06-10 20:52:12
TXN005923,CUST0856,18765.84,Food,2026-03-12,1,HIGH,2026-06-10 20:52:12
TXN005924,CUST0872,13120.81,Food,2026-01-09,0,HIGH,2026-06-10 20:52:12
TXN005925,CUST0842,33852.41,Food,2026-02-05,0,HIGH,2026-06-10 20:52:12
TXN005926,CUST0042,35571.96,Travel,2026-04-03,0,HIGH,2026-06-10 20:52:12
TXN005927,CUST0712,49946.6,Food,2026-05-03,0,HIGH,2026-06-10 20:52:12
TXN005928,CUST0337,37482.56,Healthcare,2026-04-11,0,HIGH,2026-06-10 20:52:12
TXN005929,CUST0107,41354.95,Travel,2026-05-09,0,HIGH,2026-06-10 20:52:12
TXN005930,CUST0615,13256.15,Shopping,2026-05-19,0,HIGH,2026-06-10 20:52:12
TXN005931,CUST0362,37302.21,Shopping,2026-05-07,0,HIGH,2026-06-10 20:52:12
TXN005932,CUST0749,5743.63,Shopping,2026-01-19,0,MEDIUM,2026-06-10 20:52:12
TXN005933,CUST0500,41719.4,Healthcare,2026-04-08,0,HIGH,2026-06-10 20:52:12
TXN005934,CUST0072,4757.64,Food,2026-01-14,0,LOW,2026-06-10 20:52:12
TXN005935,CUST0792,27803.2,Food,2026-03-14,0,HIGH,2026-06-10 20:52:12
TXN005936,CUST0053,29307.88,Shopping,2026-04-16,0,HIGH,2026-06-10 20:52:12
TXN005937,CUST0543,20268.77,Healthcare,2026-03-10,0,HIGH,2026-06-10 20:52:12
TXN005938,CUST0519,47658.57,Travel,2026-05-17,0,HIGH,2026-06-10 20:52:12
TXN005939,CUST0499,47632.26,Food,2026-02-08,0,HIGH,2026-06-10 20:52:12
TXN005940,CUST0622,16488.91,Healthcare,2026-02-03,0,HIGH,2026-06-10 20:52:12
TXN005941,CUST0476,21080.48,Food,2026-04-10,0,HIGH,2026-06-10 20:52:12
TXN005942,CUST0109,3668.28,Healthcare,2026-03-01,0,LOW,2026-06-10 20:52:12
TXN005943,CUST0758,8539.24,Travel,2026-01-17,0,MEDIUM,2026-06-10 20:52:12
TXN005944,CUST0387,39971.79,Shopping,2026-04-04,0,HIGH,2026-06-10 20:52:12
TXN005945,CUST0403,42185.56,Shopping,2026-01-19,0,HIGH,2026-06-10 20:52:12
TXN005946,CUST0330,15485.19,Shopping,2026-01-26,0,HIGH,2026-06-10 20:52:12
TXN005947,CUST0555,45148.21,Food,2026-02-08,0,HIGH,2026-06-10 20:52:12
TXN005948,CUST0622,35089.68,Healthcare,2026-01-26,0,HIGH,2026-06-10 20:52:12
TXN005949,CUST0278,8219.15,Travel,2026-02-15,1,MEDIUM,2026-06-10 20:52:12
TXN005950,CUST0811,41707.96,Travel,2026-02-03,0,HIGH,2026-06-10 20:52:12
TXN005951,CUST0016,33285.0,Shopping,2026-05-27,0,HIGH,2026-06-10 20:52:12
TXN005952,CUST0450,34288.56,Shopping,2026-05-01,0,HIGH,2026-06-10 20:52:12
TXN005953,CUST0208,31549.81,Travel,2026-06-09,0,HIGH,2026-06-10 20:52:12
TXN005954,CUST0482,14889.23,Shopping,2026-04-29,0,HIGH,2026-06-10 20:52:12
TXN005955,CUST0662,19709.32,Shopping,2026-01-03,0,HIGH,2026-06-10 20:52:12
TXN005956,CUST0212,6012.46,Shopping,2026-06-04,0,MEDIUM,2026-06-10 20:52:12
TXN005957,CUST0988,18397.41,Food,2026-01-02,0,HIGH,2026-06-10 20:52:12
TXN005958,CUST0748,44446.46,Food,2026-01-26,1,HIGH,2026-06-10 20:52:12
TXN005959,CUST0995,3805.5,Travel,2026-02-10,0,LOW,2026-06-10 20:52:12
TXN005960,CUST0572,19988.3,Shopping,2026-05-10,0,HIGH,2026-06-10 20:52:12
TXN005961,CUST0344,6427.95,Food,2026-05-05,0,MEDIUM,2026-06-10 20:52:12
TXN005962,CUST0861,7534.74,Shopping,2026-03-13,0,MEDIUM,2026-06-10 20:52:12
TXN005963,CUST0029,41330.18,Shopping,2026-05-27,0,HIGH,2026-06-10 20:52:12
TXN005964,CUST0969,26422.6,Healthcare,2026-03-17,0,HIGH,2026-06-10 20:52:12
TXN005965,CUST0094,35337.48,Healthcare,2026-01-10,0,HIGH,2026-06-10 20:52:12
TXN005966,CUST0916,49192.54,Food,2026-03-31,0,HIGH,2026-06-10 20:52:12
TXN005967,CUST0073,11810.78,Healthcare,2026-04-27,0,HIGH,2026-06-10 20:52:12
TXN005968,CUST0656,31745.54,Food,2026-02-21,0,HIGH,2026-06-10 20:52:12
TXN005969,CUST0919,13108.06,Healthcare,2026-01-12,0,HIGH,2026-06-10 20:52:12
TXN005970,CUST0913,20734.95,Food,2026-03-17,0,HIGH,2026-06-10 20:52:12
TXN005971,CUST0470,17820.53,Healthcare,2026-04-26,0,HIGH,2026-06-10 20:52:12
TXN005972,CUST0405,28499.43,Travel,2026-04-10,0,HIGH,2026-06-10 20:52:12
TXN005973,CUST0272,15090.68,Food,2026-05-30,0,HIGH,2026-06-10 20:52:12
TXN005974,CUST0675,7724.43,Food,2026-01-13,0,MEDIUM,2026-06-10 20:52:12
TXN005975,CUST0357,31081.31,Shopping,2026-03-23,0,HIGH,2026-06-10 20:52:12
TXN005976,CUST0066,35349.41,Food,2026-02-28,0,HIGH,2026-06-10 20:52:12
TXN005977,CUST0382,41758.69,Food,2026-02-09,0,HIGH,2026-06-10 20:52:12
TXN005978,CUST0335,30012.06,Healthcare,2026-02-03,0,HIGH,2026-06-10 20:52:12
TXN005979,CUST0601,43375.33,Healthcare,2026-05-06,1,HIGH,2026-06-10 20:52:12
TXN005980,CUST0359,18325.85,Shopping,2026-03-13,0,HIGH,2026-06-10 20:52:12
TXN005981,CUST0422,7239.51,Travel,2026-01-02,0,MEDIUM,2026-06-10 20:52:12
TXN005982,CUST0725,46398.03,Healthcare,2026-02-27,0,HIGH,2026-06-10 20:52:12
TXN005983,CUST0692,33118.95,Travel,2026-05-19,0,HIGH,2026-06-10 20:52:12
TXN005984,CUST0573,46650.33,Food,2026-04-22,0,HIGH,2026-06-10 20:52:12
TXN005985,CUST0973,9013.88,Travel,2026-01-30,0,MEDIUM,2026-06-10 20:52:12
TXN005986,CUST0945,46445.28,Healthcare,2026-06-03,0,HIGH,2026-06-10 20:52:12
TXN005987,CUST0701,2584.29,Travel,2026-02-22,0,LOW,2026-06-10 20:52:12
TXN005988,CUST0121,49145.81,Healthcare,2026-04-30,0,HIGH,2026-06-10 20:52:12
TXN005989,CUST0922,36011.55,Travel,2026-04-16,0,HIGH,2026-06-10 20:52:12
TXN005990,CUST0291,37287.25,Healthcare,2026-03-22,0,HIGH,2026-06-10 20:52:12
TXN005991,CUST0242,41809.96,Food,2026-02-26,0,HIGH,2026-06-10 20:52:12
TXN005992,CUST0173,33095.65,Shopping,2026-04-12,0,HIGH,2026-06-10 20:52:12
TXN005993,CUST0518,40802.59,Travel,2026-01-15,0,HIGH,2026-06-10 20:52:12
TXN005994,CUST0346,11670.44,Shopping,2026-04-20,0,HIGH,2026-06-10 20:52:12
TXN005995,CUST0724,5855.46,Healthcare,2026-01-30,0,MEDIUM,2026-06-10 20:52:12
TXN005996,CUST0413,37097.84,Food,2026-04-12,0,HIGH,2026-06-10 20:52:12
TXN005997,CUST0068,41579.8,Travel,2026-03-24,0,HIGH,2026-06-10 20:52:12
TXN005998,CUST0332,29869.89,Travel,2026-04-11,0,HIGH,2026-06-10 20:52:12
TXN005999,CUST0714,22265.5,Healthcare,2026-05-02,0,HIGH,2026-06-10 20:52:12
TXN006000,CUST0028,20666.15,Healthcare,2026-03-30,0,HIGH,2026-06-10 20:52:12
TXN006001,CUST0823,24265.2,Healthcare,2026-01-04,0,HIGH,2026-06-10 20:52:12
TXN006002,CUST0968,31005.51,Travel,2026-02-25,0,HIGH,2026-06-10 20:52:12
TXN006003,CUST0528,16979.92,Healthcare,2026-02-23,0,HIGH,2026-06-10 20:52:12
TXN006004,CUST0972,28540.55,Food,2026-04-18,0,HIGH,2026-06-10 20:52:12
TXN006005,CUST0072,28472.69,Healthcare,2026-03-18,0,HIGH,2026-06-10 20:52:12
TXN006006,CUST0648,42533.13,Shopping,2026-01-28,0,HIGH,2026-06-10 20:52:12
TXN006007,CUST0735,39790.2,Travel,2026-02-17,0,HIGH,2026-06-10 20:52:12
TXN006008,CUST0045,36452.63,Travel,2026-05-09,0,HIGH,2026-06-10 20:52:12
TXN006009,CUST0180,36069.45,Food,2026-03-30,0,HIGH,2026-06-10 20:52:12
TXN006010,CUST0960,3975.18,Healthcare,2026-02-08,0,LOW,2026-06-10 20:52:12
TXN006011,CUST0616,24445.32,Food,2026-01-12,0,HIGH,2026-06-10 20:52:12
TXN006012,CUST0435,25205.92,Shopping,2026-02-11,0,HIGH,2026-06-10 20:52:12
TXN006013,CUST0007,7641.36,Shopping,2026-05-17,0,MEDIUM,2026-06-10 20:52:12
TXN006014,CUST0333,15891.61,Shopping,2026-03-26,0,HIGH,2026-06-10 20:52:12
TXN006015,CUST0047,31870.44,Shopping,2026-02-05,0,HIGH,2026-06-10 20:52:12
TXN006016,CUST0742,32574.82,Food,2026-03-06,0,HIGH,2026-06-10 20:52:12
TXN006017,CUST0243,49019.28,Shopping,2026-03-10,0,HIGH,2026-06-10 20:52:12
TXN006018,CUST0639,11956.04,Healthcare,2026-06-01,0,HIGH,2026-06-10 20:52:12
TXN006019,CUST0189,2570.37,Healthcare,2026-01-09,0,LOW,2026-06-10 20:52:12
TXN006020,CUST0418,1859.16,Shopping,2026-04-24,0,LOW,2026-06-10 20:52:12
TXN006021,CUST0367,6303.51,Healthcare,2026-04-27,0,MEDIUM,2026-06-10 20:52:12
TXN006022,CUST0423,36018.75,Travel,2026-01-29,0,HIGH,2026-06-10 20:52:12
TXN006023,CUST0234,44463.94,Food,2026-03-04,0,HIGH,2026-06-10 20:52:12
TXN006024,CUST0798,26971.9,Healthcare,2026-04-12,0,HIGH,2026-06-10 20:52:12
TXN006025,CUST0676,40247.05,Travel,2026-03-27,0,HIGH,2026-06-10 20:52:12
TXN006026,CUST0620,21706.17,Food,2026-01-25,0,HIGH,2026-06-10 20:52:12
TXN006027,CUST0485,10792.9,Travel,2026-01-05,0,HIGH,2026-06-10 20:52:12
TXN006028,CUST0924,13440.86,Travel,2026-03-13,0,HIGH,2026-06-10 20:52:12
TXN006029,CUST0099,30597.39,Food,2026-04-01,0,HIGH,2026-06-10 20:52:12
TXN006030,CUST0246,8903.71,Shopping,2026-02-13,0,MEDIUM,2026-06-10 20:52:12
TXN006031,CUST0542,18937.98,Healthcare,2026-01-31,0,HIGH,2026-06-10 20:52:12
TXN006032,CUST0239,12324.48,Healthcare,2026-01-21,0,HIGH,2026-06-10 20:52:12
TXN006033,CUST0566,23633.02,Food,2026-04-30,0,HIGH,2026-06-10 20:52:12
TXN006034,CUST0715,37716.39,Healthcare,2026-01-30,0,HIGH,2026-06-10 20:52:12
TXN006035,CUST0723,16971.07,Healthcare,2026-05-04,0,HIGH,2026-06-10 20:52:12
TXN006036,CUST0842,4204.64,Shopping,2026-01-26,0,LOW,2026-06-10 20:52:12
TXN006037,CUST0254,22455.2,Shopping,2026-01-25,0,HIGH,2026-06-10 20:52:12
TXN006038,CUST0101,36859.45,Food,2026-05-08,0,HIGH,2026-06-10 20:52:12
TXN006039,CUST0690,10124.23,Shopping,2026-04-14,0,HIGH,2026-06-10 20:52:12
TXN006040,CUST0998,47642.99,Food,2026-03-21,0,HIGH,2026-06-10 20:52:12
TXN006041,CUST0179,254.27,Healthcare,2026-03-28,0,LOW,2026-06-10 20:52:12
TXN006042,CUST0636,21303.09,Travel,2026-05-03,0,HIGH,2026-06-10 20:52:12
TXN006043,CUST0088,11423.58,Food,2026-04-03,0,HIGH,2026-06-10 20:52:12
TXN006044,CUST0839,19978.92,Travel,2026-04-06,0,HIGH,2026-06-10 20:52:12
TXN006045,CUST0095,39730.53,Healthcare,2026-02-25,0,HIGH,2026-06-10 20:52:12
TXN006046,CUST0513,35735.3,Shopping,2026-03-18,0,HIGH,2026-06-10 20:52:12
TXN006047,CUST0912,27619.38,Shopping,2026-04-06,0,HIGH,2026-06-10 20:52:12
TXN006048,CUST0151,40543.38,Travel,2026-05-30,1,HIGH,2026-06-10 20:52:12
TXN006049,CUST0788,6499.06,Healthcare,2026-01-29,0,MEDIUM,2026-06-10 20:52:12
TXN006050,CUST0918,36799.39,Food,2026-04-09,0,HIGH,2026-06-10 20:52:12
TXN006051,CUST0030,9194.16,Healthcare,2026-05-16,0,MEDIUM,2026-06-10 20:52:12
TXN006052,CUST0921,15626.97,Healthcare,2026-02-03,0,HIGH,2026-06-10 20:52:12
TXN006053,CUST0095,28678.05,Healthcare,2026-05-20,0,HIGH,2026-06-10 20:52:12
TXN006054,CUST0464,31671.12,Travel,2026-03-18,0,HIGH,2026-06-10 20:52:12
TXN006055,CUST0659,41284.43,Travel,2026-02-01,1,HIGH,2026-06-10 20:52:12
TXN006056,CUST0349,38352.47,Travel,2026-04-26,0,HIGH,2026-06-10 20:52:12
TXN006057,CUST0317,960.94,Food,2026-03-28,0,LOW,2026-06-10 20:52:12
TXN006058,CUST0567,10606.67,Healthcare,2026-05-17,0,HIGH,2026-06-10 20:52:12
TXN006059,CUST0140,37596.19,Travel,2026-04-07,0,HIGH,2026-06-10 20:52:12
TXN006060,CUST0003,45656.9,Food,2026-02-01,1,HIGH,2026-06-10 20:52:12
TXN006061,CUST0060,21935.13,Food,2026-03-08,0,HIGH,2026-06-10 20:52:12
TXN006062,CUST0988,11578.53,Shopping,2026-05-16,0,HIGH,2026-06-10 20:52:12
TXN006063,CUST0447,17783.62,Travel,2026-04-02,0,HIGH,2026-06-10 20:52:12
TXN006064,CUST0449,5371.49,Food,2026-05-06,0,MEDIUM,2026-06-10 20:52:12
TXN006065,CUST0820,28840.47,Travel,2026-04-05,0,HIGH,2026-06-10 20:52:12
TXN006066,CUST0446,36162.54,Travel,2026-02-13,0,HIGH,2026-06-10 20:52:12
TXN006067,CUST0756,46238.78,Shopping,2026-05-20,0,HIGH,2026-06-10 20:52:12
TXN006068,CUST0429,33929.84,Healthcare,2026-05-07,0,HIGH,2026-06-10 20:52:12
TXN006069,CUST0387,9514.61,Food,2026-02-05,0,MEDIUM,2026-06-10 20:52:12
TXN006070,CUST0642,48686.78,Healthcare,2026-04-17,0,HIGH,2026-06-10 20:52:12
TXN006071,CUST0076,43715.75,Food,2026-02-19,0,HIGH,2026-06-10 20:52:12
TXN006072,CUST0838,2405.83,Shopping,2026-01-01,0,LOW,2026-06-10 20:52:12
TXN006073,CUST0570,41784.37,Food,2026-03-19,0,HIGH,2026-06-10 20:52:12
TXN006074,CUST0407,36265.63,Travel,2026-05-03,0,HIGH,2026-06-10 20:52:12
TXN006075,CUST0348,17514.35,Healthcare,2026-05-31,0,HIGH,2026-06-10 20:52:12
TXN006076,CUST0248,41051.28,Shopping,2026-03-02,0,HIGH,2026-06-10 20:52:12
TXN006077,CUST0039,14777.36,Shopping,2026-02-22,1,HIGH,2026-06-10 20:52:12
TXN006078,CUST0236,30013.53,Food,2026-05-04,1,HIGH,2026-06-10 20:52:12
TXN006079,CUST0780,8213.36,Food,2026-06-07,0,MEDIUM,2026-06-10 20:52:12
TXN006080,CUST0356,1142.04,Shopping,2026-05-12,0,LOW,2026-06-10 20:52:12
TXN006081,CUST0463,35470.71,Travel,2026-04-30,0,HIGH,2026-06-10 20:52:12
TXN006082,CUST0053,17064.45,Food,2026-03-18,0,HIGH,2026-06-10 20:52:12
TXN006083,CUST0401,38305.13,Food,2026-03-03,0,HIGH,2026-06-10 20:52:12
TXN006084,CUST0741,25820.7,Healthcare,2026-03-25,0,HIGH,2026-06-10 20:52:12
TXN006085,CUST0287,8857.6,Shopping,2026-06-07,0,MEDIUM,2026-06-10 20:52:12
TXN006086,CUST0794,961.13,Healthcare,2026-02-17,1,LOW,2026-06-10 20:52:12
TXN006087,CUST0366,19597.5,Healthcare,2026-01-10,0,HIGH,2026-06-10 20:52:12
TXN006088,CUST0712,7202.05,Travel,2026-03-28,0,MEDIUM,2026-06-10 20:52:12
TXN006089,CUST0654,12469.9,Shopping,2026-05-11,0,HIGH,2026-06-10 20:52:12
TXN006090,CUST0429,5830.17,Shopping,2026-06-04,0,MEDIUM,2026-06-10 20:52:12
TXN006091,CUST0629,32706.77,Food,2026-04-21,0,HIGH,2026-06-10 20:52:12
TXN006092,CUST0770,6084.68,Shopping,2026-03-18,0,MEDIUM,2026-06-10 20:52:12
TXN006093,CUST0139,1366.35,Healthcare,2026-06-05,0,LOW,2026-06-10 20:52:12
TXN006094,CUST0664,38689.3,Shopping,2026-04-15,0,HIGH,2026-06-10 20:52:12
TXN006095,CUST0689,25177.78,Shopping,2026-01-09,0,HIGH,2026-06-10 20:52:12
TXN006096,CUST0584,25208.73,Shopping,2026-03-07,0,HIGH,2026-06-10 20:52:12
TXN006097,CUST0103,36834.85,Healthcare,2026-02-12,0,HIGH,2026-06-10 20:52:12
TXN006098,CUST0821,28914.6,Shopping,2026-01-03,1,HIGH,2026-06-10 20:52:12
TXN006099,CUST0302,2247.4,Travel,2026-05-15,0,LOW,2026-06-10 20:52:12
TXN006100,CUST0130,28478.42,Food,2026-01-17,0,HIGH,2026-06-10 20:52:12
TXN006101,CUST0253,22426.61,Shopping,2026-05-04,0,HIGH,2026-06-10 20:52:12
TXN006102,CUST0370,13953.95,Travel,2026-05-26,0,HIGH,2026-06-10 20:52:12
TXN006103,CUST0449,11942.42,Travel,2026-02-05,0,HIGH,2026-06-10 20:52:12
TXN006104,CUST0923,15992.35,Travel,2026-01-09,0,HIGH,2026-06-10 20:52:12
TXN006105,CUST0048,1949.88,Healthcare,2026-01-23,0,LOW,2026-06-10 20:52:12
TXN006106,CUST0284,17491.9,Healthcare,2026-01-22,0,HIGH,2026-06-10 20:52:12
TXN006107,CUST0079,23471.65,Healthcare,2026-01-08,0,HIGH,2026-06-10 20:52:12
TXN006108,CUST0669,4694.23,Food,2026-01-11,0,LOW,2026-06-10 20:52:12
TXN006109,CUST0027,8654.42,Shopping,2026-05-26,1,MEDIUM,2026-06-10 20:52:12
TXN006110,CUST0776,17715.59,Food,2026-04-25,0,HIGH,2026-06-10 20:52:12
TXN006111,CUST0809,36686.75,Travel,2026-05-14,0,HIGH,2026-06-10 20:52:12
TXN006112,CUST0388,7163.27,Food,2026-01-22,0,MEDIUM,2026-06-10 20:52:12
TXN006113,CUST0057,35382.88,Food,2026-01-17,1,HIGH,2026-06-10 20:52:12
TXN006114,CUST0868,9875.28,Shopping,2026-01-18,0,MEDIUM,2026-06-10 20:52:12
TXN006115,CUST0822,41290.83,Food,2026-03-30,0,HIGH,2026-06-10 20:52:12
TXN006116,CUST0804,9825.96,Healthcare,2026-02-26,0,MEDIUM,2026-06-10 20:52:12
TXN006117,CUST0440,7160.63,Travel,2026-02-08,0,MEDIUM,2026-06-10 20:52:12
TXN006118,CUST0659,18175.27,Shopping,2026-03-18,0,HIGH,2026-06-10 20:52:12
TXN006119,CUST0249,2228.4,Travel,2026-04-21,0,LOW,2026-06-10 20:52:12
TXN006120,CUST0314,12387.61,Shopping,2026-04-11,0,HIGH,2026-06-10 20:52:12
TXN006121,CUST0996,38225.29,Travel,2026-02-26,0,HIGH,2026-06-10 20:52:12
TXN006122,CUST0713,19624.75,Shopping,2026-01-21,0,HIGH,2026-06-10 20:52:12
TXN006123,CUST0379,22299.71,Food,2026-05-14,0,HIGH,2026-06-10 20:52:12
TXN006124,CUST0960,48490.49,Food,2026-02-21,0,HIGH,2026-06-10 20:52:12
TXN006125,CUST0022,22043.3,Food,2026-04-18,0,HIGH,2026-06-10 20:52:12
TXN006126,CUST0684,13250.15,Shopping,2026-01-04,0,HIGH,2026-06-10 20:52:12
TXN006127,CUST0632,12351.5,Food,2026-03-03,0,HIGH,2026-06-10 20:52:12
TXN006128,CUST0316,26191.21,Travel,2026-01-29,1,HIGH,2026-06-10 20:52:12
TXN006129,CUST0741,12154.08,Travel,2026-05-01,0,HIGH,2026-06-10 20:52:12
TXN006130,CUST0763,11949.62,Food,2026-06-06,0,HIGH,2026-06-10 20:52:12
TXN006131,CUST0653,16386.25,Travel,2026-02-14,0,HIGH,2026-06-10 20:52:12
TXN006132,CUST0479,36300.51,Healthcare,2026-06-02,0,HIGH,2026-06-10 20:52:12
TXN006133,CUST0651,23017.85,Healthcare,2026-04-26,0,HIGH,2026-06-10 20:52:12
TXN006134,CUST0570,48571.23,Shopping,2026-03-24,0,HIGH,2026-06-10 20:52:12
TXN006135,CUST0254,44910.04,Food,2026-03-29,0,HIGH,2026-06-10 20:52:12
TXN006136,CUST0228,46941.26,Travel,2026-03-11,0,HIGH,2026-06-10 20:52:12
TXN006137,CUST0730,9516.51,Healthcare,2026-04-17,0,MEDIUM,2026-06-10 20:52:12
TXN006138,CUST0338,12447.95,Food,2026-04-21,0,HIGH,2026-06-10 20:52:12
TXN006139,CUST0965,18999.23,Travel,2026-04-03,0,HIGH,2026-06-10 20:52:12
TXN006140,CUST0801,24526.41,Food,2026-01-26,0,HIGH,2026-06-10 20:52:12
TXN006141,CUST0029,29933.43,Healthcare,2026-06-02,0,HIGH,2026-06-10 20:52:12
TXN006142,CUST0122,1937.77,Healthcare,2026-03-27,0,LOW,2026-06-10 20:52:12
TXN006143,CUST0471,18481.36,Healthcare,2026-01-05,0,HIGH,2026-06-10 20:52:12
TXN006144,CUST0963,11593.87,Travel,2026-03-09,0,HIGH,2026-06-10 20:52:12
TXN006145,CUST0345,19351.08,Healthcare,2026-05-28,0,HIGH,2026-06-10 20:52:12
TXN006146,CUST0032,37672.94,Food,2026-03-15,0,HIGH,2026-06-10 20:52:12
TXN006147,CUST0324,45961.46,Shopping,2026-03-14,0,HIGH,2026-06-10 20:52:12
TXN006148,CUST0982,10554.97,Travel,2026-03-15,0,HIGH,2026-06-10 20:52:12
TXN006149,CUST0606,529.07,Food,2026-02-27,0,LOW,2026-06-10 20:52:12
TXN006150,CUST0908,4021.37,Travel,2026-05-04,0,LOW,2026-06-10 20:52:12
TXN006151,CUST0688,746.53,Healthcare,2026-03-09,0,LOW,2026-06-10 20:52:12
TXN006152,CUST0322,337.08,Healthcare,2026-01-23,0,LOW,2026-06-10 20:52:12
TXN006153,CUST0880,26437.3,Food,2026-01-29,0,HIGH,2026-06-10 20:52:12
TXN006154,CUST0189,5609.2,Travel,2026-01-01,0,MEDIUM,2026-06-10 20:52:12
TXN006155,CUST0213,35208.58,Travel,2026-01-16,0,HIGH,2026-06-10 20:52:12
TXN006156,CUST0342,14791.28,Food,2026-01-14,0,HIGH,2026-06-10 20:52:12
TXN006157,CUST0563,11222.89,Shopping,2026-04-16,0,HIGH,2026-06-10 20:52:12
TXN006158,CUST0329,45883.08,Healthcare,2026-03-31,0,HIGH,2026-06-10 20:52:12
TXN006159,CUST0887,13701.97,Shopping,2026-02-24,0,HIGH,2026-06-10 20:52:12
TXN006160,CUST0177,12868.34,Travel,2026-06-01,0,HIGH,2026-06-10 20:52:12
TXN006161,CUST0524,18655.2,Food,2026-02-26,0,HIGH,2026-06-10 20:52:12
TXN006162,CUST0218,29467.15,Shopping,2026-01-25,0,HIGH,2026-06-10 20:52:12
TXN006163,CUST0954,17963.54,Food,2026-04-24,0,HIGH,2026-06-10 20:52:12
TXN006164,CUST0265,41978.76,Travel,2026-01-13,0,HIGH,2026-06-10 20:52:12
TXN006165,CUST0180,3691.4,Healthcare,2026-03-28,0,LOW,2026-06-10 20:52:12
TXN006166,CUST0064,26608.82,Travel,2026-01-05,1,HIGH,2026-06-10 20:52:12
TXN006167,CUST0345,42689.5,Healthcare,2026-04-27,0,HIGH,2026-06-10 20:52:12
TXN006168,CUST1000,37945.64,Healthcare,2026-03-04,0,HIGH,2026-06-10 20:52:12
TXN006169,CUST0984,34230.0,Healthcare,2026-03-03,0,HIGH,2026-06-10 20:52:12
TXN006170,CUST0504,15014.72,Travel,2026-04-05,0,HIGH,2026-06-10 20:52:12
TXN006171,CUST0274,44654.73,Travel,2026-04-13,0,HIGH,2026-06-10 20:52:12
TXN006172,CUST0646,6092.53,Shopping,2026-04-22,0,MEDIUM,2026-06-10 20:52:12
TXN006173,CUST0321,1391.42,Shopping,2026-01-20,0,LOW,2026-06-10 20:52:12
TXN006174,CUST0537,17784.43,Shopping,2026-02-22,0,HIGH,2026-06-10 20:52:12
TXN006175,CUST0680,15792.67,Travel,2026-01-06,0,HIGH,2026-06-10 20:52:12
TXN006176,CUST0968,20754.53,Food,2026-04-11,0,HIGH,2026-06-10 20:52:12
TXN006177,CUST0406,1085.3,Travel,2026-03-30,1,LOW,2026-06-10 20:52:12
TXN006178,CUST0878,25852.37,Shopping,2026-01-27,0,HIGH,2026-06-10 20:52:12
TXN006179,CUST0248,9913.3,Healthcare,2026-06-07,0,MEDIUM,2026-06-10 20:52:12
TXN006180,CUST0206,16986.46,Shopping,2026-02-27,0,HIGH,2026-06-10 20:52:12
TXN006181,CUST0153,16888.27,Food,2026-04-06,0,HIGH,2026-06-10 20:52:12
TXN006182,CUST0533,45862.26,Food,2026-03-03,0,HIGH,2026-06-10 20:52:12
TXN006183,CUST0780,33717.5,Healthcare,2026-01-23,0,HIGH,2026-06-10 20:52:12
TXN006184,CUST0203,33381.42,Food,2026-01-08,0,HIGH,2026-06-10 20:52:12
TXN006185,CUST0452,45314.95,Food,2026-05-21,0,HIGH,2026-06-10 20:52:12
TXN006186,CUST0326,45505.34,Travel,2026-02-10,0,HIGH,2026-06-10 20:52:12
TXN006187,CUST0786,28837.2,Food,2026-04-01,0,HIGH,2026-06-10 20:52:12
TXN006188,CUST0532,23673.5,Shopping,2026-01-16,0,HIGH,2026-06-10 20:52:12
TXN006189,CUST0396,14773.99,Shopping,2026-01-19,0,HIGH,2026-06-10 20:52:12
TXN006190,CUST0093,13040.4,Travel,2026-04-30,0,HIGH,2026-06-10 20:52:12
TXN006191,CUST0920,14297.61,Healthcare,2026-04-06,0,HIGH,2026-06-10 20:52:12
TXN006192,CUST0952,8946.87,Healthcare,2026-04-02,0,MEDIUM,2026-06-10 20:52:12
TXN006193,CUST0070,8808.05,Healthcare,2026-03-18,0,MEDIUM,2026-06-10 20:52:12
TXN006194,CUST0578,17936.66,Shopping,2026-01-20,0,HIGH,2026-06-10 20:52:12
TXN006195,CUST0744,14620.17,Healthcare,2026-04-11,0,HIGH,2026-06-10 20:52:12
TXN006196,CUST0762,48312.94,Food,2026-04-13,1,HIGH,2026-06-10 20:52:12
TXN006197,CUST0074,21634.36,Healthcare,2026-03-17,0,HIGH,2026-06-10 20:52:12
TXN006198,CUST0518,41560.16,Healthcare,2026-04-22,0,HIGH,2026-06-10 20:52:12
TXN006199,CUST0372,46887.83,Travel,2026-01-07,0,HIGH,2026-06-10 20:52:12
TXN006200,CUST0235,40082.09,Shopping,2026-03-08,0,HIGH,2026-06-10 20:52:12
TXN006201,CUST0806,47641.86,Food,2026-04-14,0,HIGH,2026-06-10 20:52:12
TXN006202,CUST0382,30923.12,Healthcare,2026-05-18,0,HIGH,2026-06-10 20:52:12
TXN006203,CUST0198,29255.13,Healthcare,2026-01-23,0,HIGH,2026-06-10 20:52:12
TXN006204,CUST0235,37725.99,Food,2026-03-14,0,HIGH,2026-06-10 20:52:12
TXN006205,CUST0970,29192.7,Travel,2026-03-04,0,HIGH,2026-06-10 20:52:12
TXN006206,CUST0187,27685.77,Shopping,2026-02-24,0,HIGH,2026-06-10 20:52:12
TXN006207,CUST0867,15864.65,Travel,2026-06-03,0,HIGH,2026-06-10 20:52:12
TXN006208,CUST0772,7790.49,Healthcare,2026-05-16,0,MEDIUM,2026-06-10 20:52:12
TXN006209,CUST0964,45478.88,Travel,2026-01-28,0,HIGH,2026-06-10 20:52:12
TXN006210,CUST0126,27720.16,Shopping,2026-05-21,0,HIGH,2026-06-10 20:52:12
TXN006211,CUST0487,29731.3,Food,2026-04-30,0,HIGH,2026-06-10 20:52:12
TXN006212,CUST0627,33623.83,Shopping,2026-05-21,0,HIGH,2026-06-10 20:52:12
TXN006213,CUST0068,2088.79,Healthcare,2026-04-20,1,LOW,2026-06-10 20:52:12
TXN006214,CUST0800,22324.52,Healthcare,2026-01-14,0,HIGH,2026-06-10 20:52:12
TXN006215,CUST0029,23719.4,Travel,2026-03-01,0,HIGH,2026-06-10 20:52:12
TXN006216,CUST0196,29555.65,Travel,2026-05-24,0,HIGH,2026-06-10 20:52:12
TXN006217,CUST0364,20719.35,Travel,2026-04-06,1,HIGH,2026-06-10 20:52:12
TXN006218,CUST0179,36560.39,Shopping,2026-05-05,0,HIGH,2026-06-10 20:52:12
TXN006219,CUST0953,22147.7,Healthcare,2026-04-11,0,HIGH,2026-06-10 20:52:12
TXN006220,CUST0001,13212.86,Travel,2026-04-28,0,HIGH,2026-06-10 20:52:12
TXN006221,CUST0601,42911.46,Shopping,2026-05-25,0,HIGH,2026-06-10 20:52:12
TXN006222,CUST0181,28523.05,Food,2026-05-07,0,HIGH,2026-06-10 20:52:12
TXN006223,CUST0609,47618.72,Food,2026-04-12,0,HIGH,2026-06-10 20:52:12
TXN006224,CUST0700,4486.76,Food,2026-05-21,0,LOW,2026-06-10 20:52:12
TXN006225,CUST0005,4100.77,Shopping,2026-04-27,0,LOW,2026-06-10 20:52:12
TXN006226,CUST0599,30929.4,Travel,2026-03-20,0,HIGH,2026-06-10 20:52:12
TXN006227,CUST0581,21380.46,Travel,2026-01-15,0,HIGH,2026-06-10 20:52:12
TXN006228,CUST0306,22615.39,Healthcare,2026-03-25,0,HIGH,2026-06-10 20:52:12
TXN006229,CUST0044,4948.57,Healthcare,2026-05-08,0,LOW,2026-06-10 20:52:12
TXN006230,CUST0714,21834.6,Food,2026-03-22,0,HIGH,2026-06-10 20:52:12
TXN006231,CUST0614,14051.48,Food,2026-05-16,0,HIGH,2026-06-10 20:52:12
TXN006232,CUST0865,11965.06,Food,2026-03-04,0,HIGH,2026-06-10 20:52:12
TXN006233,CUST0907,5482.59,Shopping,2026-03-10,0,MEDIUM,2026-06-10 20:52:12
TXN006234,CUST0915,22858.52,Healthcare,2026-05-22,0,HIGH,2026-06-10 20:52:12
TXN006235,CUST0319,42869.47,Healthcare,2026-01-15,0,HIGH,2026-06-10 20:52:12
TXN006236,CUST0089,25793.42,Travel,2026-06-03,1,HIGH,2026-06-10 20:52:12
TXN006237,CUST0027,18281.52,Food,2026-01-30,0,HIGH,2026-06-10 20:52:12
TXN006238,CUST0349,21773.59,Shopping,2026-03-16,0,HIGH,2026-06-10 20:52:12
TXN006239,CUST0904,6545.76,Shopping,2026-01-23,0,MEDIUM,2026-06-10 20:52:12
TXN006240,CUST0149,30135.54,Healthcare,2026-02-28,0,HIGH,2026-06-10 20:52:12
TXN006241,CUST0127,14371.35,Travel,2026-05-23,0,HIGH,2026-06-10 20:52:12
TXN006242,CUST0892,23726.64,Travel,2026-06-01,0,HIGH,2026-06-10 20:52:12
TXN006243,CUST0868,47932.51,Healthcare,2026-01-23,0,HIGH,2026-06-10 20:52:12
TXN006244,CUST0572,23695.77,Healthcare,2026-01-27,0,HIGH,2026-06-10 20:52:12
TXN006245,CUST0028,11975.69,Food,2026-04-18,0,HIGH,2026-06-10 20:52:12
TXN006246,CUST0506,26936.42,Shopping,2026-01-03,0,HIGH,2026-06-10 20:52:12
TXN006247,CUST0187,39395.63,Food,2026-03-26,0,HIGH,2026-06-10 20:52:12
TXN006248,CUST0801,47570.68,Healthcare,2026-01-30,0,HIGH,2026-06-10 20:52:12
TXN006249,CUST0283,46074.69,Food,2026-03-11,0,HIGH,2026-06-10 20:52:12
TXN006250,CUST0443,44358.28,Food,2026-03-19,0,HIGH,2026-06-10 20:52:12
TXN006251,CUST0369,1878.81,Healthcare,2026-03-28,0,LOW,2026-06-10 20:52:12
TXN006252,CUST0989,17833.18,Travel,2026-01-16,0,HIGH,2026-06-10 20:52:12
TXN006253,CUST0278,44014.6,Travel,2026-04-13,0,HIGH,2026-06-10 20:52:12
TXN006254,CUST0889,17163.26,Food,2026-04-14,0,HIGH,2026-06-10 20:52:12
TXN006255,CUST0694,1215.3,Food,2026-05-16,1,LOW,2026-06-10 20:52:12
TXN006256,CUST0763,17257.24,Healthcare,2026-01-26,0,HIGH,2026-06-10 20:52:12
TXN006257,CUST0683,49584.89,Travel,2026-02-13,0,HIGH,2026-06-10 20:52:12
TXN006258,CUST0645,38207.99,Travel,2026-05-18,0,HIGH,2026-06-10 20:52:12
TXN006259,CUST0803,21899.8,Travel,2026-05-06,0,HIGH,2026-06-10 20:52:12
TXN006260,CUST0392,42616.15,Food,2026-01-27,0,HIGH,2026-06-10 20:52:12
TXN006261,CUST0043,8355.71,Travel,2026-02-24,1,MEDIUM,2026-06-10 20:52:12
TXN006262,CUST0211,2420.81,Travel,2026-01-08,0,LOW,2026-06-10 20:52:12
TXN006263,CUST0669,34390.21,Shopping,2026-02-28,0,HIGH,2026-06-10 20:52:12
TXN006264,CUST0130,49674.0,Healthcare,2026-04-10,0,HIGH,2026-06-10 20:52:12
TXN006265,CUST0736,18611.79,Food,2026-04-15,0,HIGH,2026-06-10 20:52:12
TXN006266,CUST0041,37371.36,Healthcare,2026-03-31,0,HIGH,2026-06-10 20:52:12
TXN006267,CUST0082,40620.5,Travel,2026-03-16,0,HIGH,2026-06-10 20:52:12
TXN006268,CUST0061,3765.35,Travel,2026-05-25,0,LOW,2026-06-10 20:52:12
TXN006269,CUST0469,42570.58,Healthcare,2026-04-13,1,HIGH,2026-06-10 20:52:12
TXN006270,CUST0453,1720.52,Shopping,2026-02-23,0,LOW,2026-06-10 20:52:12
TXN006271,CUST0562,18822.72,Shopping,2026-04-28,0,HIGH,2026-06-10 20:52:12
TXN006272,CUST0008,39325.2,Shopping,2026-05-19,0,HIGH,2026-06-10 20:52:12
TXN006273,CUST0827,29699.63,Food,2026-05-23,0,HIGH,2026-06-10 20:52:12
TXN006274,CUST0061,29536.68,Travel,2026-04-19,0,HIGH,2026-06-10 20:52:12
TXN006275,CUST0249,40590.33,Shopping,2026-02-20,0,HIGH,2026-06-10 20:52:12
TXN006276,CUST0160,15403.91,Travel,2026-03-26,0,HIGH,2026-06-10 20:52:12
TXN006277,CUST0974,39391.79,Travel,2026-01-15,0,HIGH,2026-06-10 20:52:12
TXN006278,CUST0704,45660.61,Healthcare,2026-03-19,1,HIGH,2026-06-10 20:52:12
TXN006279,CUST0358,32011.22,Healthcare,2026-05-02,0,HIGH,2026-06-10 20:52:12
TXN006280,CUST0428,39146.02,Healthcare,2026-05-07,0,HIGH,2026-06-10 20:52:12
TXN006281,CUST0457,5403.36,Shopping,2026-03-14,0,MEDIUM,2026-06-10 20:52:12
TXN006282,CUST0142,29449.19,Food,2026-03-10,0,HIGH,2026-06-10 20:52:12
TXN006283,CUST0555,43198.92,Shopping,2026-01-20,0,HIGH,2026-06-10 20:52:12
TXN006284,CUST0403,40092.39,Travel,2026-06-05,0,HIGH,2026-06-10 20:52:12
TXN006285,CUST0177,7575.62,Healthcare,2026-03-01,0,MEDIUM,2026-06-10 20:52:12
TXN006286,CUST0913,34520.35,Travel,2026-01-06,0,HIGH,2026-06-10 20:52:12
TXN006287,CUST0351,15138.97,Travel,2026-04-10,0,HIGH,2026-06-10 20:52:12
TXN006288,CUST0395,32032.03,Food,2026-03-12,1,HIGH,2026-06-10 20:52:12
TXN006289,CUST0123,22653.96,Travel,2026-04-26,0,HIGH,2026-06-10 20:52:12
TXN006290,CUST0472,27162.57,Travel,2026-01-29,0,HIGH,2026-06-10 20:52:12
TXN006291,CUST0081,47150.62,Shopping,2026-03-27,0,HIGH,2026-06-10 20:52:12
TXN006292,CUST0653,6758.03,Food,2026-02-24,0,MEDIUM,2026-06-10 20:52:12
TXN006293,CUST0641,8942.39,Shopping,2026-05-10,0,MEDIUM,2026-06-10 20:52:12
TXN006294,CUST0514,4610.14,Travel,2026-02-26,0,LOW,2026-06-10 20:52:12
TXN006295,CUST0510,1113.36,Shopping,2026-04-20,0,LOW,2026-06-10 20:52:12
TXN006296,CUST0302,47005.82,Travel,2026-02-23,0,HIGH,2026-06-10 20:52:12
TXN006297,CUST0461,21229.81,Shopping,2026-01-24,0,HIGH,2026-06-10 20:52:12
TXN006298,CUST0403,16868.97,Travel,2026-04-25,0,HIGH,2026-06-10 20:52:12
TXN006299,CUST0709,36010.54,Shopping,2026-05-28,0,HIGH,2026-06-10 20:52:12
TXN006300,CUST0836,18647.47,Travel,2026-05-22,0,HIGH,2026-06-10 20:52:12
TXN006301,CUST0965,47396.16,Shopping,2026-05-22,0,HIGH,2026-06-10 20:52:12
TXN006302,CUST0592,9368.51,Healthcare,2026-02-05,0,MEDIUM,2026-06-10 20:52:12
TXN006303,CUST0839,7888.07,Shopping,2026-05-09,0,MEDIUM,2026-06-10 20:52:12
TXN006304,CUST0308,19626.34,Travel,2026-02-15,0,HIGH,2026-06-10 20:52:12
TXN006305,CUST0103,22736.02,Travel,2026-04-05,0,HIGH,2026-06-10 20:52:12
TXN006306,CUST0312,21288.65,Shopping,2026-05-05,0,HIGH,2026-06-10 20:52:12
TXN006307,CUST0298,18701.71,Healthcare,2026-01-01,0,HIGH,2026-06-10 20:52:12
TXN006308,CUST0853,45902.89,Healthcare,2026-04-02,0,HIGH,2026-06-10 20:52:12
TXN006309,CUST0150,79.44,Healthcare,2026-03-29,0,LOW,2026-06-10 20:52:12
TXN006310,CUST0169,15543.48,Food,2026-04-05,0,HIGH,2026-06-10 20:52:12
TXN006311,CUST0057,3739.25,Healthcare,2026-01-29,0,LOW,2026-06-10 20:52:12
TXN006312,CUST0392,26790.09,Food,2026-04-15,0,HIGH,2026-06-10 20:52:12
TXN006313,CUST0103,1566.17,Food,2026-01-14,0,LOW,2026-06-10 20:52:12
TXN006314,CUST0703,29868.95,Travel,2026-03-11,0,HIGH,2026-06-10 20:52:12
TXN006315,CUST0538,32201.99,Shopping,2026-05-10,0,HIGH,2026-06-10 20:52:12
TXN006316,CUST0757,37428.64,Food,2026-02-11,0,HIGH,2026-06-10 20:52:12
TXN006317,CUST0373,10264.4,Healthcare,2026-03-14,0,HIGH,2026-06-10 20:52:12
TXN006318,CUST0465,11713.23,Shopping,2026-01-02,0,HIGH,2026-06-10 20:52:12
TXN006319,CUST0084,38053.52,Healthcare,2026-02-09,0,HIGH,2026-06-10 20:52:12
TXN006320,CUST0467,33920.89,Food,2026-05-08,0,HIGH,2026-06-10 20:52:12
TXN006321,CUST0215,18714.97,Food,2026-01-19,0,HIGH,2026-06-10 20:52:12
TXN006322,CUST0366,8091.05,Food,2026-03-25,0,MEDIUM,2026-06-10 20:52:12
TXN006323,CUST0374,12088.18,Healthcare,2026-05-24,0,HIGH,2026-06-10 20:52:12
TXN006324,CUST0841,33085.4,Travel,2026-04-28,0,HIGH,2026-06-10 20:52:12
TXN006325,CUST0448,8456.2,Travel,2026-02-17,0,MEDIUM,2026-06-10 20:52:12
TXN006326,CUST0184,15517.77,Healthcare,2026-03-08,0,HIGH,2026-06-10 20:52:12
TXN006327,CUST0179,27643.75,Healthcare,2026-05-15,1,HIGH,2026-06-10 20:52:12
TXN006328,CUST0415,45266.93,Healthcare,2026-01-16,0,HIGH,2026-06-10 20:52:12
TXN006329,CUST0089,23823.09,Healthcare,2026-03-03,0,HIGH,2026-06-10 20:52:12
TXN006330,CUST0918,48030.31,Food,2026-05-23,0,HIGH,2026-06-10 20:52:12
TXN006331,CUST0757,30446.84,Travel,2026-05-01,0,HIGH,2026-06-10 20:52:12
TXN006332,CUST0542,25362.4,Shopping,2026-04-21,0,HIGH,2026-06-10 20:52:12
TXN006333,CUST0161,26944.46,Food,2026-05-02,0,HIGH,2026-06-10 20:52:12
TXN006334,CUST0615,31910.9,Healthcare,2026-02-11,1,HIGH,2026-06-10 20:52:12
TXN006335,CUST0090,14821.02,Food,2026-05-01,0,HIGH,2026-06-10 20:52:12
TXN006336,CUST0700,2228.43,Shopping,2026-05-24,0,LOW,2026-06-10 20:52:12
TXN006337,CUST0942,7212.32,Travel,2026-05-16,0,MEDIUM,2026-06-10 20:52:12
TXN006338,CUST0446,20025.66,Travel,2026-04-08,0,HIGH,2026-06-10 20:52:12
TXN006339,CUST0589,13256.1,Shopping,2026-01-13,0,HIGH,2026-06-10 20:52:12
TXN006340,CUST0148,16363.11,Shopping,2026-05-22,0,HIGH,2026-06-10 20:52:12
TXN006341,CUST0185,11295.02,Shopping,2026-04-18,0,HIGH,2026-06-10 20:52:12
TXN006342,CUST0275,4614.49,Travel,2026-03-09,0,LOW,2026-06-10 20:52:12
TXN006343,CUST0829,35269.83,Travel,2026-05-26,0,HIGH,2026-06-10 20:52:12
TXN006344,CUST0950,40890.37,Healthcare,2026-03-04,0,HIGH,2026-06-10 20:52:12
TXN006345,CUST0217,31510.05,Healthcare,2026-02-24,0,HIGH,2026-06-10 20:52:12
TXN006346,CUST0415,46192.67,Food,2026-02-21,0,HIGH,2026-06-10 20:52:12
TXN006347,CUST0879,15511.56,Food,2026-05-29,1,HIGH,2026-06-10 20:52:12
TXN006348,CUST0970,22837.75,Food,2026-01-12,0,HIGH,2026-06-10 20:52:12
TXN006349,CUST0885,36413.05,Shopping,2026-05-17,0,HIGH,2026-06-10 20:52:12
TXN006350,CUST0288,43060.9,Food,2026-02-05,0,HIGH,2026-06-10 20:52:12
TXN006351,CUST0552,45198.92,Healthcare,2026-03-31,0,HIGH,2026-06-10 20:52:12
TXN006352,CUST0208,713.48,Healthcare,2026-04-14,0,LOW,2026-06-10 20:52:12
TXN006353,CUST0647,26526.41,Shopping,2026-04-05,0,HIGH,2026-06-10 20:52:12
TXN006354,CUST0485,27315.74,Travel,2026-02-06,0,HIGH,2026-06-10 20:52:12
TXN006355,CUST0740,21175.65,Healthcare,2026-02-14,0,HIGH,2026-06-10 20:52:12
TXN006356,CUST0247,15983.37,Travel,2026-04-23,1,HIGH,2026-06-10 20:52:12
TXN006357,CUST0276,17013.44,Healthcare,2026-03-26,0,HIGH,2026-06-10 20:52:12
TXN006358,CUST0768,48525.35,Healthcare,2026-05-11,0,HIGH,2026-06-10 20:52:12
TXN006359,CUST0647,24995.03,Healthcare,2026-03-20,0,HIGH,2026-06-10 20:52:12
TXN006360,CUST0852,12435.46,Food,2026-04-17,0,HIGH,2026-06-10 20:52:12
TXN006361,CUST0182,14684.34,Travel,2026-03-09,0,HIGH,2026-06-10 20:52:12
TXN006362,CUST0058,15167.45,Healthcare,2026-03-02,0,HIGH,2026-06-10 20:52:12
TXN006363,CUST0019,46764.53,Shopping,2026-04-26,0,HIGH,2026-06-10 20:52:12
TXN006364,CUST0142,13103.64,Food,2026-03-02,0,HIGH,2026-06-10 20:52:12
TXN006365,CUST0426,25184.78,Food,2026-05-10,0,HIGH,2026-06-10 20:52:12
TXN006366,CUST0138,1716.44,Shopping,2026-03-04,0,LOW,2026-06-10 20:52:12
TXN006367,CUST0798,1783.41,Food,2026-02-22,0,LOW,2026-06-10 20:52:12
TXN006368,CUST0696,17448.48,Food,2026-05-27,0,HIGH,2026-06-10 20:52:12
TXN006369,CUST0915,819.1,Healthcare,2026-05-18,0,LOW,2026-06-10 20:52:12
TXN006370,CUST0296,49369.24,Food,2026-01-08,0,HIGH,2026-06-10 20:52:12
TXN006371,CUST0531,40386.86,Shopping,2026-03-21,0,HIGH,2026-06-10 20:52:12
TXN006372,CUST0247,45830.19,Food,2026-04-27,0,HIGH,2026-06-10 20:52:12
TXN006373,CUST0395,46168.47,Food,2026-02-15,0,HIGH,2026-06-10 20:52:12
TXN006374,CUST0856,40255.28,Healthcare,2026-01-22,0,HIGH,2026-06-10 20:52:12
TXN006375,CUST0953,15553.5,Shopping,2026-02-23,0,HIGH,2026-06-10 20:52:12
TXN006376,CUST0513,6868.66,Food,2026-04-13,0,MEDIUM,2026-06-10 20:52:12
TXN006377,CUST0633,25809.5,Healthcare,2026-05-29,0,HIGH,2026-06-10 20:52:12
TXN006378,CUST0193,46880.36,Healthcare,2026-04-08,0,HIGH,2026-06-10 20:52:12
TXN006379,CUST0099,32005.03,Travel,2026-01-19,0,HIGH,2026-06-10 20:52:12
TXN006380,CUST0984,22470.81,Food,2026-03-17,0,HIGH,2026-06-10 20:52:12
TXN006381,CUST0635,10020.97,Food,2026-03-07,0,HIGH,2026-06-10 20:52:12
TXN006382,CUST0456,17916.94,Travel,2026-03-01,0,HIGH,2026-06-10 20:52:12
TXN006383,CUST0845,38906.82,Healthcare,2026-01-19,0,HIGH,2026-06-10 20:52:12
TXN006384,CUST0927,19754.91,Shopping,2026-01-31,0,HIGH,2026-06-10 20:52:12
TXN006385,CUST0852,43674.82,Shopping,2026-04-12,0,HIGH,2026-06-10 20:52:12
TXN006386,CUST0739,7280.8,Food,2026-01-01,0,MEDIUM,2026-06-10 20:52:12
TXN006387,CUST0228,29725.87,Healthcare,2026-02-16,1,HIGH,2026-06-10 20:52:12
TXN006388,CUST0197,43193.74,Travel,2026-05-19,0,HIGH,2026-06-10 20:52:12
TXN006389,CUST0141,25509.32,Healthcare,2026-05-13,0,HIGH,2026-06-10 20:52:12
TXN006390,CUST0767,18437.22,Shopping,2026-03-30,0,HIGH,2026-06-10 20:52:12
TXN006391,CUST0199,2405.64,Travel,2026-01-08,0,LOW,2026-06-10 20:52:12
TXN006392,CUST0675,25664.25,Food,2026-03-16,0,HIGH,2026-06-10 20:52:12
TXN006393,CUST0279,46514.86,Food,2026-01-06,0,HIGH,2026-06-10 20:52:12
TXN006394,CUST0642,11518.94,Food,2026-03-13,0,HIGH,2026-06-10 20:52:12
TXN006395,CUST0947,13831.52,Travel,2026-05-04,0,HIGH,2026-06-10 20:52:12
TXN006396,CUST0714,41678.23,Healthcare,2026-01-06,0,HIGH,2026-06-10 20:52:12
TXN006397,CUST0398,6568.15,Shopping,2026-03-13,0,MEDIUM,2026-06-10 20:52:12
TXN006398,CUST0233,49552.08,Healthcare,2026-02-17,0,HIGH,2026-06-10 20:52:12
TXN006399,CUST0176,38625.47,Food,2026-01-29,0,HIGH,2026-06-10 20:52:12
TXN006400,CUST0803,39870.5,Food,2026-02-20,0,HIGH,2026-06-10 20:52:12
TXN006401,CUST0689,13940.66,Travel,2026-02-20,1,HIGH,2026-06-10 20:52:12
TXN006402,CUST0503,28166.76,Food,2026-04-01,0,HIGH,2026-06-10 20:52:12
TXN006403,CUST0180,36790.88,Healthcare,2026-02-08,0,HIGH,2026-06-10 20:52:12
TXN006404,CUST0239,30600.98,Healthcare,2026-02-08,0,HIGH,2026-06-10 20:52:12
TXN006405,CUST0706,25597.52,Shopping,2026-03-07,0,HIGH,2026-06-10 20:52:12
TXN006406,CUST0735,48179.17,Travel,2026-03-19,0,HIGH,2026-06-10 20:52:12
TXN006407,CUST0109,37293.79,Healthcare,2026-03-04,0,HIGH,2026-06-10 20:52:12
TXN006408,CUST0476,22083.67,Travel,2026-05-12,0,HIGH,2026-06-10 20:52:12
TXN006409,CUST0336,36740.9,Healthcare,2026-02-03,0,HIGH,2026-06-10 20:52:12
TXN006410,CUST0104,14467.77,Travel,2026-05-26,0,HIGH,2026-06-10 20:52:12
TXN006411,CUST0541,23078.53,Shopping,2026-02-13,0,HIGH,2026-06-10 20:52:12
TXN006412,CUST0823,19341.16,Food,2026-03-19,0,HIGH,2026-06-10 20:52:12
TXN006413,CUST0086,27164.32,Shopping,2026-05-31,0,HIGH,2026-06-10 20:52:12
TXN006414,CUST0920,11003.68,Food,2026-05-03,0,HIGH,2026-06-10 20:52:12
TXN006415,CUST0014,825.66,Food,2026-04-24,0,LOW,2026-06-10 20:52:12
TXN006416,CUST0468,42263.8,Shopping,2026-04-02,0,HIGH,2026-06-10 20:52:12
TXN006417,CUST0170,23744.44,Food,2026-05-04,0,HIGH,2026-06-10 20:52:12
TXN006418,CUST0233,12541.32,Food,2026-04-17,0,HIGH,2026-06-10 20:52:12
TXN006419,CUST0622,27288.4,Travel,2026-05-28,0,HIGH,2026-06-10 20:52:12
TXN006420,CUST0679,68.19,Shopping,2026-06-03,0,LOW,2026-06-10 20:52:12
TXN006421,CUST0013,43826.88,Healthcare,2026-03-15,0,HIGH,2026-06-10 20:52:12
TXN006422,CUST0691,4737.24,Healthcare,2026-04-12,0,LOW,2026-06-10 20:52:12
TXN006423,CUST0563,35328.43,Shopping,2026-05-15,0,HIGH,2026-06-10 20:52:12
TXN006424,CUST0246,18347.59,Travel,2026-01-23,0,HIGH,2026-06-10 20:52:12
TXN006425,CUST0711,12263.28,Travel,2026-01-10,0,HIGH,2026-06-10 20:52:12
TXN006426,CUST0566,34722.15,Food,2026-02-20,0,HIGH,2026-06-10 20:52:12
TXN006427,CUST0532,34818.95,Shopping,2026-04-08,0,HIGH,2026-06-10 20:52:12
TXN006428,CUST0995,44176.03,Healthcare,2026-03-15,0,HIGH,2026-06-10 20:52:12
TXN006429,CUST0137,29906.11,Healthcare,2026-03-03,0,HIGH,2026-06-10 20:52:12
TXN006430,CUST0135,6974.16,Travel,2026-05-22,0,MEDIUM,2026-06-10 20:52:12
TXN006431,CUST0773,16432.4,Travel,2026-02-28,0,HIGH,2026-06-10 20:52:12
TXN006432,CUST0956,44667.95,Shopping,2026-01-26,0,HIGH,2026-06-10 20:52:12
TXN006433,CUST0142,17694.13,Healthcare,2026-02-21,0,HIGH,2026-06-10 20:52:12
TXN006434,CUST0727,35566.79,Travel,2026-04-21,0,HIGH,2026-06-10 20:52:12
TXN006435,CUST0400,27763.65,Healthcare,2026-03-21,0,HIGH,2026-06-10 20:52:12
TXN006436,CUST0174,7691.36,Travel,2026-05-28,0,MEDIUM,2026-06-10 20:52:12
TXN006437,CUST0614,42834.2,Shopping,2026-01-12,0,HIGH,2026-06-10 20:52:12
TXN006438,CUST0761,10529.24,Shopping,2026-06-06,0,HIGH,2026-06-10 20:52:12
TXN006439,CUST0247,36113.78,Travel,2026-05-25,0,HIGH,2026-06-10 20:52:12
TXN006440,CUST0470,849.5,Travel,2026-03-28,0,LOW,2026-06-10 20:52:12
TXN006441,CUST0228,45237.9,Travel,2026-02-17,0,HIGH,2026-06-10 20:52:12
TXN006442,CUST0491,20879.12,Food,2026-01-14,0,HIGH,2026-06-10 20:52:12
TXN006443,CUST0225,21543.73,Food,2026-01-04,0,HIGH,2026-06-10 20:52:12
TXN006444,CUST0729,18875.13,Travel,2026-05-09,0,HIGH,2026-06-10 20:52:12
TXN006445,CUST0512,712.34,Shopping,2026-01-13,0,LOW,2026-06-10 20:52:12
TXN006446,CUST0176,12466.87,Healthcare,2026-04-09,0,HIGH,2026-06-10 20:52:12
TXN006447,CUST0667,33787.14,Shopping,2026-01-21,0,HIGH,2026-06-10 20:52:12
TXN006448,CUST0310,7425.79,Shopping,2026-01-30,0,MEDIUM,2026-06-10 20:52:12
TXN006449,CUST0679,16876.88,Food,2026-03-21,0,HIGH,2026-06-10 20:52:12
TXN006450,CUST0188,6887.71,Shopping,2026-01-05,0,MEDIUM,2026-06-10 20:52:12
TXN006451,CUST0709,2303.63,Food,2026-05-30,0,LOW,2026-06-10 20:52:12
TXN006452,CUST0352,16431.39,Travel,2026-02-18,0,HIGH,2026-06-10 20:52:12
TXN006453,CUST0097,1733.25,Food,2026-01-22,0,LOW,2026-06-10 20:52:12
TXN006454,CUST0991,13693.48,Shopping,2026-01-12,0,HIGH,2026-06-10 20:52:12
TXN006455,CUST0223,27201.4,Healthcare,2026-03-01,0,HIGH,2026-06-10 20:52:12
TXN006456,CUST0813,44796.56,Travel,2026-04-17,0,HIGH,2026-06-10 20:52:12
TXN006457,CUST0681,12598.77,Travel,2026-04-13,0,HIGH,2026-06-10 20:52:12
TXN006458,CUST0507,37645.74,Travel,2026-02-26,0,HIGH,2026-06-10 20:52:12
TXN006459,CUST0014,1339.85,Travel,2026-05-13,0,LOW,2026-06-10 20:52:12
TXN006460,CUST0156,34820.47,Travel,2026-03-13,0,HIGH,2026-06-10 20:52:12
TXN006461,CUST0636,25240.31,Healthcare,2026-02-13,0,HIGH,2026-06-10 20:52:12
TXN006462,CUST0225,23974.62,Healthcare,2026-02-03,0,HIGH,2026-06-10 20:52:12
TXN006463,CUST0550,19523.97,Food,2026-01-15,0,HIGH,2026-06-10 20:52:12
TXN006464,CUST0621,30206.34,Food,2026-03-25,0,HIGH,2026-06-10 20:52:12
TXN006465,CUST0135,14542.97,Travel,2026-01-23,0,HIGH,2026-06-10 20:52:12
TXN006466,CUST0251,49285.78,Shopping,2026-06-08,0,HIGH,2026-06-10 20:52:12
TXN006467,CUST0285,15628.39,Shopping,2026-05-03,0,HIGH,2026-06-10 20:52:12
TXN006468,CUST0373,11249.62,Shopping,2026-04-10,0,HIGH,2026-06-10 20:52:12
TXN006469,CUST0947,14501.42,Travel,2026-02-04,0,HIGH,2026-06-10 20:52:12
TXN006470,CUST0838,44421.9,Shopping,2026-04-23,0,HIGH,2026-06-10 20:52:12
TXN006471,CUST0725,10033.03,Shopping,2026-02-08,1,HIGH,2026-06-10 20:52:12
TXN006472,CUST0443,44854.41,Food,2026-02-11,0,HIGH,2026-06-10 20:52:12
TXN006473,CUST0028,27532.42,Food,2026-04-22,1,HIGH,2026-06-10 20:52:12
TXN006474,CUST0084,33051.94,Travel,2026-01-03,0,HIGH,2026-06-10 20:52:12
TXN006475,CUST0260,45964.33,Food,2026-05-22,0,HIGH,2026-06-10 20:52:12
TXN006476,CUST0919,12213.4,Food,2026-03-22,0,HIGH,2026-06-10 20:52:12
TXN006477,CUST0498,11369.64,Shopping,2026-01-17,0,HIGH,2026-06-10 20:52:12
TXN006478,CUST0457,42391.97,Food,2026-04-09,0,HIGH,2026-06-10 20:52:12
TXN006479,CUST0067,9880.93,Travel,2026-03-05,0,MEDIUM,2026-06-10 20:52:12
TXN006480,CUST0872,7522.09,Shopping,2026-03-20,0,MEDIUM,2026-06-10 20:52:12
TXN006481,CUST0486,30736.12,Healthcare,2026-05-14,1,HIGH,2026-06-10 20:52:12
TXN006482,CUST0789,16859.48,Shopping,2026-01-05,0,HIGH,2026-06-10 20:52:12
TXN006483,CUST0216,48372.29,Healthcare,2026-02-04,0,HIGH,2026-06-10 20:52:12
TXN006484,CUST0882,29895.07,Food,2026-05-01,0,HIGH,2026-06-10 20:52:12
TXN006485,CUST0226,36613.09,Healthcare,2026-05-12,0,HIGH,2026-06-10 20:52:12
TXN006486,CUST0260,13571.08,Healthcare,2026-03-27,0,HIGH,2026-06-10 20:52:12
TXN006487,CUST0783,12342.82,Healthcare,2026-04-19,0,HIGH,2026-06-10 20:52:12
TXN006488,CUST0180,824.31,Healthcare,2026-01-29,0,LOW,2026-06-10 20:52:12
TXN006489,CUST0970,944.43,Healthcare,2026-05-15,1,LOW,2026-06-10 20:52:12
TXN006490,CUST0520,25201.35,Travel,2026-01-18,0,HIGH,2026-06-10 20:52:12
TXN006491,CUST0876,39476.25,Healthcare,2026-05-12,0,HIGH,2026-06-10 20:52:12
TXN006492,CUST0334,42719.69,Travel,2026-05-24,0,HIGH,2026-06-10 20:52:12
TXN006493,CUST0952,12238.51,Travel,2026-03-15,0,HIGH,2026-06-10 20:52:12
TXN006494,CUST0427,17728.7,Food,2026-02-24,0,HIGH,2026-06-10 20:52:12
TXN006495,CUST0471,47542.7,Travel,2026-02-25,0,HIGH,2026-06-10 20:52:12
TXN006496,CUST0450,7717.03,Food,2026-04-10,0,MEDIUM,2026-06-10 20:52:12
TXN006497,CUST0724,39787.38,Healthcare,2026-05-16,0,HIGH,2026-06-10 20:52:12
TXN006498,CUST0564,30726.97,Travel,2026-03-28,0,HIGH,2026-06-10 20:52:12
TXN006499,CUST0133,18446.69,Travel,2026-05-16,0,HIGH,2026-06-10 20:52:12
TXN006500,CUST0744,22475.35,Travel,2026-01-05,1,HIGH,2026-06-10 20:52:12
TXN006501,CUST0188,316.32,Food,2026-05-28,0,LOW,2026-06-10 20:52:12
TXN006502,CUST0384,15753.46,Food,2026-03-20,0,HIGH,2026-06-10 20:52:12
TXN006503,CUST0339,13531.77,Food,2026-06-08,0,HIGH,2026-06-10 20:52:12
TXN006504,CUST0365,40588.63,Healthcare,2026-04-28,0,HIGH,2026-06-10 20:52:12
TXN006505,CUST0058,16910.65,Food,2026-04-05,0,HIGH,2026-06-10 20:52:12
TXN006506,CUST0910,6938.38,Travel,2026-01-13,0,MEDIUM,2026-06-10 20:52:12
TXN006507,CUST0915,33341.03,Travel,2026-05-27,0,HIGH,2026-06-10 20:52:12
TXN006508,CUST0963,19466.79,Shopping,2026-02-28,0,HIGH,2026-06-10 20:52:12
TXN006509,CUST0895,48974.92,Food,2026-03-24,0,HIGH,2026-06-10 20:52:12
TXN006510,CUST0322,22623.31,Shopping,2026-05-22,0,HIGH,2026-06-10 20:52:12
TXN006511,CUST0036,44285.2,Travel,2026-04-27,0,HIGH,2026-06-10 20:52:12
TXN006512,CUST0709,5353.06,Shopping,2026-04-22,0,MEDIUM,2026-06-10 20:52:12
TXN006513,CUST0694,34044.15,Healthcare,2026-03-16,1,HIGH,2026-06-10 20:52:12
TXN006514,CUST0414,41872.48,Shopping,2026-05-04,0,HIGH,2026-06-10 20:52:12
TXN006515,CUST0254,41401.48,Travel,2026-05-23,0,HIGH,2026-06-10 20:52:12
TXN006516,CUST0605,18611.45,Food,2026-01-13,0,HIGH,2026-06-10 20:52:12
TXN006517,CUST0157,15295.61,Food,2026-05-05,0,HIGH,2026-06-10 20:52:12
TXN006518,CUST0781,29517.75,Food,2026-03-18,0,HIGH,2026-06-10 20:52:12
TXN006519,CUST0653,37968.57,Healthcare,2026-04-27,0,HIGH,2026-06-10 20:52:12
TXN006520,CUST0897,47171.53,Travel,2026-01-21,0,HIGH,2026-06-10 20:52:12
TXN006521,CUST0478,6271.99,Healthcare,2026-03-26,1,MEDIUM,2026-06-10 20:52:12
TXN006522,CUST0985,2688.29,Shopping,2026-01-24,0,LOW,2026-06-10 20:52:12
TXN006523,CUST0764,37806.35,Travel,2026-04-12,0,HIGH,2026-06-10 20:52:12
TXN006524,CUST0331,47853.44,Food,2026-01-09,0,HIGH,2026-06-10 20:52:12
TXN006525,CUST0799,9234.73,Travel,2026-02-22,0,MEDIUM,2026-06-10 20:52:12
TXN006526,CUST0103,5534.47,Healthcare,2026-04-07,0,MEDIUM,2026-06-10 20:52:12
TXN006527,CUST0374,4611.09,Shopping,2026-05-09,1,LOW,2026-06-10 20:52:12
TXN006528,CUST0404,13228.14,Shopping,2026-02-26,0,HIGH,2026-06-10 20:52:12
TXN006529,CUST0155,40539.22,Shopping,2026-01-23,0,HIGH,2026-06-10 20:52:12
TXN006530,CUST0099,49686.65,Shopping,2026-05-13,0,HIGH,2026-06-10 20:52:12
TXN006531,CUST0280,38710.74,Food,2026-04-07,0,HIGH,2026-06-10 20:52:12
TXN006532,CUST0391,13404.68,Healthcare,2026-04-08,0,HIGH,2026-06-10 20:52:12
TXN006533,CUST0224,10154.68,Shopping,2026-03-05,0,HIGH,2026-06-10 20:52:12
TXN006534,CUST0226,46605.34,Healthcare,2026-03-01,0,HIGH,2026-06-10 20:52:12
TXN006535,CUST0633,13399.19,Travel,2026-01-07,0,HIGH,2026-06-10 20:52:12
TXN006536,CUST0010,19106.41,Travel,2026-04-17,0,HIGH,2026-06-10 20:52:12
TXN006537,CUST0919,9623.86,Healthcare,2026-04-18,0,MEDIUM,2026-06-10 20:52:12
TXN006538,CUST0908,41925.99,Travel,2026-04-13,0,HIGH,2026-06-10 20:52:12
TXN006539,CUST0505,15398.98,Food,2026-04-17,0,HIGH,2026-06-10 20:52:12
TXN006540,CUST0403,5793.17,Shopping,2026-03-24,0,MEDIUM,2026-06-10 20:52:12
TXN006541,CUST0606,37027.04,Travel,2026-05-14,1,HIGH,2026-06-10 20:52:12
TXN006542,CUST0557,30056.25,Healthcare,2026-01-28,0,HIGH,2026-06-10 20:52:12
TXN006543,CUST0664,23146.73,Food,2026-05-26,0,HIGH,2026-06-10 20:52:12
TXN006544,CUST0533,24327.36,Food,2026-02-17,0,HIGH,2026-06-10 20:52:12
TXN006545,CUST0103,11800.26,Travel,2026-03-29,0,HIGH,2026-06-10 20:52:12
TXN006546,CUST0453,28248.18,Healthcare,2026-05-08,0,HIGH,2026-06-10 20:52:12
TXN006547,CUST0310,39747.78,Food,2026-03-03,0,HIGH,2026-06-10 20:52:12
TXN006548,CUST0767,16591.0,Healthcare,2026-03-29,0,HIGH,2026-06-10 20:52:12
TXN006549,CUST0540,2420.17,Shopping,2026-03-05,0,LOW,2026-06-10 20:52:12
TXN006550,CUST0318,39762.93,Food,2026-01-11,0,HIGH,2026-06-10 20:52:12
TXN006551,CUST0502,15745.98,Food,2026-06-05,0,HIGH,2026-06-10 20:52:12
TXN006552,CUST0147,44622.08,Food,2026-02-16,0,HIGH,2026-06-10 20:52:12
TXN006553,CUST0960,38438.0,Healthcare,2026-02-03,0,HIGH,2026-06-10 20:52:12
TXN006554,CUST0998,19243.15,Healthcare,2026-04-13,0,HIGH,2026-06-10 20:52:12
TXN006555,CUST0218,561.56,Shopping,2026-02-23,0,LOW,2026-06-10 20:52:12
TXN006556,CUST0514,11957.82,Travel,2026-01-30,0,HIGH,2026-06-10 20:52:12
TXN006557,CUST0221,25341.03,Shopping,2026-01-19,0,HIGH,2026-06-10 20:52:12
TXN006558,CUST0073,10260.68,Shopping,2026-01-12,0,HIGH,2026-06-10 20:52:12
TXN006559,CUST0958,44937.45,Travel,2026-05-23,1,HIGH,2026-06-10 20:52:12
TXN006560,CUST0171,37027.12,Food,2026-02-18,0,HIGH,2026-06-10 20:52:12
TXN006561,CUST0580,43152.7,Shopping,2026-05-10,0,HIGH,2026-06-10 20:52:12
TXN006562,CUST0340,326.85,Shopping,2026-05-18,0,LOW,2026-06-10 20:52:12
TXN006563,CUST0458,49908.54,Shopping,2026-04-29,0,HIGH,2026-06-10 20:52:12
TXN006564,CUST0277,27233.37,Travel,2026-03-27,1,HIGH,2026-06-10 20:52:12
TXN006565,CUST0834,44986.72,Healthcare,2026-05-14,0,HIGH,2026-06-10 20:52:12
TXN006566,CUST0740,45927.01,Shopping,2026-03-23,0,HIGH,2026-06-10 20:52:12
TXN006567,CUST0850,12219.66,Food,2026-03-09,0,HIGH,2026-06-10 20:52:12
TXN006568,CUST0101,41688.3,Shopping,2026-04-17,1,HIGH,2026-06-10 20:52:12
TXN006569,CUST0427,2374.31,Healthcare,2026-06-04,0,LOW,2026-06-10 20:52:12
TXN006570,CUST0907,4989.6,Healthcare,2026-02-16,0,LOW,2026-06-10 20:52:12
TXN006571,CUST0214,428.97,Food,2026-03-21,0,LOW,2026-06-10 20:52:12
TXN006572,CUST0166,24052.79,Shopping,2026-03-22,0,HIGH,2026-06-10 20:52:12
TXN006573,CUST0580,46299.74,Shopping,2026-03-31,0,HIGH,2026-06-10 20:52:12
TXN006574,CUST0582,9436.26,Food,2026-03-14,0,MEDIUM,2026-06-10 20:52:12
TXN006575,CUST0427,30917.44,Shopping,2026-04-01,0,HIGH,2026-06-10 20:52:12
TXN006576,CUST0469,45455.8,Healthcare,2026-04-11,0,HIGH,2026-06-10 20:52:12
TXN006577,CUST0280,39015.2,Food,2026-05-10,0,HIGH,2026-06-10 20:52:12
TXN006578,CUST0027,47961.54,Food,2026-05-19,0,HIGH,2026-06-10 20:52:12
TXN006579,CUST0944,44071.03,Food,2026-04-26,1,HIGH,2026-06-10 20:52:12
TXN006580,CUST0963,36736.39,Travel,2026-02-25,0,HIGH,2026-06-10 20:52:12
TXN006581,CUST0127,41494.16,Travel,2026-02-26,0,HIGH,2026-06-10 20:52:12
TXN006582,CUST0058,24396.79,Food,2026-03-14,0,HIGH,2026-06-10 20:52:12
TXN006583,CUST0995,22994.04,Healthcare,2026-04-09,0,HIGH,2026-06-10 20:52:12
TXN006584,CUST0058,36117.37,Shopping,2026-01-09,0,HIGH,2026-06-10 20:52:12
TXN006585,CUST0958,15545.04,Travel,2026-03-12,0,HIGH,2026-06-10 20:52:12
TXN006586,CUST0549,42721.3,Travel,2026-05-24,0,HIGH,2026-06-10 20:52:12
TXN006587,CUST0763,28979.76,Healthcare,2026-03-04,0,HIGH,2026-06-10 20:52:12
TXN006588,CUST0777,33447.32,Travel,2026-01-06,0,HIGH,2026-06-10 20:52:12
TXN006589,CUST0855,2296.39,Healthcare,2026-03-24,0,LOW,2026-06-10 20:52:12
TXN006590,CUST0013,25331.45,Food,2026-06-05,0,HIGH,2026-06-10 20:52:12
TXN006591,CUST0642,17091.3,Shopping,2026-01-19,1,HIGH,2026-06-10 20:52:12
TXN006592,CUST0690,42935.28,Food,2026-01-28,0,HIGH,2026-06-10 20:52:12
TXN006593,CUST0280,11943.62,Shopping,2026-06-04,0,HIGH,2026-06-10 20:52:12
TXN006594,CUST0497,28493.94,Healthcare,2026-01-14,0,HIGH,2026-06-10 20:52:12
TXN006595,CUST0335,30369.37,Travel,2026-05-22,0,HIGH,2026-06-10 20:52:12
TXN006596,CUST0671,9767.98,Travel,2026-01-04,0,MEDIUM,2026-06-10 20:52:12
TXN006597,CUST0748,46679.37,Travel,2026-02-14,0,HIGH,2026-06-10 20:52:12
TXN006598,CUST0393,20.93,Travel,2026-01-05,0,LOW,2026-06-10 20:52:12
TXN006599,CUST0174,46593.23,Food,2026-04-25,0,HIGH,2026-06-10 20:52:12
TXN006600,CUST0229,1100.55,Shopping,2026-01-12,0,LOW,2026-06-10 20:52:12
TXN006601,CUST0330,27617.67,Food,2026-05-09,0,HIGH,2026-06-10 20:52:12
TXN006602,CUST0003,34489.38,Shopping,2026-05-03,0,HIGH,2026-06-10 20:52:12
TXN006603,CUST0708,46470.07,Travel,2026-03-20,0,HIGH,2026-06-10 20:52:12
TXN006604,CUST0575,21158.41,Healthcare,2026-01-01,0,HIGH,2026-06-10 20:52:12
TXN006605,CUST0625,36103.8,Travel,2026-02-20,0,HIGH,2026-06-10 20:52:12
TXN006606,CUST0423,23739.42,Shopping,2026-04-16,0,HIGH,2026-06-10 20:52:12
TXN006607,CUST0662,22397.01,Healthcare,2026-05-30,0,HIGH,2026-06-10 20:52:12
TXN006608,CUST0618,22609.12,Shopping,2026-03-30,1,HIGH,2026-06-10 20:52:12
TXN006609,CUST0908,38329.22,Travel,2026-05-26,0,HIGH,2026-06-10 20:52:12
TXN006610,CUST0949,34265.6,Healthcare,2026-02-16,0,HIGH,2026-06-10 20:52:12
TXN006611,CUST0689,32972.58,Food,2026-04-11,0,HIGH,2026-06-10 20:52:12
TXN006612,CUST0882,13624.0,Healthcare,2026-01-30,0,HIGH,2026-06-10 20:52:12
TXN006613,CUST0808,386.93,Shopping,2026-01-01,0,LOW,2026-06-10 20:52:12
TXN006614,CUST0439,36741.87,Healthcare,2026-05-09,0,HIGH,2026-06-10 20:52:12
TXN006615,CUST0050,42109.91,Healthcare,2026-04-30,0,HIGH,2026-06-10 20:52:12
TXN006616,CUST0390,26783.08,Food,2026-01-20,0,HIGH,2026-06-10 20:52:12
TXN006617,CUST0773,5032.13,Healthcare,2026-04-05,0,MEDIUM,2026-06-10 20:52:12
TXN006618,CUST0679,28995.89,Healthcare,2026-03-04,0,HIGH,2026-06-10 20:52:12
TXN006619,CUST0196,32805.94,Shopping,2026-06-05,0,HIGH,2026-06-10 20:52:12
TXN006620,CUST0494,34407.16,Healthcare,2026-01-08,1,HIGH,2026-06-10 20:52:12
TXN006621,CUST0738,31582.3,Travel,2026-05-16,0,HIGH,2026-06-10 20:52:12
TXN006622,CUST0230,18067.24,Travel,2026-05-02,0,HIGH,2026-06-10 20:52:12
TXN006623,CUST0576,25629.89,Food,2026-04-13,0,HIGH,2026-06-10 20:52:12
TXN006624,CUST0601,48743.79,Food,2026-02-06,0,HIGH,2026-06-10 20:52:12
TXN006625,CUST0690,23216.6,Food,2026-04-24,0,HIGH,2026-06-10 20:52:12
TXN006626,CUST0902,34582.41,Travel,2026-05-25,0,HIGH,2026-06-10 20:52:12
TXN006627,CUST0119,47250.8,Food,2026-05-25,0,HIGH,2026-06-10 20:52:12
TXN006628,CUST0479,37874.88,Travel,2026-03-03,0,HIGH,2026-06-10 20:52:12
TXN006629,CUST0621,45861.87,Food,2026-05-26,0,HIGH,2026-06-10 20:52:12
TXN006630,CUST0390,25546.28,Food,2026-01-12,0,HIGH,2026-06-10 20:52:12
TXN006631,CUST0423,36997.51,Travel,2026-03-29,0,HIGH,2026-06-10 20:52:12
TXN006632,CUST0026,23123.41,Shopping,2026-02-28,0,HIGH,2026-06-10 20:52:12
TXN006633,CUST0263,32111.24,Travel,2026-04-12,0,HIGH,2026-06-10 20:52:12
TXN006634,CUST0999,37450.98,Food,2026-02-16,0,HIGH,2026-06-10 20:52:12
TXN006635,CUST0221,41804.73,Healthcare,2026-01-15,0,HIGH,2026-06-10 20:52:12
TXN006636,CUST0418,12109.47,Food,2026-05-09,0,HIGH,2026-06-10 20:52:12
TXN006637,CUST0307,41596.82,Shopping,2026-06-01,0,HIGH,2026-06-10 20:52:12
TXN006638,CUST0205,1755.06,Shopping,2026-05-25,0,LOW,2026-06-10 20:52:12
TXN006639,CUST0056,3142.12,Healthcare,2026-05-24,1,LOW,2026-06-10 20:52:12
TXN006640,CUST0024,10755.44,Shopping,2026-04-25,0,HIGH,2026-06-10 20:52:12
TXN006641,CUST0460,46330.47,Food,2026-02-18,0,HIGH,2026-06-10 20:52:12
TXN006642,CUST0645,19035.3,Food,2026-01-20,0,HIGH,2026-06-10 20:52:12
TXN006643,CUST0758,45531.1,Shopping,2026-01-22,0,HIGH,2026-06-10 20:52:12
TXN006644,CUST0314,39592.39,Healthcare,2026-01-14,0,HIGH,2026-06-10 20:52:12
TXN006645,CUST0994,43048.68,Shopping,2026-05-14,0,HIGH,2026-06-10 20:52:12
TXN006646,CUST0021,35604.53,Food,2026-05-10,0,HIGH,2026-06-10 20:52:12
TXN006647,CUST0159,3962.25,Healthcare,2026-04-08,0,LOW,2026-06-10 20:52:12
TXN006648,CUST0177,4540.13,Healthcare,2026-04-30,0,LOW,2026-06-10 20:52:12
TXN006649,CUST0603,12617.53,Healthcare,2026-05-12,0,HIGH,2026-06-10 20:52:12
TXN006650,CUST0670,45738.71,Shopping,2026-05-19,0,HIGH,2026-06-10 20:52:12
TXN006651,CUST0829,7818.36,Food,2026-04-21,0,MEDIUM,2026-06-10 20:52:12
TXN006652,CUST0479,32631.25,Travel,2026-05-09,0,HIGH,2026-06-10 20:52:12
TXN006653,CUST0457,38253.54,Travel,2026-05-10,0,HIGH,2026-06-10 20:52:12
TXN006654,CUST0966,12171.7,Healthcare,2026-05-04,0,HIGH,2026-06-10 20:52:12
TXN006655,CUST0517,7617.98,Healthcare,2026-01-26,0,MEDIUM,2026-06-10 20:52:12
TXN006656,CUST0977,28034.77,Shopping,2026-03-05,0,HIGH,2026-06-10 20:52:12
TXN006657,CUST0335,13276.98,Food,2026-04-06,0,HIGH,2026-06-10 20:52:12
TXN006658,CUST0651,5097.62,Food,2026-04-03,0,MEDIUM,2026-06-10 20:52:12
TXN006659,CUST0821,38061.79,Healthcare,2026-02-20,0,HIGH,2026-06-10 20:52:12
TXN006660,CUST0443,31526.92,Healthcare,2026-01-22,0,HIGH,2026-06-10 20:52:12
TXN006661,CUST0627,48617.65,Food,2026-05-08,0,HIGH,2026-06-10 20:52:12
TXN006662,CUST0259,36742.44,Food,2026-02-06,0,HIGH,2026-06-10 20:52:12
TXN006663,CUST0191,40503.73,Healthcare,2026-03-31,0,HIGH,2026-06-10 20:52:12
TXN006664,CUST0056,49943.04,Travel,2026-04-19,0,HIGH,2026-06-10 20:52:12
TXN006665,CUST0703,15525.76,Healthcare,2026-05-07,0,HIGH,2026-06-10 20:52:12
TXN006666,CUST0124,22697.41,Travel,2026-05-07,0,HIGH,2026-06-10 20:52:12
TXN006667,CUST0869,1704.03,Food,2026-03-04,0,LOW,2026-06-10 20:52:12
TXN006668,CUST0871,6547.57,Healthcare,2026-05-01,0,MEDIUM,2026-06-10 20:52:12
TXN006669,CUST0305,43079.83,Travel,2026-03-04,0,HIGH,2026-06-10 20:52:12
TXN006670,CUST0450,38627.69,Travel,2026-05-16,0,HIGH,2026-06-10 20:52:12
TXN006671,CUST0333,12606.26,Food,2026-01-11,0,HIGH,2026-06-10 20:52:12
TXN006672,CUST0418,40627.57,Travel,2026-01-08,0,HIGH,2026-06-10 20:52:12
TXN006673,CUST0908,7031.47,Healthcare,2026-05-08,0,MEDIUM,2026-06-10 20:52:12
TXN006674,CUST0804,11961.33,Shopping,2026-03-11,0,HIGH,2026-06-10 20:52:12
TXN006675,CUST0339,31423.8,Shopping,2026-01-27,0,HIGH,2026-06-10 20:52:12
TXN006676,CUST0154,4009.17,Food,2026-02-22,0,LOW,2026-06-10 20:52:12
TXN006677,CUST0250,39106.59,Shopping,2026-05-03,0,HIGH,2026-06-10 20:52:12
TXN006678,CUST0440,42007.49,Healthcare,2026-03-08,0,HIGH,2026-06-10 20:52:12
TXN006679,CUST0104,39760.05,Shopping,2026-03-22,0,HIGH,2026-06-10 20:52:12
TXN006680,CUST0454,21800.07,Healthcare,2026-05-27,0,HIGH,2026-06-10 20:52:12
TXN006681,CUST0286,9274.55,Travel,2026-04-01,0,MEDIUM,2026-06-10 20:52:12
TXN006682,CUST0194,43214.58,Food,2026-04-06,0,HIGH,2026-06-10 20:52:12
TXN006683,CUST0618,28504.8,Food,2026-04-09,0,HIGH,2026-06-10 20:52:12
TXN006684,CUST0551,41568.05,Healthcare,2026-01-29,0,HIGH,2026-06-10 20:52:12
TXN006685,CUST0973,44349.85,Healthcare,2026-04-06,0,HIGH,2026-06-10 20:52:12
TXN006686,CUST0817,28050.74,Healthcare,2026-03-17,0,HIGH,2026-06-10 20:52:12
TXN006687,CUST0210,41112.1,Shopping,2026-01-25,0,HIGH,2026-06-10 20:52:12
TXN006688,CUST0308,23857.94,Food,2026-04-30,0,HIGH,2026-06-10 20:52:12
TXN006689,CUST0403,40780.92,Travel,2026-05-28,0,HIGH,2026-06-10 20:52:12
TXN006690,CUST0524,35676.68,Shopping,2026-02-22,0,HIGH,2026-06-10 20:52:12
TXN006691,CUST0474,25377.56,Travel,2026-02-07,0,HIGH,2026-06-10 20:52:12
TXN006692,CUST0790,12393.43,Travel,2026-01-29,0,HIGH,2026-06-10 20:52:12
TXN006693,CUST0092,37072.54,Healthcare,2026-05-04,0,HIGH,2026-06-10 20:52:12
TXN006694,CUST0067,11441.13,Travel,2026-01-10,0,HIGH,2026-06-10 20:52:12
TXN006695,CUST0346,35266.11,Travel,2026-01-15,0,HIGH,2026-06-10 20:52:12
TXN006696,CUST0205,18223.34,Healthcare,2026-04-03,0,HIGH,2026-06-10 20:52:12
TXN006697,CUST0322,2820.64,Healthcare,2026-04-01,0,LOW,2026-06-10 20:52:12
TXN006698,CUST0365,22647.95,Food,2026-02-28,0,HIGH,2026-06-10 20:52:12
TXN006699,CUST0565,3003.22,Healthcare,2026-04-26,0,LOW,2026-06-10 20:52:12
TXN006700,CUST0644,36443.43,Food,2026-03-18,0,HIGH,2026-06-10 20:52:12
TXN006701,CUST0268,9272.3,Travel,2026-05-27,0,MEDIUM,2026-06-10 20:52:12
TXN006702,CUST0188,39666.12,Travel,2026-04-27,0,HIGH,2026-06-10 20:52:12
TXN006703,CUST0204,21813.3,Food,2026-03-11,0,HIGH,2026-06-10 20:52:12
TXN006704,CUST0126,2363.04,Healthcare,2026-01-29,0,LOW,2026-06-10 20:52:12
TXN006705,CUST0541,1661.29,Healthcare,2026-03-07,0,LOW,2026-06-10 20:52:12
TXN006706,CUST0365,26913.69,Food,2026-02-23,0,HIGH,2026-06-10 20:52:12
TXN006707,CUST0807,43313.18,Shopping,2026-03-10,0,HIGH,2026-06-10 20:52:12
TXN006708,CUST0076,19.46,Healthcare,2026-01-19,0,LOW,2026-06-10 20:52:12
TXN006709,CUST0139,18722.27,Healthcare,2026-04-06,0,HIGH,2026-06-10 20:52:12
TXN006710,CUST0103,35378.7,Shopping,2026-01-01,0,HIGH,2026-06-10 20:52:12
TXN006711,CUST0994,10977.81,Travel,2026-01-24,0,HIGH,2026-06-10 20:52:12
TXN006712,CUST0982,9248.89,Food,2026-01-10,0,MEDIUM,2026-06-10 20:52:12
TXN006713,CUST0508,32533.72,Healthcare,2026-06-06,0,HIGH,2026-06-10 20:52:12
TXN006714,CUST0675,7630.72,Travel,2026-03-30,0,MEDIUM,2026-06-10 20:52:12
TXN006715,CUST0554,16572.15,Shopping,2026-03-25,0,HIGH,2026-06-10 20:52:12
TXN006716,CUST0039,32741.33,Food,2026-05-10,0,HIGH,2026-06-10 20:52:12
TXN006717,CUST0025,38952.53,Healthcare,2026-02-21,0,HIGH,2026-06-10 20:52:12
TXN006718,CUST0231,31446.92,Food,2026-04-11,0,HIGH,2026-06-10 20:52:12
TXN006719,CUST0777,3619.25,Shopping,2026-03-30,0,LOW,2026-06-10 20:52:12
TXN006720,CUST0530,28243.89,Healthcare,2026-05-13,0,HIGH,2026-06-10 20:52:12
TXN006721,CUST0803,17021.19,Shopping,2026-01-16,0,HIGH,2026-06-10 20:52:12
TXN006722,CUST0865,9774.86,Healthcare,2026-03-17,0,MEDIUM,2026-06-10 20:52:12
TXN006723,CUST0442,35184.39,Travel,2026-06-06,0,HIGH,2026-06-10 20:52:12
TXN006724,CUST0425,4489.45,Food,2026-05-27,0,LOW,2026-06-10 20:52:12
TXN006725,CUST0762,49296.11,Shopping,2026-03-28,0,HIGH,2026-06-10 20:52:12
TXN006726,CUST0925,28055.13,Food,2026-04-05,0,HIGH,2026-06-10 20:52:12
TXN006727,CUST0844,11309.91,Healthcare,2026-04-10,0,HIGH,2026-06-10 20:52:12
TXN006728,CUST0079,35674.25,Shopping,2026-03-21,0,HIGH,2026-06-10 20:52:12
TXN006729,CUST0451,45478.72,Shopping,2026-06-05,0,HIGH,2026-06-10 20:52:12
TXN006730,CUST0819,8512.88,Healthcare,2026-03-11,0,MEDIUM,2026-06-10 20:52:12
TXN006731,CUST0529,40681.43,Travel,2026-01-02,0,HIGH,2026-06-10 20:52:12
TXN006732,CUST0528,48415.98,Food,2026-04-08,0,HIGH,2026-06-10 20:52:12
TXN006733,CUST0333,17620.62,Travel,2026-05-22,0,HIGH,2026-06-10 20:52:12
TXN006734,CUST0830,43812.8,Shopping,2026-03-06,0,HIGH,2026-06-10 20:52:12
TXN006735,CUST0982,19787.54,Shopping,2026-01-19,0,HIGH,2026-06-10 20:52:12
TXN006736,CUST0735,6053.98,Shopping,2026-04-10,0,MEDIUM,2026-06-10 20:52:12
TXN006737,CUST0101,9124.29,Food,2026-01-26,0,MEDIUM,2026-06-10 20:52:12
TXN006738,CUST0581,3005.46,Healthcare,2026-03-20,0,LOW,2026-06-10 20:52:12
TXN006739,CUST0683,16210.27,Healthcare,2026-03-28,0,HIGH,2026-06-10 20:52:12
TXN006740,CUST0736,24613.39,Food,2026-01-13,0,HIGH,2026-06-10 20:52:12
TXN006741,CUST0627,9216.45,Travel,2026-01-15,0,MEDIUM,2026-06-10 20:52:12
TXN006742,CUST0673,9653.89,Healthcare,2026-04-08,0,MEDIUM,2026-06-10 20:52:12
TXN006743,CUST0473,11058.34,Healthcare,2026-03-07,0,HIGH,2026-06-10 20:52:12
TXN006744,CUST0850,30883.4,Shopping,2026-04-20,0,HIGH,2026-06-10 20:52:12
TXN006745,CUST0710,47442.02,Travel,2026-01-20,0,HIGH,2026-06-10 20:52:12
TXN006746,CUST0316,41157.02,Shopping,2026-05-07,0,HIGH,2026-06-10 20:52:12
TXN006747,CUST0691,20485.79,Shopping,2026-01-20,1,HIGH,2026-06-10 20:52:12
TXN006748,CUST0289,29617.82,Travel,2026-04-13,0,HIGH,2026-06-10 20:52:12
TXN006749,CUST0063,42111.31,Shopping,2026-04-26,0,HIGH,2026-06-10 20:52:12
TXN006750,CUST0643,18829.6,Food,2026-05-19,0,HIGH,2026-06-10 20:52:12
TXN006751,CUST0313,20508.95,Food,2026-02-15,0,HIGH,2026-06-10 20:52:12
TXN006752,CUST0877,21106.2,Shopping,2026-05-04,0,HIGH,2026-06-10 20:52:12
TXN006753,CUST0439,33459.64,Travel,2026-04-25,0,HIGH,2026-06-10 20:52:12
TXN006754,CUST0924,19173.73,Healthcare,2026-03-14,0,HIGH,2026-06-10 20:52:12
TXN006755,CUST0960,21847.42,Food,2026-03-09,0,HIGH,2026-06-10 20:52:12
TXN006756,CUST0356,35837.02,Travel,2026-02-23,0,HIGH,2026-06-10 20:52:12
TXN006757,CUST0050,10078.82,Travel,2026-02-14,0,HIGH,2026-06-10 20:52:12
TXN006758,CUST0755,20183.0,Travel,2026-01-16,0,HIGH,2026-06-10 20:52:12
TXN006759,CUST0522,23432.29,Shopping,2026-01-28,0,HIGH,2026-06-10 20:52:12
TXN006760,CUST0834,24547.57,Travel,2026-01-28,0,HIGH,2026-06-10 20:52:12
TXN006761,CUST0366,4658.65,Food,2026-03-09,0,LOW,2026-06-10 20:52:12
TXN006762,CUST0455,49349.92,Travel,2026-06-03,0,HIGH,2026-06-10 20:52:12
TXN006763,CUST0618,8913.27,Food,2026-04-05,0,MEDIUM,2026-06-10 20:52:12
TXN006764,CUST0095,10576.05,Food,2026-05-29,0,HIGH,2026-06-10 20:52:12
TXN006765,CUST0017,6759.33,Food,2026-03-08,0,MEDIUM,2026-06-10 20:52:12
TXN006766,CUST0950,11494.14,Healthcare,2026-05-11,0,HIGH,2026-06-10 20:52:12
TXN006767,CUST0806,11633.57,Shopping,2026-05-09,0,HIGH,2026-06-10 20:52:12
TXN006768,CUST0174,18260.91,Healthcare,2026-05-29,0,HIGH,2026-06-10 20:52:12
TXN006769,CUST0283,22490.02,Healthcare,2026-03-14,0,HIGH,2026-06-10 20:52:12
TXN006770,CUST0754,32443.79,Travel,2026-04-18,0,HIGH,2026-06-10 20:52:12
TXN006771,CUST0181,49940.87,Food,2026-05-15,0,HIGH,2026-06-10 20:52:12
TXN006772,CUST0788,44456.32,Shopping,2026-03-21,0,HIGH,2026-06-10 20:52:12
TXN006773,CUST0053,48683.58,Shopping,2026-05-18,0,HIGH,2026-06-10 20:52:12
TXN006774,CUST0496,46966.57,Healthcare,2026-04-11,0,HIGH,2026-06-10 20:52:12
TXN006775,CUST0266,1205.63,Travel,2026-03-19,1,LOW,2026-06-10 20:52:12
TXN006776,CUST0556,25065.2,Travel,2026-04-24,0,HIGH,2026-06-10 20:52:12
TXN006777,CUST0714,620.79,Healthcare,2026-03-16,0,LOW,2026-06-10 20:52:12
TXN006778,CUST0847,49799.35,Food,2026-06-04,0,HIGH,2026-06-10 20:52:12
TXN006779,CUST0573,4813.99,Travel,2026-03-20,0,LOW,2026-06-10 20:52:12
TXN006780,CUST0833,46419.67,Healthcare,2026-01-17,0,HIGH,2026-06-10 20:52:12
TXN006781,CUST0926,15995.5,Food,2026-02-06,0,HIGH,2026-06-10 20:52:12
TXN006782,CUST0991,2005.42,Healthcare,2026-02-28,0,LOW,2026-06-10 20:52:12
TXN006783,CUST0284,42079.56,Shopping,2026-02-09,0,HIGH,2026-06-10 20:52:12
TXN006784,CUST0553,21947.75,Shopping,2026-04-10,0,HIGH,2026-06-10 20:52:12
TXN006785,CUST0118,58.02,Shopping,2026-03-01,0,LOW,2026-06-10 20:52:12
TXN006786,CUST0634,7126.65,Travel,2026-04-23,0,MEDIUM,2026-06-10 20:52:12
TXN006787,CUST0989,35603.66,Travel,2026-05-18,0,HIGH,2026-06-10 20:52:12
TXN006788,CUST0545,10233.26,Food,2026-04-11,0,HIGH,2026-06-10 20:52:12
TXN006789,CUST0573,44720.26,Healthcare,2026-04-07,0,HIGH,2026-06-10 20:52:12
TXN006790,CUST0135,11731.6,Healthcare,2026-02-13,0,HIGH,2026-06-10 20:52:12
TXN006791,CUST0974,15414.17,Healthcare,2026-02-03,0,HIGH,2026-06-10 20:52:12
TXN006792,CUST0416,22428.99,Travel,2026-02-23,0,HIGH,2026-06-10 20:52:12
TXN006793,CUST0930,19085.45,Shopping,2026-01-26,0,HIGH,2026-06-10 20:52:12
TXN006794,CUST0088,42204.66,Food,2026-04-21,0,HIGH,2026-06-10 20:52:12
TXN006795,CUST0799,35113.69,Shopping,2026-02-25,0,HIGH,2026-06-10 20:52:12
TXN006796,CUST0189,21404.36,Shopping,2026-04-12,0,HIGH,2026-06-10 20:52:12
TXN006797,CUST0954,37088.77,Healthcare,2026-04-07,0,HIGH,2026-06-10 20:52:12
TXN006798,CUST0574,43736.11,Food,2026-04-11,0,HIGH,2026-06-10 20:52:12
TXN006799,CUST0538,2236.45,Food,2026-02-07,0,LOW,2026-06-10 20:52:12
TXN006800,CUST0488,35151.06,Shopping,2026-05-15,0,HIGH,2026-06-10 20:52:12
TXN006801,CUST0419,4393.83,Food,2026-05-07,1,LOW,2026-06-10 20:52:12
TXN006802,CUST0821,34105.87,Shopping,2026-04-04,0,HIGH,2026-06-10 20:52:12
TXN006803,CUST0219,3325.64,Healthcare,2026-01-05,0,LOW,2026-06-10 20:52:12
TXN006804,CUST0598,20363.33,Healthcare,2026-04-05,0,HIGH,2026-06-10 20:52:12
TXN006805,CUST0160,8355.07,Shopping,2026-01-27,0,MEDIUM,2026-06-10 20:52:12
TXN006806,CUST0645,47513.16,Healthcare,2026-05-23,0,HIGH,2026-06-10 20:52:12
TXN006807,CUST0802,49161.85,Healthcare,2026-01-27,0,HIGH,2026-06-10 20:52:12
TXN006808,CUST0100,20063.15,Travel,2026-04-07,0,HIGH,2026-06-10 20:52:12
TXN006809,CUST0039,48275.01,Food,2026-04-10,0,HIGH,2026-06-10 20:52:12
TXN006810,CUST0988,19680.54,Travel,2026-04-07,0,HIGH,2026-06-10 20:52:12
TXN006811,CUST0461,25428.37,Travel,2026-02-18,0,HIGH,2026-06-10 20:52:12
TXN006812,CUST0846,8470.82,Food,2026-02-01,0,MEDIUM,2026-06-10 20:52:12
TXN006813,CUST0034,16854.23,Healthcare,2026-01-05,0,HIGH,2026-06-10 20:52:12
TXN006814,CUST0894,32639.11,Healthcare,2026-02-19,0,HIGH,2026-06-10 20:52:12
TXN006815,CUST0250,33101.35,Travel,2026-04-25,0,HIGH,2026-06-10 20:52:12
TXN006816,CUST0394,48583.26,Travel,2026-03-20,1,HIGH,2026-06-10 20:52:12
TXN006817,CUST0841,14763.84,Food,2026-04-29,0,HIGH,2026-06-10 20:52:12
TXN006818,CUST0426,8002.26,Travel,2026-04-13,0,MEDIUM,2026-06-10 20:52:12
TXN006819,CUST0500,45224.3,Healthcare,2026-03-10,0,HIGH,2026-06-10 20:52:12
TXN006820,CUST0699,22642.68,Healthcare,2026-03-23,0,HIGH,2026-06-10 20:52:12
TXN006821,CUST0447,18186.23,Shopping,2026-05-19,0,HIGH,2026-06-10 20:52:12
TXN006822,CUST0016,43755.01,Healthcare,2026-05-16,0,HIGH,2026-06-10 20:52:12
TXN006823,CUST0498,28314.41,Healthcare,2026-01-19,1,HIGH,2026-06-10 20:52:12
TXN006824,CUST0575,46083.99,Healthcare,2026-05-21,0,HIGH,2026-06-10 20:52:12
TXN006825,CUST0260,2105.7,Food,2026-03-12,0,LOW,2026-06-10 20:52:12
TXN006826,CUST0430,24526.34,Healthcare,2026-05-30,0,HIGH,2026-06-10 20:52:12
TXN006827,CUST0899,13484.54,Travel,2026-03-16,0,HIGH,2026-06-10 20:52:12
TXN006828,CUST0675,19820.88,Travel,2026-04-17,0,HIGH,2026-06-10 20:52:12
TXN006829,CUST0642,4512.94,Healthcare,2026-01-10,0,LOW,2026-06-10 20:52:12
TXN006830,CUST0687,18630.0,Travel,2026-04-06,0,HIGH,2026-06-10 20:52:12
TXN006831,CUST0929,42584.21,Travel,2026-03-27,0,HIGH,2026-06-10 20:52:12
TXN006832,CUST0104,14708.74,Shopping,2026-04-25,0,HIGH,2026-06-10 20:52:12
TXN006833,CUST0646,32367.73,Travel,2026-03-05,0,HIGH,2026-06-10 20:52:12
TXN006834,CUST0868,39269.58,Food,2026-04-29,0,HIGH,2026-06-10 20:52:12
TXN006835,CUST0330,34434.16,Travel,2026-05-02,0,HIGH,2026-06-10 20:52:12
TXN006836,CUST0272,21789.01,Travel,2026-05-19,0,HIGH,2026-06-10 20:52:12
TXN006837,CUST0250,27379.77,Shopping,2026-03-30,0,HIGH,2026-06-10 20:52:12
TXN006838,CUST0567,8540.9,Travel,2026-03-02,0,MEDIUM,2026-06-10 20:52:12
TXN006839,CUST0185,22338.56,Healthcare,2026-02-06,0,HIGH,2026-06-10 20:52:12
TXN006840,CUST0764,26244.84,Shopping,2026-05-15,0,HIGH,2026-06-10 20:52:12
TXN006841,CUST0768,20733.61,Travel,2026-05-04,0,HIGH,2026-06-10 20:52:12
TXN006842,CUST0626,33409.77,Healthcare,2026-01-29,0,HIGH,2026-06-10 20:52:12
TXN006843,CUST0448,2134.49,Food,2026-01-14,0,LOW,2026-06-10 20:52:12
TXN006844,CUST0189,36388.17,Travel,2026-03-10,0,HIGH,2026-06-10 20:52:12
TXN006845,CUST0941,28720.26,Shopping,2026-03-29,0,HIGH,2026-06-10 20:52:12
TXN006846,CUST0456,33755.79,Healthcare,2026-01-24,0,HIGH,2026-06-10 20:52:12
TXN006847,CUST0267,14123.07,Shopping,2026-04-23,0,HIGH,2026-06-10 20:52:12
TXN006848,CUST0591,13656.3,Travel,2026-01-03,0,HIGH,2026-06-10 20:52:12
TXN006849,CUST0636,24235.11,Shopping,2026-04-17,0,HIGH,2026-06-10 20:52:12
TXN006850,CUST0458,26459.4,Shopping,2026-05-11,0,HIGH,2026-06-10 20:52:12
TXN006851,CUST0093,39493.98,Travel,2026-05-26,0,HIGH,2026-06-10 20:52:12
TXN006852,CUST0578,35547.75,Travel,2026-01-21,0,HIGH,2026-06-10 20:52:12
TXN006853,CUST0235,39589.76,Healthcare,2026-04-27,0,HIGH,2026-06-10 20:52:12
TXN006854,CUST0747,28426.69,Food,2026-02-26,0,HIGH,2026-06-10 20:52:12
TXN006855,CUST0330,11311.55,Healthcare,2026-01-10,0,HIGH,2026-06-10 20:52:12
TXN006856,CUST0502,19176.81,Travel,2026-02-18,0,HIGH,2026-06-10 20:52:12
TXN006857,CUST0656,48871.29,Healthcare,2026-06-04,0,HIGH,2026-06-10 20:52:12
TXN006858,CUST0725,42851.42,Travel,2026-01-27,0,HIGH,2026-06-10 20:52:12
TXN006859,CUST0460,49361.41,Travel,2026-01-11,1,HIGH,2026-06-10 20:52:12
TXN006860,CUST0779,11297.94,Shopping,2026-01-17,0,HIGH,2026-06-10 20:52:12
TXN006861,CUST0301,33120.29,Food,2026-04-14,0,HIGH,2026-06-10 20:52:12
TXN006862,CUST0057,21889.84,Shopping,2026-04-10,0,HIGH,2026-06-10 20:52:12
TXN006863,CUST0242,26756.1,Food,2026-03-09,0,HIGH,2026-06-10 20:52:12
TXN006864,CUST0839,20610.36,Shopping,2026-03-18,0,HIGH,2026-06-10 20:52:12
TXN006865,CUST0010,49328.02,Travel,2026-01-28,0,HIGH,2026-06-10 20:52:12
TXN006866,CUST0589,42661.67,Healthcare,2026-05-29,0,HIGH,2026-06-10 20:52:12
TXN006867,CUST0786,40815.18,Travel,2026-03-04,1,HIGH,2026-06-10 20:52:12
TXN006868,CUST0783,40419.37,Healthcare,2026-05-13,0,HIGH,2026-06-10 20:52:12
TXN006869,CUST0210,30103.01,Travel,2026-06-06,1,HIGH,2026-06-10 20:52:12
TXN006870,CUST0271,29924.87,Travel,2026-04-11,0,HIGH,2026-06-10 20:52:12
TXN006871,CUST0946,35521.14,Travel,2026-06-09,0,HIGH,2026-06-10 20:52:12
TXN006872,CUST0624,41119.28,Healthcare,2026-02-09,0,HIGH,2026-06-10 20:52:12
TXN006873,CUST0142,26536.09,Shopping,2026-06-06,0,HIGH,2026-06-10 20:52:12
TXN006874,CUST0268,34349.8,Healthcare,2026-06-03,0,HIGH,2026-06-10 20:52:12
TXN006875,CUST0572,26051.96,Healthcare,2026-04-05,0,HIGH,2026-06-10 20:52:12
TXN006876,CUST0756,29864.07,Shopping,2026-02-18,0,HIGH,2026-06-10 20:52:12
TXN006877,CUST0316,38396.56,Healthcare,2026-03-17,0,HIGH,2026-06-10 20:52:12
TXN006878,CUST0620,4809.12,Healthcare,2026-01-19,0,LOW,2026-06-10 20:52:12
TXN006879,CUST0389,47494.56,Healthcare,2026-04-23,0,HIGH,2026-06-10 20:52:12
TXN006880,CUST0966,28865.85,Shopping,2026-05-29,0,HIGH,2026-06-10 20:52:12
TXN006881,CUST0932,43418.3,Shopping,2026-02-05,0,HIGH,2026-06-10 20:52:12
TXN006882,CUST0215,961.9,Healthcare,2026-04-15,0,LOW,2026-06-10 20:52:12
TXN006883,CUST0097,46844.42,Shopping,2026-05-23,0,HIGH,2026-06-10 20:52:12
TXN006884,CUST0030,22114.59,Shopping,2026-06-07,0,HIGH,2026-06-10 20:52:12
TXN006885,CUST0919,17632.05,Healthcare,2026-03-24,0,HIGH,2026-06-10 20:52:12
TXN006886,CUST0479,40509.32,Travel,2026-06-07,0,HIGH,2026-06-10 20:52:12
TXN006887,CUST0332,2681.0,Healthcare,2026-05-19,0,LOW,2026-06-10 20:52:12
TXN006888,CUST0804,7269.01,Food,2026-01-22,0,MEDIUM,2026-06-10 20:52:12
TXN006889,CUST0619,35491.66,Travel,2026-03-18,0,HIGH,2026-06-10 20:52:12
TXN006890,CUST0771,21824.34,Healthcare,2026-02-24,0,HIGH,2026-06-10 20:52:12
TXN006891,CUST0553,2929.41,Travel,2026-02-28,0,LOW,2026-06-10 20:52:12
TXN006892,CUST0912,49153.59,Food,2026-05-15,0,HIGH,2026-06-10 20:52:12
TXN006893,CUST0252,13159.63,Shopping,2026-05-09,0,HIGH,2026-06-10 20:52:12
TXN006894,CUST0426,20908.74,Shopping,2026-04-03,0,HIGH,2026-06-10 20:52:12
TXN006895,CUST0947,29714.53,Healthcare,2026-04-10,0,HIGH,2026-06-10 20:52:12
TXN006896,CUST0832,14135.18,Food,2026-02-04,1,HIGH,2026-06-10 20:52:12
TXN006897,CUST0421,43625.98,Shopping,2026-04-12,0,HIGH,2026-06-10 20:52:12
TXN006898,CUST0708,47038.65,Shopping,2026-04-03,0,HIGH,2026-06-10 20:52:12
TXN006899,CUST0125,20156.56,Travel,2026-03-18,0,HIGH,2026-06-10 20:52:12
TXN006900,CUST0881,10620.39,Shopping,2026-05-26,0,HIGH,2026-06-10 20:52:12
TXN006901,CUST0616,24052.19,Healthcare,2026-05-28,1,HIGH,2026-06-10 20:52:12
TXN006902,CUST0008,46106.2,Shopping,2026-05-20,0,HIGH,2026-06-10 20:52:12
TXN006903,CUST0616,22317.88,Healthcare,2026-05-07,0,HIGH,2026-06-10 20:52:12
TXN006904,CUST0465,13953.46,Healthcare,2026-04-26,0,HIGH,2026-06-10 20:52:12
TXN006905,CUST0148,49892.17,Healthcare,2026-02-19,0,HIGH,2026-06-10 20:52:12
TXN006906,CUST0963,3027.89,Travel,2026-02-02,0,LOW,2026-06-10 20:52:12
TXN006907,CUST0412,47902.12,Healthcare,2026-01-25,0,HIGH,2026-06-10 20:52:12
TXN006908,CUST0487,21883.14,Food,2026-04-08,0,HIGH,2026-06-10 20:52:12
TXN006909,CUST0108,13798.62,Food,2026-04-28,0,HIGH,2026-06-10 20:52:12
TXN006910,CUST0998,49027.33,Shopping,2026-05-08,0,HIGH,2026-06-10 20:52:12
TXN006911,CUST0123,48876.79,Food,2026-05-30,0,HIGH,2026-06-10 20:52:12
TXN006912,CUST0368,11584.37,Travel,2026-06-07,0,HIGH,2026-06-10 20:52:12
TXN006913,CUST0861,33949.2,Healthcare,2026-04-09,0,HIGH,2026-06-10 20:52:12
TXN006914,CUST0201,43869.35,Healthcare,2026-01-04,0,HIGH,2026-06-10 20:52:12
TXN006915,CUST0242,48600.99,Shopping,2026-03-10,0,HIGH,2026-06-10 20:52:12
TXN006916,CUST0272,10833.23,Food,2026-05-02,0,HIGH,2026-06-10 20:52:12
TXN006917,CUST0386,14493.35,Shopping,2026-01-05,0,HIGH,2026-06-10 20:52:12
TXN006918,CUST0815,22402.2,Travel,2026-05-28,0,HIGH,2026-06-10 20:52:12
TXN006919,CUST0656,29043.75,Shopping,2026-02-03,0,HIGH,2026-06-10 20:52:12
TXN006920,CUST0593,12021.05,Food,2026-05-14,0,HIGH,2026-06-10 20:52:12
TXN006921,CUST0816,4905.16,Healthcare,2026-04-25,1,LOW,2026-06-10 20:52:12
TXN006922,CUST0814,269.81,Food,2026-03-31,0,LOW,2026-06-10 20:52:12
TXN006923,CUST0158,9493.49,Healthcare,2026-04-14,0,MEDIUM,2026-06-10 20:52:12
TXN006924,CUST0516,3067.27,Shopping,2026-04-25,0,LOW,2026-06-10 20:52:12
TXN006925,CUST0893,32331.78,Shopping,2026-05-08,0,HIGH,2026-06-10 20:52:12
TXN006926,CUST0261,27297.58,Food,2026-06-07,0,HIGH,2026-06-10 20:52:12
TXN006927,CUST0957,30017.73,Travel,2026-06-05,0,HIGH,2026-06-10 20:52:12
TXN006928,CUST0796,4600.68,Shopping,2026-02-21,0,LOW,2026-06-10 20:52:12
TXN006929,CUST0385,11428.5,Travel,2026-04-05,0,HIGH,2026-06-10 20:52:12
TXN006930,CUST0377,18942.44,Food,2026-01-29,1,HIGH,2026-06-10 20:52:12
TXN006931,CUST0122,41140.4,Healthcare,2026-03-13,0,HIGH,2026-06-10 20:52:12
TXN006932,CUST0217,3299.1,Travel,2026-01-30,0,LOW,2026-06-10 20:52:12
TXN006933,CUST0538,726.46,Shopping,2026-02-12,0,LOW,2026-06-10 20:52:12
TXN006934,CUST0426,40612.25,Shopping,2026-03-22,0,HIGH,2026-06-10 20:52:12
TXN006935,CUST0438,25618.45,Travel,2026-05-20,0,HIGH,2026-06-10 20:52:12
TXN006936,CUST0815,48281.94,Shopping,2026-03-20,0,HIGH,2026-06-10 20:52:12
TXN006937,CUST0196,12521.28,Healthcare,2026-02-01,0,HIGH,2026-06-10 20:52:12
TXN006938,CUST0626,40171.69,Healthcare,2026-04-19,0,HIGH,2026-06-10 20:52:12
TXN006939,CUST0683,39096.33,Shopping,2026-03-14,0,HIGH,2026-06-10 20:52:12
TXN006940,CUST0944,17949.46,Food,2026-03-07,0,HIGH,2026-06-10 20:52:12
TXN006941,CUST0417,29263.19,Food,2026-02-14,0,HIGH,2026-06-10 20:52:12
TXN006942,CUST0169,337.99,Shopping,2026-04-22,0,LOW,2026-06-10 20:52:12
TXN006943,CUST0468,2771.73,Food,2026-02-02,0,LOW,2026-06-10 20:52:12
TXN006944,CUST0233,18702.84,Healthcare,2026-01-18,0,HIGH,2026-06-10 20:52:12
TXN006945,CUST0274,28745.96,Shopping,2026-03-19,0,HIGH,2026-06-10 20:52:12
TXN006946,CUST0272,16163.34,Shopping,2026-02-08,0,HIGH,2026-06-10 20:52:12
TXN006947,CUST0419,23827.44,Food,2026-04-05,0,HIGH,2026-06-10 20:52:12
TXN006948,CUST0101,16847.67,Healthcare,2026-01-08,0,HIGH,2026-06-10 20:52:12
TXN006949,CUST0460,1500.27,Shopping,2026-02-17,0,LOW,2026-06-10 20:52:12
TXN006950,CUST0801,24585.8,Healthcare,2026-02-09,0,HIGH,2026-06-10 20:52:12
TXN006951,CUST0054,10744.64,Travel,2026-02-01,0,HIGH,2026-06-10 20:52:12
TXN006952,CUST0529,23482.19,Food,2026-03-08,0,HIGH,2026-06-10 20:52:12
TXN006953,CUST0043,22006.34,Food,2026-01-26,0,HIGH,2026-06-10 20:52:12
TXN006954,CUST0851,41166.23,Food,2026-03-23,0,HIGH,2026-06-10 20:52:12
TXN006955,CUST0715,32530.66,Travel,2026-05-24,0,HIGH,2026-06-10 20:52:12
TXN006956,CUST0581,17937.71,Travel,2026-04-03,1,HIGH,2026-06-10 20:52:12
TXN006957,CUST0723,38957.4,Food,2026-03-25,0,HIGH,2026-06-10 20:52:12
TXN006958,CUST0363,21718.01,Food,2026-01-30,0,HIGH,2026-06-10 20:52:12
TXN006959,CUST0631,40881.69,Shopping,2026-02-24,0,HIGH,2026-06-10 20:52:12
TXN006960,CUST0628,7731.41,Food,2026-05-27,0,MEDIUM,2026-06-10 20:52:12
TXN006961,CUST0566,31863.44,Shopping,2026-01-26,0,HIGH,2026-06-10 20:52:12
TXN006962,CUST0573,20452.26,Shopping,2026-03-11,0,HIGH,2026-06-10 20:52:12
TXN006963,CUST0716,13899.25,Food,2026-03-30,0,HIGH,2026-06-10 20:52:12
TXN006964,CUST0101,1362.63,Shopping,2026-04-02,0,LOW,2026-06-10 20:52:12
TXN006965,CUST0240,9494.03,Healthcare,2026-05-10,0,MEDIUM,2026-06-10 20:52:12
TXN006966,CUST0116,27148.09,Healthcare,2026-05-05,0,HIGH,2026-06-10 20:52:12
TXN006967,CUST0164,27373.69,Travel,2026-04-30,0,HIGH,2026-06-10 20:52:12
TXN006968,CUST0157,38087.8,Food,2026-06-07,0,HIGH,2026-06-10 20:52:12
TXN006969,CUST0690,37167.39,Travel,2026-01-05,0,HIGH,2026-06-10 20:52:12
TXN006970,CUST0619,47035.48,Travel,2026-03-15,0,HIGH,2026-06-10 20:52:12
TXN006971,CUST0735,28309.28,Travel,2026-03-13,0,HIGH,2026-06-10 20:52:12
TXN006972,CUST0354,41343.36,Shopping,2026-05-12,0,HIGH,2026-06-10 20:52:12
TXN006973,CUST0285,6509.65,Food,2026-05-23,0,MEDIUM,2026-06-10 20:52:12
TXN006974,CUST0722,46099.75,Travel,2026-03-18,0,HIGH,2026-06-10 20:52:12
TXN006975,CUST0984,19606.99,Healthcare,2026-04-29,0,HIGH,2026-06-10 20:52:12
TXN006976,CUST0156,30279.74,Healthcare,2026-04-18,0,HIGH,2026-06-10 20:52:12
TXN006977,CUST0045,47798.92,Shopping,2026-04-14,0,HIGH,2026-06-10 20:52:12
TXN006978,CUST0626,38306.81,Healthcare,2026-02-19,0,HIGH,2026-06-10 20:52:12
TXN006979,CUST0797,11354.27,Healthcare,2026-04-02,0,HIGH,2026-06-10 20:52:12
TXN006980,CUST0268,29219.71,Food,2026-02-20,0,HIGH,2026-06-10 20:52:12
TXN006981,CUST0153,18050.44,Shopping,2026-03-25,0,HIGH,2026-06-10 20:52:12
TXN006982,CUST0779,13475.94,Food,2026-05-02,0,HIGH,2026-06-10 20:52:12
TXN006983,CUST0324,41464.96,Travel,2026-04-10,1,HIGH,2026-06-10 20:52:12
TXN006984,CUST0872,11753.77,Healthcare,2026-03-03,0,HIGH,2026-06-10 20:52:12
TXN006985,CUST0635,49577.18,Travel,2026-04-03,0,HIGH,2026-06-10 20:52:12
TXN006986,CUST0301,19242.77,Healthcare,2026-06-08,0,HIGH,2026-06-10 20:52:12
TXN006987,CUST0704,42638.41,Shopping,2026-02-13,0,HIGH,2026-06-10 20:52:12
TXN006988,CUST0303,47351.19,Shopping,2026-03-19,0,HIGH,2026-06-10 20:52:12
TXN006989,CUST0416,11818.7,Shopping,2026-06-01,0,HIGH,2026-06-10 20:52:12
TXN006990,CUST0068,30.13,Travel,2026-03-09,0,LOW,2026-06-10 20:52:12
TXN006991,CUST0864,6940.92,Travel,2026-01-24,0,MEDIUM,2026-06-10 20:52:12
TXN006992,CUST0136,5719.66,Shopping,2026-05-31,0,MEDIUM,2026-06-10 20:52:12
TXN006993,CUST0742,36626.86,Shopping,2026-05-13,0,HIGH,2026-06-10 20:52:12
TXN006994,CUST0443,47980.97,Healthcare,2026-05-09,0,HIGH,2026-06-10 20:52:12
TXN006995,CUST0285,16381.01,Shopping,2026-01-17,0,HIGH,2026-06-10 20:52:12
TXN006996,CUST0745,6463.96,Travel,2026-01-20,0,MEDIUM,2026-06-10 20:52:12
TXN006997,CUST0593,26102.42,Food,2026-01-19,0,HIGH,2026-06-10 20:52:12
TXN006998,CUST0853,44170.63,Shopping,2026-05-07,0,HIGH,2026-06-10 20:52:12
TXN006999,CUST0944,2018.78,Shopping,2026-01-04,0,LOW,2026-06-10 20:52:12
TXN007000,CUST0820,7916.77,Food,2026-02-26,0,MEDIUM,2026-06-10 20:52:12
TXN007001,CUST0081,6539.6,Healthcare,2026-05-28,0,MEDIUM,2026-06-10 20:52:12
TXN007002,CUST0242,36390.03,Shopping,2026-05-10,0,HIGH,2026-06-10 20:52:12
TXN007003,CUST0671,45025.99,Healthcare,2026-02-19,0,HIGH,2026-06-10 20:52:12
TXN007004,CUST0764,35307.01,Shopping,2026-04-01,0,HIGH,2026-06-10 20:52:12
TXN007005,CUST0597,37736.49,Food,2026-03-22,0,HIGH,2026-06-10 20:52:12
TXN007006,CUST0626,7738.04,Healthcare,2026-02-07,0,MEDIUM,2026-06-10 20:52:12
TXN007007,CUST0717,42504.94,Food,2026-04-26,0,HIGH,2026-06-10 20:52:12
TXN007008,CUST0657,16807.43,Travel,2026-02-28,0,HIGH,2026-06-10 20:52:12
TXN007009,CUST0868,18310.06,Travel,2026-05-21,0,HIGH,2026-06-10 20:52:12
TXN007010,CUST0718,9306.82,Shopping,2026-03-15,0,MEDIUM,2026-06-10 20:52:12
TXN007011,CUST0787,22108.87,Shopping,2026-05-11,0,HIGH,2026-06-10 20:52:12
TXN007012,CUST0452,34980.06,Travel,2026-02-19,0,HIGH,2026-06-10 20:52:12
TXN007013,CUST0308,10305.84,Healthcare,2026-04-23,1,HIGH,2026-06-10 20:52:12
TXN007014,CUST0231,40978.46,Travel,2026-05-30,0,HIGH,2026-06-10 20:52:12
TXN007015,CUST0581,27366.66,Shopping,2026-04-03,0,HIGH,2026-06-10 20:52:12
TXN007016,CUST0341,35168.02,Shopping,2026-02-26,0,HIGH,2026-06-10 20:52:12
TXN007017,CUST0267,16531.16,Travel,2026-02-13,0,HIGH,2026-06-10 20:52:12
TXN007018,CUST0614,32915.4,Travel,2026-03-12,0,HIGH,2026-06-10 20:52:12
TXN007019,CUST0850,10936.38,Travel,2026-01-30,0,HIGH,2026-06-10 20:52:12
TXN007020,CUST0348,42224.88,Travel,2026-03-31,0,HIGH,2026-06-10 20:52:12
TXN007021,CUST0511,47573.61,Shopping,2026-04-03,0,HIGH,2026-06-10 20:52:12
TXN007022,CUST0123,3240.19,Healthcare,2026-04-12,0,LOW,2026-06-10 20:52:12
TXN007023,CUST0642,14909.39,Travel,2026-05-15,0,HIGH,2026-06-10 20:52:12
TXN007024,CUST0589,2493.78,Travel,2026-01-10,0,LOW,2026-06-10 20:52:12
TXN007025,CUST0736,5759.72,Travel,2026-02-14,0,MEDIUM,2026-06-10 20:52:12
TXN007026,CUST0081,19872.03,Travel,2026-05-26,0,HIGH,2026-06-10 20:52:12
TXN007027,CUST0116,30568.86,Food,2026-02-04,0,HIGH,2026-06-10 20:52:12
TXN007028,CUST0340,42455.95,Healthcare,2026-04-09,0,HIGH,2026-06-10 20:52:12
TXN007029,CUST0662,49914.32,Healthcare,2026-03-01,0,HIGH,2026-06-10 20:52:12
TXN007030,CUST0238,44879.28,Healthcare,2026-01-14,0,HIGH,2026-06-10 20:52:12
TXN007031,CUST0413,46515.09,Food,2026-05-08,0,HIGH,2026-06-10 20:52:12
TXN007032,CUST0286,41380.55,Shopping,2026-03-25,0,HIGH,2026-06-10 20:52:12
TXN007033,CUST0394,19161.14,Shopping,2026-05-23,0,HIGH,2026-06-10 20:52:12
TXN007034,CUST0510,9359.62,Shopping,2026-01-27,0,MEDIUM,2026-06-10 20:52:12
TXN007035,CUST0549,34330.01,Travel,2026-01-13,0,HIGH,2026-06-10 20:52:12
TXN007036,CUST0603,20896.95,Travel,2026-03-09,0,HIGH,2026-06-10 20:52:12
TXN007037,CUST0382,45323.45,Food,2026-05-22,0,HIGH,2026-06-10 20:52:12
TXN007038,CUST0794,18649.38,Shopping,2026-04-18,1,HIGH,2026-06-10 20:52:12
TXN007039,CUST0585,33253.6,Travel,2026-05-13,0,HIGH,2026-06-10 20:52:12
TXN007040,CUST0607,31242.91,Travel,2026-05-01,0,HIGH,2026-06-10 20:52:12
TXN007041,CUST0835,14995.0,Travel,2026-04-25,0,HIGH,2026-06-10 20:52:12
TXN007042,CUST0076,12488.44,Travel,2026-03-31,0,HIGH,2026-06-10 20:52:12
TXN007043,CUST0537,37386.31,Shopping,2026-02-14,1,HIGH,2026-06-10 20:52:12
TXN007044,CUST0119,42610.47,Food,2026-03-15,0,HIGH,2026-06-10 20:52:12
TXN007045,CUST0800,35201.02,Travel,2026-05-01,0,HIGH,2026-06-10 20:52:12
TXN007046,CUST0946,34620.5,Healthcare,2026-02-12,0,HIGH,2026-06-10 20:52:12
TXN007047,CUST0319,35866.09,Shopping,2026-05-04,0,HIGH,2026-06-10 20:52:12
TXN007048,CUST0201,4562.18,Shopping,2026-04-07,0,LOW,2026-06-10 20:52:12
TXN007049,CUST0163,12930.73,Healthcare,2026-01-04,0,HIGH,2026-06-10 20:52:12
TXN007050,CUST0444,19874.76,Food,2026-04-28,1,HIGH,2026-06-10 20:52:12
TXN007051,CUST0900,20751.72,Travel,2026-04-12,0,HIGH,2026-06-10 20:52:12
TXN007052,CUST0852,27993.44,Food,2026-04-27,0,HIGH,2026-06-10 20:52:12
TXN007053,CUST0532,18988.21,Food,2026-05-26,0,HIGH,2026-06-10 20:52:12
TXN007054,CUST0099,12709.81,Healthcare,2026-02-24,0,HIGH,2026-06-10 20:52:12
TXN007055,CUST0556,14703.48,Travel,2026-05-17,0,HIGH,2026-06-10 20:52:12
TXN007056,CUST0060,19400.1,Travel,2026-01-02,0,HIGH,2026-06-10 20:52:12
TXN007057,CUST0663,36361.09,Travel,2026-04-27,0,HIGH,2026-06-10 20:52:12
TXN007058,CUST0225,33114.4,Healthcare,2026-03-23,0,HIGH,2026-06-10 20:52:12
TXN007059,CUST0474,39560.97,Healthcare,2026-01-20,0,HIGH,2026-06-10 20:52:12
TXN007060,CUST0202,27311.82,Healthcare,2026-03-07,0,HIGH,2026-06-10 20:52:12
TXN007061,CUST0346,23767.57,Healthcare,2026-03-11,0,HIGH,2026-06-10 20:52:12
TXN007062,CUST0824,45641.88,Shopping,2026-03-13,1,HIGH,2026-06-10 20:52:12
TXN007063,CUST0132,33164.96,Healthcare,2026-04-05,0,HIGH,2026-06-10 20:52:12
TXN007064,CUST0075,2198.72,Shopping,2026-02-19,0,LOW,2026-06-10 20:52:12
TXN007065,CUST0253,13670.37,Travel,2026-04-21,0,HIGH,2026-06-10 20:52:12
TXN007066,CUST0379,39175.24,Travel,2026-03-09,0,HIGH,2026-06-10 20:52:12
TXN007067,CUST0264,20082.7,Shopping,2026-01-05,0,HIGH,2026-06-10 20:52:12
TXN007068,CUST0866,43622.52,Food,2026-02-02,0,HIGH,2026-06-10 20:52:12
TXN007069,CUST0582,9407.22,Shopping,2026-04-07,0,MEDIUM,2026-06-10 20:52:12
TXN007070,CUST0606,34668.42,Shopping,2026-01-17,0,HIGH,2026-06-10 20:52:12
TXN007071,CUST0540,15071.22,Food,2026-01-30,0,HIGH,2026-06-10 20:52:12
TXN007072,CUST0925,22165.14,Travel,2026-05-16,0,HIGH,2026-06-10 20:52:12
TXN007073,CUST0135,48665.39,Travel,2026-02-04,0,HIGH,2026-06-10 20:52:12
TXN007074,CUST0195,21038.07,Travel,2026-01-19,0,HIGH,2026-06-10 20:52:12
TXN007075,CUST0799,37680.69,Food,2026-01-05,0,HIGH,2026-06-10 20:52:12
TXN007076,CUST0449,4521.79,Food,2026-05-20,0,LOW,2026-06-10 20:52:12
TXN007077,CUST0114,27395.97,Travel,2026-05-26,0,HIGH,2026-06-10 20:52:12
TXN007078,CUST0761,21618.49,Food,2026-05-08,0,HIGH,2026-06-10 20:52:12
TXN007079,CUST0553,19599.27,Travel,2026-05-02,0,HIGH,2026-06-10 20:52:12
TXN007080,CUST0512,4530.98,Food,2026-02-03,0,LOW,2026-06-10 20:52:12
TXN007081,CUST0633,40374.97,Healthcare,2026-02-03,1,HIGH,2026-06-10 20:52:12
TXN007082,CUST0448,21145.37,Food,2026-02-14,0,HIGH,2026-06-10 20:52:12
TXN007083,CUST0849,646.77,Travel,2026-01-28,0,LOW,2026-06-10 20:52:12
TXN007084,CUST0513,4150.89,Shopping,2026-02-05,1,LOW,2026-06-10 20:52:12
TXN007085,CUST0738,26308.83,Travel,2026-05-19,0,HIGH,2026-06-10 20:52:12
TXN007086,CUST0092,48238.45,Travel,2026-02-13,0,HIGH,2026-06-10 20:52:12
TXN007087,CUST0791,26022.79,Food,2026-01-07,0,HIGH,2026-06-10 20:52:12
TXN007088,CUST0109,17001.6,Shopping,2026-04-19,0,HIGH,2026-06-10 20:52:12
TXN007089,CUST0318,33931.57,Travel,2026-03-11,0,HIGH,2026-06-10 20:52:12
TXN007090,CUST0236,2380.58,Shopping,2026-01-27,0,LOW,2026-06-10 20:52:12
TXN007091,CUST0947,40117.53,Shopping,2026-04-17,0,HIGH,2026-06-10 20:52:12
TXN007092,CUST0884,40687.07,Shopping,2026-04-21,0,HIGH,2026-06-10 20:52:12
TXN007093,CUST0319,42069.48,Shopping,2026-02-10,0,HIGH,2026-06-10 20:52:12
TXN007094,CUST0546,36193.61,Healthcare,2026-04-05,0,HIGH,2026-06-10 20:52:12
TXN007095,CUST0808,43104.84,Travel,2026-01-15,0,HIGH,2026-06-10 20:52:12
TXN007096,CUST0635,37119.97,Travel,2026-01-25,0,HIGH,2026-06-10 20:52:12
TXN007097,CUST0251,39782.85,Shopping,2026-04-24,0,HIGH,2026-06-10 20:52:12
TXN007098,CUST0569,30159.84,Travel,2026-01-27,0,HIGH,2026-06-10 20:52:12
TXN007099,CUST0166,39397.23,Shopping,2026-03-28,0,HIGH,2026-06-10 20:52:12
TXN007100,CUST0985,32371.51,Food,2026-01-13,0,HIGH,2026-06-10 20:52:12
TXN007101,CUST0393,27436.6,Shopping,2026-01-03,0,HIGH,2026-06-10 20:52:12
TXN007102,CUST0122,34243.05,Food,2026-02-15,0,HIGH,2026-06-10 20:52:12
TXN007103,CUST0149,11694.82,Shopping,2026-03-26,0,HIGH,2026-06-10 20:52:12
TXN007104,CUST0133,16246.46,Healthcare,2026-01-13,0,HIGH,2026-06-10 20:52:12
TXN007105,CUST0950,20320.57,Food,2026-06-09,0,HIGH,2026-06-10 20:52:12
TXN007106,CUST0879,28871.19,Shopping,2026-01-19,0,HIGH,2026-06-10 20:52:12
TXN007107,CUST0154,8398.51,Healthcare,2026-04-13,0,MEDIUM,2026-06-10 20:52:12
TXN007108,CUST0703,8653.59,Healthcare,2026-04-22,0,MEDIUM,2026-06-10 20:52:12
TXN007109,CUST0948,30054.67,Travel,2026-02-21,0,HIGH,2026-06-10 20:52:12
TXN007110,CUST0433,43049.24,Food,2026-04-01,0,HIGH,2026-06-10 20:52:12
TXN007111,CUST0537,9760.63,Travel,2026-01-23,0,MEDIUM,2026-06-10 20:52:12
TXN007112,CUST0740,21330.04,Shopping,2026-05-06,0,HIGH,2026-06-10 20:52:12
TXN007113,CUST0079,37473.99,Food,2026-02-27,0,HIGH,2026-06-10 20:52:12
TXN007114,CUST0139,43271.15,Shopping,2026-05-15,0,HIGH,2026-06-10 20:52:12
TXN007115,CUST0575,47513.7,Food,2026-04-05,0,HIGH,2026-06-10 20:52:12
TXN007116,CUST0648,25843.83,Shopping,2026-06-04,0,HIGH,2026-06-10 20:52:12
TXN007117,CUST0278,331.38,Healthcare,2026-02-16,0,LOW,2026-06-10 20:52:12
TXN007118,CUST0236,13037.16,Travel,2026-05-06,0,HIGH,2026-06-10 20:52:12
TXN007119,CUST0783,9368.2,Shopping,2026-04-06,0,MEDIUM,2026-06-10 20:52:12
TXN007120,CUST0746,16050.95,Healthcare,2026-04-27,0,HIGH,2026-06-10 20:52:12
TXN007121,CUST0154,19427.18,Food,2026-01-24,0,HIGH,2026-06-10 20:52:12
TXN007122,CUST0326,16175.29,Travel,2026-03-10,0,HIGH,2026-06-10 20:52:12
TXN007123,CUST0559,2742.75,Food,2026-05-31,0,LOW,2026-06-10 20:52:12
TXN007124,CUST0780,48179.54,Food,2026-02-09,0,HIGH,2026-06-10 20:52:12
TXN007125,CUST0260,37604.58,Shopping,2026-05-03,0,HIGH,2026-06-10 20:52:12
TXN007126,CUST0257,33671.11,Shopping,2026-05-23,0,HIGH,2026-06-10 20:52:12
TXN007127,CUST0324,20968.49,Food,2026-06-07,0,HIGH,2026-06-10 20:52:12
TXN007128,CUST0032,35395.62,Healthcare,2026-03-07,0,HIGH,2026-06-10 20:52:12
TXN007129,CUST0658,12400.34,Travel,2026-04-03,0,HIGH,2026-06-10 20:52:12
TXN007130,CUST0969,47975.1,Healthcare,2026-03-07,0,HIGH,2026-06-10 20:52:12
TXN007131,CUST0329,8607.73,Travel,2026-04-21,0,MEDIUM,2026-06-10 20:52:12
TXN007132,CUST0186,23962.26,Food,2026-05-16,0,HIGH,2026-06-10 20:52:12
TXN007133,CUST0723,42233.61,Food,2026-05-13,0,HIGH,2026-06-10 20:52:12
TXN007134,CUST0058,4756.57,Food,2026-04-20,0,LOW,2026-06-10 20:52:12
TXN007135,CUST0215,9227.14,Healthcare,2026-05-30,0,MEDIUM,2026-06-10 20:52:12
TXN007136,CUST0826,42694.31,Food,2026-02-07,0,HIGH,2026-06-10 20:52:12
TXN007137,CUST0735,29182.36,Healthcare,2026-05-09,0,HIGH,2026-06-10 20:52:12
TXN007138,CUST0786,35960.66,Food,2026-01-09,1,HIGH,2026-06-10 20:52:12
TXN007139,CUST0986,36756.28,Food,2026-05-10,0,HIGH,2026-06-10 20:52:12
TXN007140,CUST0031,38529.27,Healthcare,2026-02-21,0,HIGH,2026-06-10 20:52:12
TXN007141,CUST0313,21593.26,Travel,2026-05-22,0,HIGH,2026-06-10 20:52:12
TXN007142,CUST0475,3905.85,Healthcare,2026-04-19,0,LOW,2026-06-10 20:52:12
TXN007143,CUST0926,29357.72,Food,2026-05-31,0,HIGH,2026-06-10 20:52:12
TXN007144,CUST0905,36361.85,Healthcare,2026-03-05,0,HIGH,2026-06-10 20:52:12
TXN007145,CUST0127,36021.58,Shopping,2026-04-20,0,HIGH,2026-06-10 20:52:12
TXN007146,CUST0386,23949.65,Travel,2026-02-20,0,HIGH,2026-06-10 20:52:12
TXN007147,CUST0272,28558.15,Food,2026-04-01,0,HIGH,2026-06-10 20:52:12
TXN007148,CUST0091,9242.62,Shopping,2026-04-02,0,MEDIUM,2026-06-10 20:52:12
TXN007149,CUST0086,27398.04,Food,2026-01-26,0,HIGH,2026-06-10 20:52:12
TXN007150,CUST0951,17529.31,Travel,2026-05-21,0,HIGH,2026-06-10 20:52:12
TXN007151,CUST0869,21267.61,Travel,2026-04-30,0,HIGH,2026-06-10 20:52:12
TXN007152,CUST0875,25925.87,Shopping,2026-02-10,0,HIGH,2026-06-10 20:52:12
TXN007153,CUST0790,27431.44,Food,2026-04-25,0,HIGH,2026-06-10 20:52:12
TXN007154,CUST0779,45339.02,Healthcare,2026-01-20,0,HIGH,2026-06-10 20:52:12
TXN007155,CUST0169,49091.25,Healthcare,2026-03-18,0,HIGH,2026-06-10 20:52:12
TXN007156,CUST0498,20264.86,Travel,2026-03-30,0,HIGH,2026-06-10 20:52:12
TXN007157,CUST0404,32854.82,Shopping,2026-01-01,0,HIGH,2026-06-10 20:52:12
TXN007158,CUST0466,37175.82,Shopping,2026-02-03,0,HIGH,2026-06-10 20:52:12
TXN007159,CUST0895,31343.56,Food,2026-02-28,0,HIGH,2026-06-10 20:52:12
TXN007160,CUST0206,38768.68,Travel,2026-04-09,0,HIGH,2026-06-10 20:52:12
TXN007161,CUST0774,39160.73,Healthcare,2026-03-08,1,HIGH,2026-06-10 20:52:12
TXN007162,CUST0353,14207.17,Shopping,2026-04-18,1,HIGH,2026-06-10 20:52:12
TXN007163,CUST0327,18842.26,Shopping,2026-06-06,0,HIGH,2026-06-10 20:52:12
TXN007164,CUST0083,5865.15,Healthcare,2026-04-24,0,MEDIUM,2026-06-10 20:52:12
TXN007165,CUST0609,16670.51,Travel,2026-04-15,0,HIGH,2026-06-10 20:52:12
TXN007166,CUST0974,29459.44,Food,2026-01-25,0,HIGH,2026-06-10 20:52:12
TXN007167,CUST0095,31661.4,Healthcare,2026-02-08,0,HIGH,2026-06-10 20:52:12
TXN007168,CUST0503,11704.33,Healthcare,2026-05-05,0,HIGH,2026-06-10 20:52:12
TXN007169,CUST0326,29417.22,Healthcare,2026-05-18,0,HIGH,2026-06-10 20:52:12
TXN007170,CUST0497,6828.8,Healthcare,2026-04-09,0,MEDIUM,2026-06-10 20:52:12
TXN007171,CUST0389,5886.17,Healthcare,2026-03-26,0,MEDIUM,2026-06-10 20:52:12
TXN007172,CUST0613,43820.28,Shopping,2026-03-11,0,HIGH,2026-06-10 20:52:12
TXN007173,CUST0291,22019.2,Healthcare,2026-01-21,0,HIGH,2026-06-10 20:52:12
TXN007174,CUST0350,45336.22,Healthcare,2026-03-06,0,HIGH,2026-06-10 20:52:12
TXN007175,CUST0391,21341.69,Food,2026-04-22,0,HIGH,2026-06-10 20:52:12
TXN007176,CUST0913,40401.44,Healthcare,2026-03-04,0,HIGH,2026-06-10 20:52:12
TXN007177,CUST0418,43201.09,Shopping,2026-04-05,0,HIGH,2026-06-10 20:52:12
TXN007178,CUST0633,46013.44,Travel,2026-05-24,0,HIGH,2026-06-10 20:52:12
TXN007179,CUST0134,5028.98,Travel,2026-01-25,0,MEDIUM,2026-06-10 20:52:12
TXN007180,CUST0485,22219.19,Food,2026-03-26,0,HIGH,2026-06-10 20:52:12
TXN007181,CUST0312,43800.96,Food,2026-02-19,0,HIGH,2026-06-10 20:52:12
TXN007182,CUST0289,23988.7,Food,2026-01-01,0,HIGH,2026-06-10 20:52:12
TXN007183,CUST0570,28699.19,Shopping,2026-01-13,0,HIGH,2026-06-10 20:52:12
TXN007184,CUST0726,37439.81,Travel,2026-03-25,0,HIGH,2026-06-10 20:52:12
TXN007185,CUST0605,44881.49,Food,2026-04-06,0,HIGH,2026-06-10 20:52:12
TXN007186,CUST0491,32880.7,Healthcare,2026-03-15,1,HIGH,2026-06-10 20:52:12
TXN007187,CUST0327,23544.0,Shopping,2026-04-25,1,HIGH,2026-06-10 20:52:12
TXN007188,CUST0229,20220.22,Food,2026-05-01,0,HIGH,2026-06-10 20:52:12
TXN007189,CUST0940,35090.84,Travel,2026-06-01,0,HIGH,2026-06-10 20:52:12
TXN007190,CUST0367,47236.31,Healthcare,2026-02-09,0,HIGH,2026-06-10 20:52:12
TXN007191,CUST0024,21307.35,Shopping,2026-02-20,0,HIGH,2026-06-10 20:52:12
TXN007192,CUST0888,7859.87,Healthcare,2026-04-09,0,MEDIUM,2026-06-10 20:52:12
TXN007193,CUST0319,39953.77,Healthcare,2026-06-08,0,HIGH,2026-06-10 20:52:12
TXN007194,CUST0706,23804.46,Travel,2026-03-27,0,HIGH,2026-06-10 20:52:12
TXN007195,CUST0157,22150.06,Travel,2026-03-13,0,HIGH,2026-06-10 20:52:12
TXN007196,CUST0692,33601.61,Healthcare,2026-03-06,0,HIGH,2026-06-10 20:52:12
TXN007197,CUST0749,49588.34,Travel,2026-04-16,0,HIGH,2026-06-10 20:52:12
TXN007198,CUST0855,21109.3,Shopping,2026-06-05,1,HIGH,2026-06-10 20:52:12
TXN007199,CUST0544,12016.94,Travel,2026-03-25,0,HIGH,2026-06-10 20:52:12
TXN007200,CUST0191,38038.13,Food,2026-01-16,0,HIGH,2026-06-10 20:52:12
TXN007201,CUST0077,21295.81,Shopping,2026-03-27,0,HIGH,2026-06-10 20:52:12
TXN007202,CUST0726,26137.79,Shopping,2026-04-15,0,HIGH,2026-06-10 20:52:12
TXN007203,CUST0042,40493.61,Food,2026-03-29,0,HIGH,2026-06-10 20:52:12
TXN007204,CUST0002,36660.13,Healthcare,2026-05-14,0,HIGH,2026-06-10 20:52:12
TXN007205,CUST0540,33845.68,Food,2026-01-18,0,HIGH,2026-06-10 20:52:12
TXN007206,CUST0362,12315.3,Healthcare,2026-02-07,0,HIGH,2026-06-10 20:52:12
TXN007207,CUST0695,12049.67,Shopping,2026-03-09,0,HIGH,2026-06-10 20:52:12
TXN007208,CUST0380,22635.34,Food,2026-01-31,0,HIGH,2026-06-10 20:52:12
TXN007209,CUST0880,17889.8,Healthcare,2026-01-11,0,HIGH,2026-06-10 20:52:12
TXN007210,CUST0057,1267.29,Shopping,2026-05-08,0,LOW,2026-06-10 20:52:12
TXN007211,CUST0307,36220.01,Travel,2026-03-30,0,HIGH,2026-06-10 20:52:12
TXN007212,CUST0309,25543.54,Travel,2026-03-06,0,HIGH,2026-06-10 20:52:12
TXN007213,CUST0867,874.88,Healthcare,2026-03-06,0,LOW,2026-06-10 20:52:12
TXN007214,CUST0216,16422.84,Travel,2026-02-15,0,HIGH,2026-06-10 20:52:12
TXN007215,CUST0525,12316.87,Travel,2026-04-21,0,HIGH,2026-06-10 20:52:12
TXN007216,CUST0531,39869.34,Shopping,2026-01-18,0,HIGH,2026-06-10 20:52:12
TXN007217,CUST0424,49406.42,Shopping,2026-02-12,0,HIGH,2026-06-10 20:52:12
TXN007218,CUST0473,27622.33,Shopping,2026-06-05,0,HIGH,2026-06-10 20:52:12
TXN007219,CUST0796,31084.19,Healthcare,2026-01-11,0,HIGH,2026-06-10 20:52:12
TXN007220,CUST0212,48859.87,Travel,2026-02-13,0,HIGH,2026-06-10 20:52:12
TXN007221,CUST0005,8341.42,Healthcare,2026-04-17,0,MEDIUM,2026-06-10 20:52:12
TXN007222,CUST0844,30242.63,Shopping,2026-02-13,0,HIGH,2026-06-10 20:52:12
TXN007223,CUST0187,38131.4,Shopping,2026-01-29,0,HIGH,2026-06-10 20:52:12
TXN007224,CUST0020,16763.25,Travel,2026-04-15,0,HIGH,2026-06-10 20:52:12
TXN007225,CUST0842,17754.33,Shopping,2026-02-05,0,HIGH,2026-06-10 20:52:12
TXN007226,CUST0774,27582.52,Shopping,2026-03-14,0,HIGH,2026-06-10 20:52:12
TXN007227,CUST0664,3386.33,Food,2026-04-07,0,LOW,2026-06-10 20:52:12
TXN007228,CUST0490,31469.5,Shopping,2026-03-28,0,HIGH,2026-06-10 20:52:12
TXN007229,CUST0582,17523.75,Healthcare,2026-01-31,0,HIGH,2026-06-10 20:52:12
TXN007230,CUST0646,44761.21,Shopping,2026-02-17,0,HIGH,2026-06-10 20:52:12
TXN007231,CUST0866,32371.21,Healthcare,2026-01-21,0,HIGH,2026-06-10 20:52:12
TXN007232,CUST0112,11132.65,Travel,2026-01-06,0,HIGH,2026-06-10 20:52:12
TXN007233,CUST0131,24524.53,Healthcare,2026-02-20,0,HIGH,2026-06-10 20:52:12
TXN007234,CUST0442,5466.75,Shopping,2026-03-15,0,MEDIUM,2026-06-10 20:52:12
TXN007235,CUST0741,15219.01,Food,2026-03-02,0,HIGH,2026-06-10 20:52:12
TXN007236,CUST0778,3923.08,Healthcare,2026-05-13,0,LOW,2026-06-10 20:52:12
TXN007237,CUST0638,2732.81,Food,2026-05-26,0,LOW,2026-06-10 20:52:12
TXN007238,CUST0054,10211.67,Healthcare,2026-04-13,0,HIGH,2026-06-10 20:52:12
TXN007239,CUST0152,5332.94,Travel,2026-05-09,0,MEDIUM,2026-06-10 20:52:12
TXN007240,CUST0799,24007.72,Shopping,2026-01-27,0,HIGH,2026-06-10 20:52:12
TXN007241,CUST0577,16293.71,Healthcare,2026-04-08,0,HIGH,2026-06-10 20:52:12
TXN007242,CUST0628,15052.27,Food,2026-03-12,0,HIGH,2026-06-10 20:52:12
TXN007243,CUST0326,36197.45,Healthcare,2026-04-03,1,HIGH,2026-06-10 20:52:12
TXN007244,CUST0249,37664.05,Food,2026-04-13,1,HIGH,2026-06-10 20:52:12
TXN007245,CUST0965,31621.79,Shopping,2026-03-18,0,HIGH,2026-06-10 20:52:12
TXN007246,CUST0730,25955.26,Food,2026-05-21,0,HIGH,2026-06-10 20:52:12
TXN007247,CUST0631,13527.94,Food,2026-04-26,0,HIGH,2026-06-10 20:52:12
TXN007248,CUST0525,40385.86,Food,2026-04-12,0,HIGH,2026-06-10 20:52:12
TXN007249,CUST0439,10390.66,Healthcare,2026-03-16,0,HIGH,2026-06-10 20:52:12
TXN007250,CUST0603,22567.77,Travel,2026-04-15,0,HIGH,2026-06-10 20:52:12
TXN007251,CUST0707,19276.21,Travel,2026-05-29,0,HIGH,2026-06-10 20:52:12
TXN007252,CUST0747,48140.53,Travel,2026-02-22,0,HIGH,2026-06-10 20:52:12
TXN007253,CUST0414,12857.33,Healthcare,2026-01-08,0,HIGH,2026-06-10 20:52:12
TXN007254,CUST0824,8377.14,Shopping,2026-02-07,0,MEDIUM,2026-06-10 20:52:12
TXN007255,CUST0124,22614.47,Shopping,2026-01-02,0,HIGH,2026-06-10 20:52:12
TXN007256,CUST0823,43071.74,Shopping,2026-02-17,0,HIGH,2026-06-10 20:52:12
TXN007257,CUST0481,32917.13,Travel,2026-05-05,1,HIGH,2026-06-10 20:52:12
TXN007258,CUST0440,12065.69,Shopping,2026-03-31,0,HIGH,2026-06-10 20:52:12
TXN007259,CUST0156,10897.75,Shopping,2026-03-29,0,HIGH,2026-06-10 20:52:12
TXN007260,CUST0726,48356.31,Shopping,2026-06-08,0,HIGH,2026-06-10 20:52:12
TXN007261,CUST0192,14174.57,Healthcare,2026-04-11,0,HIGH,2026-06-10 20:52:12
TXN007262,CUST0346,43895.26,Healthcare,2026-04-10,0,HIGH,2026-06-10 20:52:12
TXN007263,CUST0567,36935.94,Shopping,2026-06-07,0,HIGH,2026-06-10 20:52:12
TXN007264,CUST0070,18829.88,Healthcare,2026-05-08,0,HIGH,2026-06-10 20:52:12
TXN007265,CUST0357,33552.02,Food,2026-01-01,0,HIGH,2026-06-10 20:52:12
TXN007266,CUST0894,36436.01,Healthcare,2026-01-16,0,HIGH,2026-06-10 20:52:12
TXN007267,CUST0222,24585.15,Healthcare,2026-03-18,0,HIGH,2026-06-10 20:52:12
TXN007268,CUST0191,37253.28,Food,2026-01-17,0,HIGH,2026-06-10 20:52:12
TXN007269,CUST0113,2602.52,Travel,2026-05-25,0,LOW,2026-06-10 20:52:12
TXN007270,CUST0159,44021.76,Healthcare,2026-01-18,0,HIGH,2026-06-10 20:52:12
TXN007271,CUST0748,45759.32,Travel,2026-01-15,0,HIGH,2026-06-10 20:52:12
TXN007272,CUST0266,24293.19,Travel,2026-06-02,1,HIGH,2026-06-10 20:52:12
TXN007273,CUST0038,45701.92,Food,2026-05-22,0,HIGH,2026-06-10 20:52:12
TXN007274,CUST0123,35311.28,Travel,2026-04-30,0,HIGH,2026-06-10 20:52:12
TXN007275,CUST0644,27181.0,Healthcare,2026-01-06,0,HIGH,2026-06-10 20:52:12
TXN007276,CUST0137,9550.56,Travel,2026-04-08,0,MEDIUM,2026-06-10 20:52:12
TXN007277,CUST0369,4516.27,Food,2026-02-26,0,LOW,2026-06-10 20:52:12
TXN007278,CUST0372,45324.08,Travel,2026-03-08,0,HIGH,2026-06-10 20:52:12
TXN007279,CUST0930,411.28,Shopping,2026-03-20,0,LOW,2026-06-10 20:52:12
TXN007280,CUST0227,12582.95,Food,2026-04-26,0,HIGH,2026-06-10 20:52:12
TXN007281,CUST0743,39721.6,Travel,2026-03-26,0,HIGH,2026-06-10 20:52:12
TXN007282,CUST0976,36060.81,Travel,2026-01-03,0,HIGH,2026-06-10 20:52:12
TXN007283,CUST0366,49465.99,Travel,2026-04-18,1,HIGH,2026-06-10 20:52:12
TXN007284,CUST0124,41359.17,Food,2026-04-15,0,HIGH,2026-06-10 20:52:12
TXN007285,CUST0607,36116.2,Shopping,2026-03-28,0,HIGH,2026-06-10 20:52:12
TXN007286,CUST0472,26376.25,Travel,2026-04-22,0,HIGH,2026-06-10 20:52:12
TXN007287,CUST0009,34815.84,Food,2026-05-15,0,HIGH,2026-06-10 20:52:12
TXN007288,CUST0217,35013.99,Food,2026-04-15,0,HIGH,2026-06-10 20:52:12
TXN007289,CUST0039,26110.26,Travel,2026-02-02,0,HIGH,2026-06-10 20:52:12
TXN007290,CUST0777,18175.28,Food,2026-02-15,0,HIGH,2026-06-10 20:52:12
TXN007291,CUST0512,49921.05,Healthcare,2026-02-22,0,HIGH,2026-06-10 20:52:12
TXN007292,CUST0394,23201.61,Healthcare,2026-05-01,0,HIGH,2026-06-10 20:52:12
TXN007293,CUST0729,48600.57,Travel,2026-03-28,0,HIGH,2026-06-10 20:52:12
TXN007294,CUST0125,7728.75,Food,2026-01-29,0,MEDIUM,2026-06-10 20:52:12
TXN007295,CUST0804,17033.67,Food,2026-03-09,0,HIGH,2026-06-10 20:52:12
TXN007296,CUST0089,34706.64,Food,2026-05-13,0,HIGH,2026-06-10 20:52:12
TXN007297,CUST0481,26265.11,Shopping,2026-01-01,0,HIGH,2026-06-10 20:52:12
TXN007298,CUST0527,38437.87,Food,2026-04-06,1,HIGH,2026-06-10 20:52:12
TXN007299,CUST0431,11602.62,Shopping,2026-04-27,0,HIGH,2026-06-10 20:52:12
TXN007300,CUST0574,30735.36,Food,2026-01-07,0,HIGH,2026-06-10 20:52:12
TXN007301,CUST0194,10235.3,Travel,2026-04-07,0,HIGH,2026-06-10 20:52:12
TXN007302,CUST0794,6471.9,Travel,2026-04-14,0,MEDIUM,2026-06-10 20:52:12
TXN007303,CUST0505,37825.33,Travel,2026-05-26,0,HIGH,2026-06-10 20:52:12
TXN007304,CUST0257,48159.69,Shopping,2026-02-27,0,HIGH,2026-06-10 20:52:12
TXN007305,CUST0054,39826.75,Travel,2026-01-13,0,HIGH,2026-06-10 20:52:12
TXN007306,CUST0177,9444.76,Travel,2026-05-06,0,MEDIUM,2026-06-10 20:52:12
TXN007307,CUST0550,49241.07,Healthcare,2026-01-22,0,HIGH,2026-06-10 20:52:12
TXN007308,CUST0889,42630.63,Healthcare,2026-02-21,0,HIGH,2026-06-10 20:52:12
TXN007309,CUST0753,10333.45,Healthcare,2026-02-24,0,HIGH,2026-06-10 20:52:12
TXN007310,CUST0500,18905.68,Shopping,2026-03-24,0,HIGH,2026-06-10 20:52:12
TXN007311,CUST0382,35904.67,Travel,2026-01-21,0,HIGH,2026-06-10 20:52:12
TXN007312,CUST0382,8793.05,Food,2026-05-22,0,MEDIUM,2026-06-10 20:52:12
TXN007313,CUST0715,29149.07,Healthcare,2026-01-22,0,HIGH,2026-06-10 20:52:12
TXN007314,CUST0293,20916.01,Shopping,2026-02-08,0,HIGH,2026-06-10 20:52:12
TXN007315,CUST0042,5761.46,Shopping,2026-01-18,0,MEDIUM,2026-06-10 20:52:12
TXN007316,CUST0174,28299.21,Shopping,2026-03-26,0,HIGH,2026-06-10 20:52:12
TXN007317,CUST0400,26722.11,Food,2026-05-08,0,HIGH,2026-06-10 20:52:12
TXN007318,CUST0948,41269.19,Shopping,2026-03-26,0,HIGH,2026-06-10 20:52:12
TXN007319,CUST0989,851.46,Shopping,2026-03-14,0,LOW,2026-06-10 20:52:12
TXN007320,CUST0948,36687.83,Food,2026-02-03,0,HIGH,2026-06-10 20:52:12
TXN007321,CUST0929,17347.24,Healthcare,2026-03-09,0,HIGH,2026-06-10 20:52:12
TXN007322,CUST0397,34794.86,Travel,2026-04-09,0,HIGH,2026-06-10 20:52:12
TXN007323,CUST0338,47268.02,Healthcare,2026-01-10,0,HIGH,2026-06-10 20:52:12
TXN007324,CUST0213,24209.04,Shopping,2026-02-01,0,HIGH,2026-06-10 20:52:12
TXN007325,CUST0553,38691.06,Shopping,2026-04-26,0,HIGH,2026-06-10 20:52:12
TXN007326,CUST0916,27983.45,Travel,2026-02-07,0,HIGH,2026-06-10 20:52:12
TXN007327,CUST0441,26263.26,Shopping,2026-05-07,0,HIGH,2026-06-10 20:52:12
TXN007328,CUST0157,25754.1,Food,2026-04-09,0,HIGH,2026-06-10 20:52:12
TXN007329,CUST0607,24668.08,Food,2026-03-27,0,HIGH,2026-06-10 20:52:12
TXN007330,CUST0043,8552.69,Travel,2026-01-15,0,MEDIUM,2026-06-10 20:52:12
TXN007331,CUST0353,28306.92,Shopping,2026-06-01,0,HIGH,2026-06-10 20:52:12
TXN007332,CUST0678,35961.02,Food,2026-03-27,0,HIGH,2026-06-10 20:52:12
TXN007333,CUST0846,5785.25,Travel,2026-02-13,0,MEDIUM,2026-06-10 20:52:12
TXN007334,CUST0910,19359.5,Travel,2026-02-15,0,HIGH,2026-06-10 20:52:12
TXN007335,CUST0862,15175.33,Travel,2026-02-25,0,HIGH,2026-06-10 20:52:12
TXN007336,CUST0406,9791.53,Food,2026-04-19,0,MEDIUM,2026-06-10 20:52:12
TXN007337,CUST0272,41543.34,Healthcare,2026-03-16,0,HIGH,2026-06-10 20:52:12
TXN007338,CUST0414,28678.11,Food,2026-01-18,0,HIGH,2026-06-10 20:52:12
TXN007339,CUST0817,2570.95,Healthcare,2026-03-02,0,LOW,2026-06-10 20:52:12
TXN007340,CUST0689,1176.26,Shopping,2026-05-22,0,LOW,2026-06-10 20:52:12
TXN007341,CUST0047,35354.34,Food,2026-05-23,0,HIGH,2026-06-10 20:52:12
TXN007342,CUST0107,41341.94,Food,2026-03-04,0,HIGH,2026-06-10 20:52:12
TXN007343,CUST0248,49590.24,Shopping,2026-04-18,0,HIGH,2026-06-10 20:52:12
TXN007344,CUST0943,1588.32,Healthcare,2026-03-26,0,LOW,2026-06-10 20:52:12
TXN007345,CUST0477,10576.03,Shopping,2026-01-23,0,HIGH,2026-06-10 20:52:12
TXN007346,CUST0071,25969.35,Travel,2026-03-29,0,HIGH,2026-06-10 20:52:12
TXN007347,CUST0416,26546.19,Healthcare,2026-02-04,0,HIGH,2026-06-10 20:52:12
TXN007348,CUST0744,23727.47,Food,2026-03-22,0,HIGH,2026-06-10 20:52:12
TXN007349,CUST0212,29927.4,Food,2026-05-29,0,HIGH,2026-06-10 20:52:12
TXN007350,CUST0111,1739.93,Healthcare,2026-04-11,0,LOW,2026-06-10 20:52:12
TXN007351,CUST0271,23945.6,Healthcare,2026-01-30,0,HIGH,2026-06-10 20:52:12
TXN007352,CUST0132,49235.38,Travel,2026-02-26,0,HIGH,2026-06-10 20:52:12
TXN007353,CUST0024,27515.82,Food,2026-03-22,0,HIGH,2026-06-10 20:52:12
TXN007354,CUST0173,44203.68,Shopping,2026-03-07,0,HIGH,2026-06-10 20:52:12
TXN007355,CUST0141,29563.39,Healthcare,2026-03-19,0,HIGH,2026-06-10 20:52:12
TXN007356,CUST0149,1524.74,Healthcare,2026-03-23,0,LOW,2026-06-10 20:52:12
TXN007357,CUST0624,21821.26,Shopping,2026-05-06,0,HIGH,2026-06-10 20:52:12
TXN007358,CUST0043,46455.85,Food,2026-01-27,0,HIGH,2026-06-10 20:52:12
TXN007359,CUST0970,45158.46,Travel,2026-04-04,0,HIGH,2026-06-10 20:52:12
TXN007360,CUST0385,40981.29,Travel,2026-06-08,0,HIGH,2026-06-10 20:52:12
TXN007361,CUST0003,37338.96,Travel,2026-04-04,0,HIGH,2026-06-10 20:52:12
TXN007362,CUST0723,41967.37,Shopping,2026-05-29,0,HIGH,2026-06-10 20:52:12
TXN007363,CUST0171,12147.23,Food,2026-03-05,0,HIGH,2026-06-10 20:52:12
TXN007364,CUST0564,7406.11,Healthcare,2026-01-10,0,MEDIUM,2026-06-10 20:52:12
TXN007365,CUST0072,34719.29,Travel,2026-02-06,0,HIGH,2026-06-10 20:52:12
TXN007366,CUST0226,27522.38,Food,2026-06-08,0,HIGH,2026-06-10 20:52:12
TXN007367,CUST0001,9278.29,Shopping,2026-05-11,0,MEDIUM,2026-06-10 20:52:12
TXN007368,CUST0166,16540.52,Healthcare,2026-04-04,0,HIGH,2026-06-10 20:52:12
TXN007369,CUST0638,45278.65,Shopping,2026-06-07,0,HIGH,2026-06-10 20:52:12
TXN007370,CUST0397,31920.53,Healthcare,2026-01-11,0,HIGH,2026-06-10 20:52:12
TXN007371,CUST0035,35879.21,Shopping,2026-06-01,0,HIGH,2026-06-10 20:52:12
TXN007372,CUST0520,48327.76,Travel,2026-05-31,0,HIGH,2026-06-10 20:52:12
TXN007373,CUST0613,38040.53,Food,2026-04-30,0,HIGH,2026-06-10 20:52:12
TXN007374,CUST0260,20914.91,Healthcare,2026-02-10,0,HIGH,2026-06-10 20:52:12
TXN007375,CUST0847,39105.21,Travel,2026-02-11,0,HIGH,2026-06-10 20:52:12
TXN007376,CUST0506,8551.16,Healthcare,2026-01-17,0,MEDIUM,2026-06-10 20:52:12
TXN007377,CUST0255,4500.76,Shopping,2026-02-04,0,LOW,2026-06-10 20:52:12
TXN007378,CUST0353,9246.06,Healthcare,2026-03-08,0,MEDIUM,2026-06-10 20:52:12
TXN007379,CUST0990,39380.91,Shopping,2026-02-15,0,HIGH,2026-06-10 20:52:12
TXN007380,CUST0501,49431.26,Travel,2026-05-18,0,HIGH,2026-06-10 20:52:12
TXN007381,CUST0407,5173.79,Travel,2026-04-30,0,MEDIUM,2026-06-10 20:52:12
TXN007382,CUST0072,33068.37,Travel,2026-03-17,0,HIGH,2026-06-10 20:52:12
TXN007383,CUST0823,40381.27,Food,2026-06-05,0,HIGH,2026-06-10 20:52:12
TXN007384,CUST0196,6796.88,Shopping,2026-06-05,1,MEDIUM,2026-06-10 20:52:12
TXN007385,CUST0412,47053.17,Healthcare,2026-02-24,0,HIGH,2026-06-10 20:52:12
TXN007386,CUST0016,32671.83,Healthcare,2026-03-10,0,HIGH,2026-06-10 20:52:12
TXN007387,CUST0056,45509.85,Travel,2026-01-30,0,HIGH,2026-06-10 20:52:12
TXN007388,CUST0579,17127.64,Healthcare,2026-04-08,0,HIGH,2026-06-10 20:52:12
TXN007389,CUST0944,3358.15,Shopping,2026-02-22,0,LOW,2026-06-10 20:52:12
TXN007390,CUST0193,39706.62,Food,2026-02-02,0,HIGH,2026-06-10 20:52:12
TXN007391,CUST0597,32150.97,Travel,2026-01-23,0,HIGH,2026-06-10 20:52:12
TXN007392,CUST0733,39453.05,Food,2026-04-21,0,HIGH,2026-06-10 20:52:12
TXN007393,CUST0451,6310.84,Travel,2026-06-08,0,MEDIUM,2026-06-10 20:52:12
TXN007394,CUST0589,28068.84,Healthcare,2026-02-05,0,HIGH,2026-06-10 20:52:12
TXN007395,CUST0629,7232.74,Food,2026-03-14,0,MEDIUM,2026-06-10 20:52:12
TXN007396,CUST0881,30535.38,Travel,2026-02-01,0,HIGH,2026-06-10 20:52:12
TXN007397,CUST0454,21108.12,Travel,2026-03-22,0,HIGH,2026-06-10 20:52:12
TXN007398,CUST0460,13899.7,Food,2026-01-29,0,HIGH,2026-06-10 20:52:12
TXN007399,CUST0642,25270.79,Shopping,2026-02-16,0,HIGH,2026-06-10 20:52:12
TXN007400,CUST0055,10599.11,Food,2026-04-10,0,HIGH,2026-06-10 20:52:12
TXN007401,CUST0757,27826.19,Shopping,2026-02-08,0,HIGH,2026-06-10 20:52:12
TXN007402,CUST0142,11009.26,Healthcare,2026-04-06,0,HIGH,2026-06-10 20:52:12
TXN007403,CUST0047,14891.81,Shopping,2026-01-26,0,HIGH,2026-06-10 20:52:12
TXN007404,CUST0770,18420.06,Travel,2026-02-22,0,HIGH,2026-06-10 20:52:12
TXN007405,CUST0806,49324.84,Food,2026-05-02,0,HIGH,2026-06-10 20:52:12
TXN007406,CUST0595,49138.95,Shopping,2026-01-17,0,HIGH,2026-06-10 20:52:12
TXN007407,CUST0973,6725.96,Healthcare,2026-01-14,0,MEDIUM,2026-06-10 20:52:12
TXN007408,CUST0499,36235.01,Travel,2026-05-04,0,HIGH,2026-06-10 20:52:12
TXN007409,CUST0159,37151.53,Shopping,2026-05-08,1,HIGH,2026-06-10 20:52:12
TXN007410,CUST0551,13570.37,Travel,2026-01-06,0,HIGH,2026-06-10 20:52:12
TXN007411,CUST0225,10922.13,Shopping,2026-04-20,0,HIGH,2026-06-10 20:52:12
TXN007412,CUST0424,46493.51,Food,2026-05-18,0,HIGH,2026-06-10 20:52:12
TXN007413,CUST0382,47607.71,Travel,2026-03-10,0,HIGH,2026-06-10 20:52:12
TXN007414,CUST0123,32473.89,Travel,2026-04-09,0,HIGH,2026-06-10 20:52:12
TXN007415,CUST0719,7115.12,Travel,2026-04-13,0,MEDIUM,2026-06-10 20:52:12
TXN007416,CUST0026,40803.38,Shopping,2026-01-20,1,HIGH,2026-06-10 20:52:12
TXN007417,CUST0131,2934.69,Travel,2026-04-05,0,LOW,2026-06-10 20:52:12
TXN007418,CUST0673,11981.37,Food,2026-05-14,0,HIGH,2026-06-10 20:52:12
TXN007419,CUST0180,1893.59,Food,2026-01-01,0,LOW,2026-06-10 20:52:12
TXN007420,CUST0142,46745.75,Food,2026-06-02,1,HIGH,2026-06-10 20:52:12
TXN007421,CUST0863,18661.21,Food,2026-05-19,0,HIGH,2026-06-10 20:52:12
TXN007422,CUST0697,21772.57,Travel,2026-04-17,0,HIGH,2026-06-10 20:52:12
TXN007423,CUST0198,44481.48,Travel,2026-05-31,0,HIGH,2026-06-10 20:52:12
TXN007424,CUST0612,26380.56,Travel,2026-02-10,0,HIGH,2026-06-10 20:52:12
TXN007425,CUST0204,43254.5,Food,2026-06-02,0,HIGH,2026-06-10 20:52:12
TXN007426,CUST0805,22630.42,Shopping,2026-05-24,0,HIGH,2026-06-10 20:52:12
TXN007427,CUST0214,45061.51,Travel,2026-05-31,0,HIGH,2026-06-10 20:52:12
TXN007428,CUST0471,5026.27,Shopping,2026-04-16,0,MEDIUM,2026-06-10 20:52:12
TXN007429,CUST0326,31531.02,Healthcare,2026-01-07,0,HIGH,2026-06-10 20:52:12
TXN007430,CUST0075,15661.54,Food,2026-04-05,0,HIGH,2026-06-10 20:52:12
TXN007431,CUST0858,39607.75,Travel,2026-06-02,1,HIGH,2026-06-10 20:52:12
TXN007432,CUST0985,40422.85,Healthcare,2026-03-07,0,HIGH,2026-06-10 20:52:12
TXN007433,CUST0520,38348.73,Food,2026-06-02,0,HIGH,2026-06-10 20:52:12
TXN007434,CUST0957,31733.26,Shopping,2026-01-21,0,HIGH,2026-06-10 20:52:12
TXN007435,CUST0588,19600.87,Shopping,2026-02-10,0,HIGH,2026-06-10 20:52:12
TXN007436,CUST0873,396.54,Shopping,2026-04-26,0,LOW,2026-06-10 20:52:12
TXN007437,CUST0681,26211.35,Healthcare,2026-05-18,0,HIGH,2026-06-10 20:52:12
TXN007438,CUST0117,41715.46,Travel,2026-03-01,0,HIGH,2026-06-10 20:52:12
TXN007439,CUST0944,23067.46,Food,2026-05-08,0,HIGH,2026-06-10 20:52:12
TXN007440,CUST0602,7414.24,Shopping,2026-04-07,0,MEDIUM,2026-06-10 20:52:12
TXN007441,CUST0508,37122.3,Shopping,2026-05-03,0,HIGH,2026-06-10 20:52:12
TXN007442,CUST0585,10767.22,Travel,2026-05-22,0,HIGH,2026-06-10 20:52:12
TXN007443,CUST0169,31208.99,Food,2026-03-27,0,HIGH,2026-06-10 20:52:12
TXN007444,CUST0332,2575.36,Food,2026-04-30,0,LOW,2026-06-10 20:52:12
TXN007445,CUST0112,19730.73,Travel,2026-01-03,0,HIGH,2026-06-10 20:52:12
TXN007446,CUST0175,25628.3,Travel,2026-02-10,0,HIGH,2026-06-10 20:52:12
TXN007447,CUST0984,11333.25,Healthcare,2026-05-25,0,HIGH,2026-06-10 20:52:12
TXN007448,CUST0033,1289.64,Travel,2026-02-22,0,LOW,2026-06-10 20:52:12
TXN007449,CUST0493,48423.93,Healthcare,2026-03-20,0,HIGH,2026-06-10 20:52:12
TXN007450,CUST0772,31314.57,Healthcare,2026-02-09,0,HIGH,2026-06-10 20:52:12
TXN007451,CUST0016,27064.98,Food,2026-02-25,0,HIGH,2026-06-10 20:52:12
TXN007452,CUST0140,33729.48,Food,2026-04-24,0,HIGH,2026-06-10 20:52:12
TXN007453,CUST0712,25226.28,Shopping,2026-01-05,0,HIGH,2026-06-10 20:52:12
TXN007454,CUST0921,19949.14,Healthcare,2026-01-11,0,HIGH,2026-06-10 20:52:12
TXN007455,CUST0152,5709.38,Food,2026-02-18,0,MEDIUM,2026-06-10 20:52:12
TXN007456,CUST0574,10344.43,Shopping,2026-02-23,0,HIGH,2026-06-10 20:52:12
TXN007457,CUST0397,950.38,Travel,2026-05-30,0,LOW,2026-06-10 20:52:12
TXN007458,CUST0768,19546.17,Shopping,2026-05-29,0,HIGH,2026-06-10 20:52:12
TXN007459,CUST0593,41943.49,Travel,2026-03-11,0,HIGH,2026-06-10 20:52:12
TXN007460,CUST0421,32344.85,Food,2026-04-22,0,HIGH,2026-06-10 20:52:12
TXN007461,CUST0613,24897.06,Food,2026-01-17,0,HIGH,2026-06-10 20:52:12
TXN007462,CUST0802,208.98,Food,2026-01-23,0,LOW,2026-06-10 20:52:12
TXN007463,CUST0372,7128.61,Shopping,2026-04-30,0,MEDIUM,2026-06-10 20:52:12
TXN007464,CUST0893,22759.14,Food,2026-03-15,0,HIGH,2026-06-10 20:52:12
TXN007465,CUST0478,20818.26,Travel,2026-03-03,0,HIGH,2026-06-10 20:52:12
TXN007466,CUST0574,25728.69,Travel,2026-03-30,0,HIGH,2026-06-10 20:52:12
TXN007467,CUST0170,34268.1,Travel,2026-05-11,0,HIGH,2026-06-10 20:52:12
TXN007468,CUST0950,11115.67,Shopping,2026-06-03,0,HIGH,2026-06-10 20:52:12
TXN007469,CUST0631,45138.8,Healthcare,2026-05-30,0,HIGH,2026-06-10 20:52:12
TXN007470,CUST0817,39145.09,Healthcare,2026-01-05,0,HIGH,2026-06-10 20:52:12
TXN007471,CUST0538,45115.81,Travel,2026-06-03,0,HIGH,2026-06-10 20:52:12
TXN007472,CUST0473,43793.42,Travel,2026-01-26,0,HIGH,2026-06-10 20:52:12
TXN007473,CUST0790,47124.19,Shopping,2026-05-12,0,HIGH,2026-06-10 20:52:12
TXN007474,CUST0814,2116.63,Travel,2026-04-28,0,LOW,2026-06-10 20:52:12
TXN007475,CUST0785,10323.23,Healthcare,2026-04-14,0,HIGH,2026-06-10 20:52:12
TXN007476,CUST0604,48070.8,Healthcare,2026-06-01,0,HIGH,2026-06-10 20:52:12
TXN007477,CUST0945,15190.05,Healthcare,2026-05-14,0,HIGH,2026-06-10 20:52:12
TXN007478,CUST0865,39856.08,Shopping,2026-04-14,0,HIGH,2026-06-10 20:52:12
TXN007479,CUST0059,42880.99,Shopping,2026-02-13,0,HIGH,2026-06-10 20:52:12
TXN007480,CUST0012,47930.72,Healthcare,2026-05-07,0,HIGH,2026-06-10 20:52:12
TXN007481,CUST0358,7303.39,Food,2026-03-15,0,MEDIUM,2026-06-10 20:52:12
TXN007482,CUST0106,4005.8,Food,2026-01-19,0,LOW,2026-06-10 20:52:12
TXN007483,CUST0566,2211.67,Healthcare,2026-05-06,0,LOW,2026-06-10 20:52:12
TXN007484,CUST0423,46475.7,Shopping,2026-04-05,0,HIGH,2026-06-10 20:52:12
TXN007485,CUST0631,5537.02,Travel,2026-05-22,0,MEDIUM,2026-06-10 20:52:12
TXN007486,CUST0589,33987.06,Food,2026-02-21,0,HIGH,2026-06-10 20:52:12
TXN007487,CUST0954,34905.98,Shopping,2026-01-30,0,HIGH,2026-06-10 20:52:12
TXN007488,CUST0735,40671.34,Healthcare,2026-02-16,0,HIGH,2026-06-10 20:52:12
TXN007489,CUST0991,16673.81,Shopping,2026-05-16,0,HIGH,2026-06-10 20:52:12
TXN007490,CUST0183,44353.9,Travel,2026-06-02,0,HIGH,2026-06-10 20:52:12
TXN007491,CUST0626,23035.48,Healthcare,2026-02-10,0,HIGH,2026-06-10 20:52:12
TXN007492,CUST0620,10749.45,Shopping,2026-02-07,0,HIGH,2026-06-10 20:52:12
TXN007493,CUST0426,12314.5,Food,2026-05-22,0,HIGH,2026-06-10 20:52:12
TXN007494,CUST0758,34711.62,Healthcare,2026-06-07,0,HIGH,2026-06-10 20:52:12
TXN007495,CUST0720,81.82,Food,2026-05-29,0,LOW,2026-06-10 20:52:12
TXN007496,CUST0378,8931.14,Travel,2026-02-06,0,MEDIUM,2026-06-10 20:52:12
TXN007497,CUST0579,49299.06,Food,2026-04-20,0,HIGH,2026-06-10 20:52:12
TXN007498,CUST0077,7127.15,Shopping,2026-03-31,0,MEDIUM,2026-06-10 20:52:12
TXN007499,CUST0681,46579.93,Travel,2026-01-24,0,HIGH,2026-06-10 20:52:12
TXN007500,CUST0877,3232.56,Food,2026-01-26,0,LOW,2026-06-10 20:52:12
TXN007501,CUST0575,42273.7,Travel,2026-04-16,0,HIGH,2026-06-10 20:52:12
TXN007502,CUST0437,27998.48,Food,2026-02-09,0,HIGH,2026-06-10 20:52:12
TXN007503,CUST0825,11074.56,Travel,2026-02-21,0,HIGH,2026-06-10 20:52:12
TXN007504,CUST0541,10126.33,Travel,2026-01-17,0,HIGH,2026-06-10 20:52:12
TXN007505,CUST0449,10321.07,Healthcare,2026-01-24,0,HIGH,2026-06-10 20:52:12
TXN007506,CUST0354,28443.0,Food,2026-03-10,0,HIGH,2026-06-10 20:52:12
TXN007507,CUST0243,45778.8,Shopping,2026-05-13,0,HIGH,2026-06-10 20:52:12
TXN007508,CUST0570,43971.17,Healthcare,2026-03-29,0,HIGH,2026-06-10 20:52:12
TXN007509,CUST0804,31102.65,Healthcare,2026-06-06,0,HIGH,2026-06-10 20:52:12
TXN007510,CUST0206,36503.9,Healthcare,2026-05-21,0,HIGH,2026-06-10 20:52:12
TXN007511,CUST0664,29817.04,Food,2026-02-19,0,HIGH,2026-06-10 20:52:12
TXN007512,CUST0005,45852.09,Food,2026-01-02,0,HIGH,2026-06-10 20:52:12
TXN007513,CUST0236,19077.07,Healthcare,2026-03-10,0,HIGH,2026-06-10 20:52:12
TXN007514,CUST0510,16044.71,Healthcare,2026-04-10,0,HIGH,2026-06-10 20:52:12
TXN007515,CUST0331,20980.36,Food,2026-05-18,0,HIGH,2026-06-10 20:52:12
TXN007516,CUST0374,22280.62,Food,2026-04-25,0,HIGH,2026-06-10 20:52:12
TXN007517,CUST0090,35159.77,Food,2026-03-26,0,HIGH,2026-06-10 20:52:12
TXN007518,CUST0067,11620.62,Healthcare,2026-02-13,0,HIGH,2026-06-10 20:52:12
TXN007519,CUST0720,30784.52,Healthcare,2026-06-02,0,HIGH,2026-06-10 20:52:12
TXN007520,CUST0168,20275.14,Shopping,2026-02-23,0,HIGH,2026-06-10 20:52:12
TXN007521,CUST0566,21629.62,Travel,2026-01-20,0,HIGH,2026-06-10 20:52:12
TXN007522,CUST0860,30112.75,Healthcare,2026-03-16,0,HIGH,2026-06-10 20:52:12
TXN007523,CUST0289,3021.45,Shopping,2026-04-22,0,LOW,2026-06-10 20:52:12
TXN007524,CUST0811,20742.53,Healthcare,2026-05-04,0,HIGH,2026-06-10 20:52:12
TXN007525,CUST0043,18214.54,Healthcare,2026-01-30,0,HIGH,2026-06-10 20:52:12
TXN007526,CUST0186,40147.43,Food,2026-04-08,0,HIGH,2026-06-10 20:52:12
TXN007527,CUST0296,26623.86,Healthcare,2026-05-10,0,HIGH,2026-06-10 20:52:12
TXN007528,CUST0981,16880.65,Healthcare,2026-04-07,0,HIGH,2026-06-10 20:52:12
TXN007529,CUST0357,4583.44,Food,2026-04-18,0,LOW,2026-06-10 20:52:12
TXN007530,CUST0554,20857.91,Shopping,2026-04-20,0,HIGH,2026-06-10 20:52:12
TXN007531,CUST0986,22868.39,Healthcare,2026-01-25,0,HIGH,2026-06-10 20:52:12
TXN007532,CUST0352,39276.17,Healthcare,2026-03-17,0,HIGH,2026-06-10 20:52:12
TXN007533,CUST0466,24363.84,Shopping,2026-01-09,0,HIGH,2026-06-10 20:52:12
TXN007534,CUST0536,23949.78,Food,2026-05-22,0,HIGH,2026-06-10 20:52:12
TXN007535,CUST0606,32439.66,Travel,2026-05-22,0,HIGH,2026-06-10 20:52:12
TXN007536,CUST0936,22865.67,Healthcare,2026-04-08,0,HIGH,2026-06-10 20:52:12
TXN007537,CUST0964,3241.7,Travel,2026-01-17,0,LOW,2026-06-10 20:52:12
TXN007538,CUST0410,7821.69,Healthcare,2026-01-08,0,MEDIUM,2026-06-10 20:52:12
TXN007539,CUST0534,33082.69,Healthcare,2026-05-06,0,HIGH,2026-06-10 20:52:12
TXN007540,CUST0721,25261.65,Shopping,2026-02-14,1,HIGH,2026-06-10 20:52:12
TXN007541,CUST0428,29952.05,Food,2026-06-02,0,HIGH,2026-06-10 20:52:12
TXN007542,CUST0715,11275.46,Healthcare,2026-04-11,0,HIGH,2026-06-10 20:52:12
TXN007543,CUST0881,27492.71,Shopping,2026-01-03,0,HIGH,2026-06-10 20:52:12
TXN007544,CUST0412,42928.77,Healthcare,2026-04-25,0,HIGH,2026-06-10 20:52:12
TXN007545,CUST0977,20158.53,Food,2026-03-11,0,HIGH,2026-06-10 20:52:12
TXN007546,CUST0492,20686.07,Travel,2026-03-26,0,HIGH,2026-06-10 20:52:12
TXN007547,CUST0629,15552.85,Travel,2026-04-23,0,HIGH,2026-06-10 20:52:12
TXN007548,CUST0602,44465.76,Food,2026-03-22,0,HIGH,2026-06-10 20:52:12
TXN007549,CUST0123,2308.29,Shopping,2026-03-31,0,LOW,2026-06-10 20:52:12
TXN007550,CUST0145,29096.01,Shopping,2026-02-10,0,HIGH,2026-06-10 20:52:12
TXN007551,CUST0670,41553.73,Food,2026-02-16,0,HIGH,2026-06-10 20:52:12
TXN007552,CUST0940,37585.01,Travel,2026-05-30,0,HIGH,2026-06-10 20:52:12
TXN007553,CUST0995,33230.34,Food,2026-02-19,0,HIGH,2026-06-10 20:52:12
TXN007554,CUST0074,46705.31,Food,2026-03-29,0,HIGH,2026-06-10 20:52:12
TXN007555,CUST0098,15181.85,Healthcare,2026-03-22,0,HIGH,2026-06-10 20:52:12
TXN007556,CUST0876,15346.74,Healthcare,2026-04-10,0,HIGH,2026-06-10 20:52:12
TXN007557,CUST0873,14204.21,Travel,2026-04-04,0,HIGH,2026-06-10 20:52:12
TXN007558,CUST0868,3701.06,Food,2026-05-26,0,LOW,2026-06-10 20:52:12
TXN007559,CUST0898,33856.73,Food,2026-05-09,1,HIGH,2026-06-10 20:52:12
TXN007560,CUST0767,12403.12,Travel,2026-04-16,0,HIGH,2026-06-10 20:52:12
TXN007561,CUST0667,32830.92,Shopping,2026-01-22,0,HIGH,2026-06-10 20:52:12
TXN007562,CUST0919,13848.62,Travel,2026-01-12,0,HIGH,2026-06-10 20:52:12
TXN007563,CUST0774,7748.89,Travel,2026-03-03,0,MEDIUM,2026-06-10 20:52:12
TXN007564,CUST0650,11095.59,Shopping,2026-03-28,0,HIGH,2026-06-10 20:52:12
TXN007565,CUST0337,48923.66,Travel,2026-03-29,0,HIGH,2026-06-10 20:52:12
TXN007566,CUST0324,14887.17,Shopping,2026-05-19,0,HIGH,2026-06-10 20:52:12
TXN007567,CUST0014,29645.87,Travel,2026-03-24,0,HIGH,2026-06-10 20:52:12
TXN007568,CUST0496,1203.33,Travel,2026-03-29,0,LOW,2026-06-10 20:52:12
TXN007569,CUST0840,16323.99,Food,2026-01-03,0,HIGH,2026-06-10 20:52:12
TXN007570,CUST0479,38981.43,Healthcare,2026-02-14,0,HIGH,2026-06-10 20:52:12
TXN007571,CUST0944,2320.62,Food,2026-02-06,0,LOW,2026-06-10 20:52:12
TXN007572,CUST0246,14095.4,Shopping,2026-01-26,0,HIGH,2026-06-10 20:52:12
TXN007573,CUST0884,26052.58,Food,2026-06-04,0,HIGH,2026-06-10 20:52:12
TXN007574,CUST0366,17252.01,Food,2026-05-10,0,HIGH,2026-06-10 20:52:12
TXN007575,CUST0003,19564.35,Food,2026-05-18,0,HIGH,2026-06-10 20:52:12
TXN007576,CUST0175,12858.93,Shopping,2026-05-02,0,HIGH,2026-06-10 20:52:12
TXN007577,CUST0309,15547.55,Food,2026-06-07,0,HIGH,2026-06-10 20:52:12
TXN007578,CUST0474,38701.97,Healthcare,2026-03-11,0,HIGH,2026-06-10 20:52:12
TXN007579,CUST0171,24628.79,Travel,2026-01-27,0,HIGH,2026-06-10 20:52:12
TXN007580,CUST0641,33566.31,Travel,2026-05-23,0,HIGH,2026-06-10 20:52:12
TXN007581,CUST0067,43942.54,Healthcare,2026-01-24,0,HIGH,2026-06-10 20:52:12
TXN007582,CUST0229,8490.87,Travel,2026-02-18,0,MEDIUM,2026-06-10 20:52:12
TXN007583,CUST0360,4903.07,Healthcare,2026-01-24,0,LOW,2026-06-10 20:52:12
TXN007584,CUST0108,16856.9,Travel,2026-01-15,0,HIGH,2026-06-10 20:52:12
TXN007585,CUST0517,31925.28,Shopping,2026-01-06,0,HIGH,2026-06-10 20:52:12
TXN007586,CUST0535,18312.17,Shopping,2026-04-03,0,HIGH,2026-06-10 20:52:12
TXN007587,CUST0078,46341.61,Travel,2026-05-26,0,HIGH,2026-06-10 20:52:12
TXN007588,CUST0388,34305.13,Food,2026-03-19,0,HIGH,2026-06-10 20:52:12
TXN007589,CUST0504,9684.83,Travel,2026-01-14,0,MEDIUM,2026-06-10 20:52:12
TXN007590,CUST0323,39784.07,Travel,2026-02-16,0,HIGH,2026-06-10 20:52:12
TXN007591,CUST0062,15887.01,Travel,2026-02-02,0,HIGH,2026-06-10 20:52:12
TXN007592,CUST0347,38114.36,Travel,2026-04-19,0,HIGH,2026-06-10 20:52:12
TXN007593,CUST0656,5422.23,Healthcare,2026-04-10,0,MEDIUM,2026-06-10 20:52:12
TXN007594,CUST0607,25781.56,Healthcare,2026-03-12,0,HIGH,2026-06-10 20:52:12
TXN007595,CUST0698,405.45,Shopping,2026-02-13,0,LOW,2026-06-10 20:52:12
TXN007596,CUST0453,49010.8,Food,2026-06-01,0,HIGH,2026-06-10 20:52:12
TXN007597,CUST0114,28048.29,Shopping,2026-03-10,0,HIGH,2026-06-10 20:52:12
TXN007598,CUST0183,41149.68,Food,2026-02-27,0,HIGH,2026-06-10 20:52:12
TXN007599,CUST0928,18743.97,Travel,2026-02-13,0,HIGH,2026-06-10 20:52:12
TXN007600,CUST0045,14251.6,Shopping,2026-03-11,0,HIGH,2026-06-10 20:52:12
TXN007601,CUST0495,26069.75,Travel,2026-02-23,0,HIGH,2026-06-10 20:52:12
TXN007602,CUST0945,32876.72,Shopping,2026-04-16,0,HIGH,2026-06-10 20:52:12
TXN007603,CUST0033,49212.68,Healthcare,2026-03-10,0,HIGH,2026-06-10 20:52:12
TXN007604,CUST0523,36798.6,Shopping,2026-04-29,0,HIGH,2026-06-10 20:52:12
TXN007605,CUST0976,28038.44,Travel,2026-01-14,0,HIGH,2026-06-10 20:52:12
TXN007606,CUST0294,38787.48,Food,2026-01-11,0,HIGH,2026-06-10 20:52:12
TXN007607,CUST0072,30168.2,Shopping,2026-04-04,0,HIGH,2026-06-10 20:52:12
TXN007608,CUST0544,43293.44,Food,2026-05-29,1,HIGH,2026-06-10 20:52:12
TXN007609,CUST0756,3405.14,Shopping,2026-04-16,0,LOW,2026-06-10 20:52:12
TXN007610,CUST0717,2193.87,Food,2026-03-10,0,LOW,2026-06-10 20:52:12
TXN007611,CUST0365,11610.04,Shopping,2026-01-14,1,HIGH,2026-06-10 20:52:12
TXN007612,CUST0878,17341.95,Shopping,2026-03-10,0,HIGH,2026-06-10 20:52:12
TXN007613,CUST0416,29508.91,Shopping,2026-03-27,0,HIGH,2026-06-10 20:52:12
TXN007614,CUST0697,34144.09,Food,2026-04-23,0,HIGH,2026-06-10 20:52:12
TXN007615,CUST0407,1244.1,Travel,2026-04-06,0,LOW,2026-06-10 20:52:12
TXN007616,CUST0540,1432.48,Shopping,2026-03-27,0,LOW,2026-06-10 20:52:12
TXN007617,CUST0962,5933.11,Shopping,2026-04-02,0,MEDIUM,2026-06-10 20:52:12
TXN007618,CUST0007,17070.3,Shopping,2026-05-23,0,HIGH,2026-06-10 20:52:12
TXN007619,CUST0498,7983.22,Shopping,2026-01-09,0,MEDIUM,2026-06-10 20:52:12
TXN007620,CUST0390,46850.7,Healthcare,2026-04-12,0,HIGH,2026-06-10 20:52:12
TXN007621,CUST0502,25679.39,Healthcare,2026-06-05,0,HIGH,2026-06-10 20:52:12
TXN007622,CUST0340,25903.83,Travel,2026-06-03,0,HIGH,2026-06-10 20:52:12
TXN007623,CUST0249,14712.87,Food,2026-05-20,1,HIGH,2026-06-10 20:52:12
TXN007624,CUST0914,48732.05,Healthcare,2026-02-17,0,HIGH,2026-06-10 20:52:12
TXN007625,CUST0665,34283.45,Food,2026-01-09,0,HIGH,2026-06-10 20:52:12
TXN007626,CUST0510,3546.47,Food,2026-05-07,0,LOW,2026-06-10 20:52:12
TXN007627,CUST0963,14371.1,Food,2026-01-06,0,HIGH,2026-06-10 20:52:12
TXN007628,CUST0745,47460.61,Travel,2026-05-11,0,HIGH,2026-06-10 20:52:12
TXN007629,CUST0124,33492.1,Shopping,2026-02-12,0,HIGH,2026-06-10 20:52:12
TXN007630,CUST0230,31155.4,Shopping,2026-02-05,0,HIGH,2026-06-10 20:52:12
TXN007631,CUST0942,3479.59,Travel,2026-04-30,0,LOW,2026-06-10 20:52:12
TXN007632,CUST0110,8662.17,Healthcare,2026-04-03,0,MEDIUM,2026-06-10 20:52:12
TXN007633,CUST0989,45169.43,Food,2026-01-23,0,HIGH,2026-06-10 20:52:12
TXN007634,CUST0164,22016.95,Healthcare,2026-03-28,0,HIGH,2026-06-10 20:52:12
TXN007635,CUST0240,1067.33,Healthcare,2026-03-25,0,LOW,2026-06-10 20:52:12
TXN007636,CUST0409,1278.24,Shopping,2026-04-25,0,LOW,2026-06-10 20:52:12
TXN007637,CUST0038,27703.57,Food,2026-06-06,0,HIGH,2026-06-10 20:52:12
TXN007638,CUST0541,41959.01,Food,2026-01-18,0,HIGH,2026-06-10 20:52:12
TXN007639,CUST0494,6466.14,Healthcare,2026-01-09,0,MEDIUM,2026-06-10 20:52:12
TXN007640,CUST0176,23977.63,Shopping,2026-04-13,0,HIGH,2026-06-10 20:52:12
TXN007641,CUST0662,15212.8,Travel,2026-01-04,0,HIGH,2026-06-10 20:52:12
TXN007642,CUST0817,12311.84,Travel,2026-04-29,0,HIGH,2026-06-10 20:52:12
TXN007643,CUST0074,25884.22,Food,2026-02-05,0,HIGH,2026-06-10 20:52:12
TXN007644,CUST0906,47444.13,Shopping,2026-03-13,0,HIGH,2026-06-10 20:52:12
TXN007645,CUST0999,13387.53,Shopping,2026-01-31,0,HIGH,2026-06-10 20:52:12
TXN007646,CUST0323,49696.45,Shopping,2026-04-25,0,HIGH,2026-06-10 20:52:12
TXN007647,CUST0062,45175.05,Travel,2026-04-28,1,HIGH,2026-06-10 20:52:12
TXN007648,CUST0738,41359.87,Food,2026-06-05,0,HIGH,2026-06-10 20:52:12
TXN007649,CUST0071,11122.81,Travel,2026-03-01,0,HIGH,2026-06-10 20:52:12
TXN007650,CUST0502,49050.48,Food,2026-05-19,0,HIGH,2026-06-10 20:52:12
TXN007651,CUST0894,22834.85,Food,2026-04-02,0,HIGH,2026-06-10 20:52:12
TXN007652,CUST0232,48527.02,Food,2026-04-24,0,HIGH,2026-06-10 20:52:12
TXN007653,CUST0125,246.53,Healthcare,2026-01-06,0,LOW,2026-06-10 20:52:12
TXN007654,CUST0251,20227.15,Healthcare,2026-04-27,0,HIGH,2026-06-10 20:52:12
TXN007655,CUST0526,19322.27,Shopping,2026-04-01,0,HIGH,2026-06-10 20:52:12
TXN007656,CUST0341,21859.61,Food,2026-04-25,0,HIGH,2026-06-10 20:52:12
TXN007657,CUST0920,26327.73,Food,2026-01-15,0,HIGH,2026-06-10 20:52:12
TXN007658,CUST0415,42195.61,Travel,2026-02-22,0,HIGH,2026-06-10 20:52:12
TXN007659,CUST0103,31965.82,Healthcare,2026-04-15,0,HIGH,2026-06-10 20:52:12
TXN007660,CUST0472,41850.18,Food,2026-06-01,0,HIGH,2026-06-10 20:52:12
TXN007661,CUST0271,2398.98,Healthcare,2026-04-02,0,LOW,2026-06-10 20:52:12
TXN007662,CUST0523,31402.84,Travel,2026-04-14,0,HIGH,2026-06-10 20:52:12
TXN007663,CUST0650,1259.58,Shopping,2026-03-12,0,LOW,2026-06-10 20:52:12
TXN007664,CUST0181,24164.87,Food,2026-01-25,0,HIGH,2026-06-10 20:52:12
TXN007665,CUST0738,17978.14,Healthcare,2026-05-11,0,HIGH,2026-06-10 20:52:12
TXN007666,CUST0929,21615.18,Travel,2026-01-02,0,HIGH,2026-06-10 20:52:12
TXN007667,CUST0917,30777.36,Shopping,2026-03-03,1,HIGH,2026-06-10 20:52:12
TXN007668,CUST0594,6134.56,Healthcare,2026-01-03,0,MEDIUM,2026-06-10 20:52:12
TXN007669,CUST0988,35670.16,Healthcare,2026-03-23,0,HIGH,2026-06-10 20:52:12
TXN007670,CUST0497,3920.98,Food,2026-03-23,1,LOW,2026-06-10 20:52:12
TXN007671,CUST0281,7584.88,Shopping,2026-05-22,0,MEDIUM,2026-06-10 20:52:12
TXN007672,CUST0483,12112.2,Shopping,2026-05-28,0,HIGH,2026-06-10 20:52:12
TXN007673,CUST0579,41887.35,Healthcare,2026-03-28,0,HIGH,2026-06-10 20:52:12
TXN007674,CUST0242,1233.28,Food,2026-01-14,0,LOW,2026-06-10 20:52:12
TXN007675,CUST0469,1399.25,Shopping,2026-03-15,0,LOW,2026-06-10 20:52:12
TXN007676,CUST0869,11448.33,Food,2026-01-06,0,HIGH,2026-06-10 20:52:12
TXN007677,CUST0399,43498.01,Shopping,2026-02-02,0,HIGH,2026-06-10 20:52:12
TXN007678,CUST0761,43729.34,Travel,2026-03-08,0,HIGH,2026-06-10 20:52:12
TXN007679,CUST0211,18938.83,Food,2026-01-16,0,HIGH,2026-06-10 20:52:12
TXN007680,CUST0233,33137.93,Shopping,2026-01-08,0,HIGH,2026-06-10 20:52:12
TXN007681,CUST0477,12653.29,Food,2026-05-01,0,HIGH,2026-06-10 20:52:12
TXN007682,CUST0769,34720.96,Shopping,2026-05-13,0,HIGH,2026-06-10 20:52:12
TXN007683,CUST0672,35078.45,Food,2026-04-16,0,HIGH,2026-06-10 20:52:12
TXN007684,CUST0363,3752.99,Travel,2026-04-06,0,LOW,2026-06-10 20:52:12
TXN007685,CUST0060,792.5,Food,2026-05-02,0,LOW,2026-06-10 20:52:12
TXN007686,CUST0874,7424.31,Food,2026-01-28,0,MEDIUM,2026-06-10 20:52:12
TXN007687,CUST0390,7726.3,Healthcare,2026-05-15,0,MEDIUM,2026-06-10 20:52:12
TXN007688,CUST0697,23047.24,Travel,2026-01-10,0,HIGH,2026-06-10 20:52:12
TXN007689,CUST0008,32752.71,Travel,2026-05-05,1,HIGH,2026-06-10 20:52:12
TXN007690,CUST0836,34667.55,Healthcare,2026-01-31,0,HIGH,2026-06-10 20:52:12
TXN007691,CUST0687,43581.01,Shopping,2026-03-20,0,HIGH,2026-06-10 20:52:12
TXN007692,CUST0704,6676.11,Travel,2026-02-01,0,MEDIUM,2026-06-10 20:52:12
TXN007693,CUST0740,41681.1,Food,2026-04-30,0,HIGH,2026-06-10 20:52:12
TXN007694,CUST0051,24190.57,Travel,2026-02-05,0,HIGH,2026-06-10 20:52:12
TXN007695,CUST0849,8011.37,Healthcare,2026-05-26,0,MEDIUM,2026-06-10 20:52:12
TXN007696,CUST0325,27760.12,Travel,2026-05-05,0,HIGH,2026-06-10 20:52:12
TXN007697,CUST0313,26763.39,Travel,2026-05-10,0,HIGH,2026-06-10 20:52:12
TXN007698,CUST0265,45201.14,Shopping,2026-02-07,0,HIGH,2026-06-10 20:52:12
TXN007699,CUST0012,38401.45,Food,2026-01-16,0,HIGH,2026-06-10 20:52:12
TXN007700,CUST0802,33431.9,Healthcare,2026-03-06,0,HIGH,2026-06-10 20:52:12
TXN007701,CUST0206,44217.96,Food,2026-04-26,0,HIGH,2026-06-10 20:52:12
TXN007702,CUST0132,28595.2,Travel,2026-02-14,0,HIGH,2026-06-10 20:52:12
TXN007703,CUST0505,46580.74,Food,2026-02-22,1,HIGH,2026-06-10 20:52:12
TXN007704,CUST0721,11253.77,Travel,2026-02-09,0,HIGH,2026-06-10 20:52:12
TXN007705,CUST0286,13758.08,Food,2026-03-27,0,HIGH,2026-06-10 20:52:12
TXN007706,CUST0914,18553.63,Shopping,2026-06-03,0,HIGH,2026-06-10 20:52:12
TXN007707,CUST0861,41762.83,Healthcare,2026-04-12,0,HIGH,2026-06-10 20:52:12
TXN007708,CUST0048,33254.71,Healthcare,2026-01-30,0,HIGH,2026-06-10 20:52:12
TXN007709,CUST0102,15540.48,Travel,2026-06-03,0,HIGH,2026-06-10 20:52:12
TXN007710,CUST0995,10880.33,Shopping,2026-01-14,0,HIGH,2026-06-10 20:52:12
TXN007711,CUST0291,13213.43,Travel,2026-02-18,0,HIGH,2026-06-10 20:52:12
TXN007712,CUST0979,17360.97,Shopping,2026-04-25,0,HIGH,2026-06-10 20:52:12
TXN007713,CUST0153,5363.65,Food,2026-01-04,1,MEDIUM,2026-06-10 20:52:12
TXN007714,CUST0938,15887.48,Healthcare,2026-05-15,0,HIGH,2026-06-10 20:52:12
TXN007715,CUST0851,15015.06,Healthcare,2026-05-16,0,HIGH,2026-06-10 20:52:12
TXN007716,CUST0275,30034.59,Travel,2026-01-01,0,HIGH,2026-06-10 20:52:12
TXN007717,CUST0025,20597.09,Travel,2026-02-19,0,HIGH,2026-06-10 20:52:12
TXN007718,CUST0526,6320.83,Shopping,2026-01-01,0,MEDIUM,2026-06-10 20:52:12
TXN007719,CUST0380,49866.84,Healthcare,2026-01-14,0,HIGH,2026-06-10 20:52:12
TXN007720,CUST0087,24504.34,Shopping,2026-04-20,0,HIGH,2026-06-10 20:52:12
TXN007721,CUST0966,30521.36,Healthcare,2026-04-12,0,HIGH,2026-06-10 20:52:12
TXN007722,CUST0359,789.79,Healthcare,2026-05-08,0,LOW,2026-06-10 20:52:12
TXN007723,CUST0167,247.83,Food,2026-06-06,0,LOW,2026-06-10 20:52:12
TXN007724,CUST0376,27746.63,Food,2026-02-22,0,HIGH,2026-06-10 20:52:12
TXN007725,CUST0142,10501.02,Shopping,2026-02-12,0,HIGH,2026-06-10 20:52:12
TXN007726,CUST0230,24129.12,Food,2026-02-20,0,HIGH,2026-06-10 20:52:12
TXN007727,CUST0125,13328.61,Travel,2026-01-20,0,HIGH,2026-06-10 20:52:12
TXN007728,CUST0623,12429.66,Food,2026-05-25,0,HIGH,2026-06-10 20:52:12
TXN007729,CUST0101,24253.92,Healthcare,2026-04-30,0,HIGH,2026-06-10 20:52:12
TXN007730,CUST0600,9116.06,Healthcare,2026-05-21,0,MEDIUM,2026-06-10 20:52:12
TXN007731,CUST0656,13650.01,Food,2026-03-17,1,HIGH,2026-06-10 20:52:12
TXN007732,CUST0471,8754.36,Healthcare,2026-01-03,0,MEDIUM,2026-06-10 20:52:12
TXN007733,CUST0740,10248.32,Shopping,2026-05-23,0,HIGH,2026-06-10 20:52:12
TXN007734,CUST0156,5748.61,Shopping,2026-02-05,0,MEDIUM,2026-06-10 20:52:12
TXN007735,CUST0337,8449.11,Food,2026-01-31,0,MEDIUM,2026-06-10 20:52:12
TXN007736,CUST0712,33925.03,Travel,2026-02-23,0,HIGH,2026-06-10 20:52:12
TXN007737,CUST0809,12174.39,Shopping,2026-05-16,0,HIGH,2026-06-10 20:52:12
TXN007738,CUST0703,7076.19,Shopping,2026-05-25,0,MEDIUM,2026-06-10 20:52:12
TXN007739,CUST0613,39330.58,Food,2026-05-17,0,HIGH,2026-06-10 20:52:12
TXN007740,CUST0435,44210.93,Healthcare,2026-02-07,0,HIGH,2026-06-10 20:52:12
TXN007741,CUST0113,33493.69,Healthcare,2026-03-17,0,HIGH,2026-06-10 20:52:12
TXN007742,CUST0989,19734.22,Healthcare,2026-04-24,0,HIGH,2026-06-10 20:52:12
TXN007743,CUST0665,11802.53,Food,2026-01-27,0,HIGH,2026-06-10 20:52:12
TXN007744,CUST0873,49343.16,Travel,2026-05-26,0,HIGH,2026-06-10 20:52:12
TXN007745,CUST0451,4729.93,Healthcare,2026-04-10,0,LOW,2026-06-10 20:52:12
TXN007746,CUST0209,31545.65,Shopping,2026-01-11,0,HIGH,2026-06-10 20:52:12
TXN007747,CUST0899,20386.34,Healthcare,2026-02-22,0,HIGH,2026-06-10 20:52:12
TXN007748,CUST0107,25327.21,Healthcare,2026-05-25,0,HIGH,2026-06-10 20:52:12
TXN007749,CUST0387,32126.04,Shopping,2026-05-07,0,HIGH,2026-06-10 20:52:12
TXN007750,CUST0018,5940.44,Travel,2026-01-22,0,MEDIUM,2026-06-10 20:52:12
TXN007751,CUST0260,25148.69,Food,2026-04-08,0,HIGH,2026-06-10 20:52:12
TXN007752,CUST0925,6227.4,Shopping,2026-03-12,0,MEDIUM,2026-06-10 20:52:12
TXN007753,CUST0016,14834.96,Shopping,2026-04-03,0,HIGH,2026-06-10 20:52:12
TXN007754,CUST0371,9012.87,Food,2026-01-08,0,MEDIUM,2026-06-10 20:52:12
TXN007755,CUST0867,40693.96,Shopping,2026-05-03,0,HIGH,2026-06-10 20:52:12
TXN007756,CUST0738,36728.12,Shopping,2026-02-24,0,HIGH,2026-06-10 20:52:12
TXN007757,CUST0686,3337.38,Healthcare,2026-05-31,0,LOW,2026-06-10 20:52:12
TXN007758,CUST0611,9926.93,Food,2026-05-08,0,MEDIUM,2026-06-10 20:52:12
TXN007759,CUST0935,12718.79,Healthcare,2026-03-05,0,HIGH,2026-06-10 20:52:12
TXN007760,CUST0629,20691.96,Food,2026-01-30,1,HIGH,2026-06-10 20:52:12
TXN007761,CUST0583,27950.42,Travel,2026-02-03,0,HIGH,2026-06-10 20:52:12
TXN007762,CUST0740,46836.09,Shopping,2026-03-03,0,HIGH,2026-06-10 20:52:12
TXN007763,CUST0608,23417.19,Healthcare,2026-03-13,0,HIGH,2026-06-10 20:52:12
TXN007764,CUST0572,47429.49,Healthcare,2026-04-29,0,HIGH,2026-06-10 20:52:12
TXN007765,CUST0751,27481.43,Shopping,2026-04-08,0,HIGH,2026-06-10 20:52:12
TXN007766,CUST0219,21627.45,Travel,2026-04-06,0,HIGH,2026-06-10 20:52:12
TXN007767,CUST0409,23192.23,Travel,2026-01-26,0,HIGH,2026-06-10 20:52:12
TXN007768,CUST0388,49397.57,Food,2026-03-19,0,HIGH,2026-06-10 20:52:12
TXN007769,CUST0165,11073.32,Travel,2026-05-24,0,HIGH,2026-06-10 20:52:12
TXN007770,CUST0618,46112.36,Healthcare,2026-02-17,0,HIGH,2026-06-10 20:52:12
TXN007771,CUST0998,42501.66,Healthcare,2026-02-27,0,HIGH,2026-06-10 20:52:12
TXN007772,CUST0690,26207.59,Food,2026-03-15,0,HIGH,2026-06-10 20:52:12
TXN007773,CUST0506,27304.8,Travel,2026-02-19,0,HIGH,2026-06-10 20:52:12
TXN007774,CUST0029,22662.28,Food,2026-02-27,0,HIGH,2026-06-10 20:52:12
TXN007775,CUST0854,4383.21,Healthcare,2026-04-06,0,LOW,2026-06-10 20:52:12
TXN007776,CUST0053,15121.57,Food,2026-02-25,0,HIGH,2026-06-10 20:52:12
TXN007777,CUST0078,21740.4,Travel,2026-05-14,0,HIGH,2026-06-10 20:52:12
TXN007778,CUST0661,15554.14,Healthcare,2026-03-07,0,HIGH,2026-06-10 20:52:12
TXN007779,CUST0832,48438.86,Healthcare,2026-02-07,0,HIGH,2026-06-10 20:52:12
TXN007780,CUST0814,17766.94,Travel,2026-03-30,0,HIGH,2026-06-10 20:52:12
TXN007781,CUST0528,35291.81,Food,2026-05-08,0,HIGH,2026-06-10 20:52:12
TXN007782,CUST0152,32166.31,Healthcare,2026-04-06,0,HIGH,2026-06-10 20:52:12
TXN007783,CUST0341,46832.36,Shopping,2026-03-09,0,HIGH,2026-06-10 20:52:12
TXN007784,CUST0907,29712.05,Travel,2026-05-24,0,HIGH,2026-06-10 20:52:12
TXN007785,CUST0284,2345.38,Travel,2026-05-08,0,LOW,2026-06-10 20:52:12
TXN007786,CUST0815,10958.82,Healthcare,2026-01-22,0,HIGH,2026-06-10 20:52:12
TXN007787,CUST0975,10493.99,Food,2026-01-26,0,HIGH,2026-06-10 20:52:12
TXN007788,CUST0467,45873.59,Travel,2026-06-09,0,HIGH,2026-06-10 20:52:12
TXN007789,CUST0845,21983.91,Healthcare,2026-05-31,0,HIGH,2026-06-10 20:52:12
TXN007790,CUST0223,27816.64,Food,2026-05-02,0,HIGH,2026-06-10 20:52:12
TXN007791,CUST0401,7464.89,Food,2026-05-08,0,MEDIUM,2026-06-10 20:52:12
TXN007792,CUST0338,35133.81,Travel,2026-02-25,0,HIGH,2026-06-10 20:52:12
TXN007793,CUST0792,42032.59,Healthcare,2026-03-24,0,HIGH,2026-06-10 20:52:12
TXN007794,CUST0088,25219.75,Food,2026-02-06,0,HIGH,2026-06-10 20:52:12
TXN007795,CUST0258,11921.02,Travel,2026-06-05,0,HIGH,2026-06-10 20:52:12
TXN007796,CUST0219,35112.96,Travel,2026-03-15,0,HIGH,2026-06-10 20:52:12
TXN007797,CUST0002,23801.23,Shopping,2026-05-05,0,HIGH,2026-06-10 20:52:12
TXN007798,CUST0204,44861.67,Healthcare,2026-04-10,0,HIGH,2026-06-10 20:52:12
TXN007799,CUST0721,30522.18,Travel,2026-03-07,0,HIGH,2026-06-10 20:52:12
TXN007800,CUST0472,37922.91,Healthcare,2026-02-19,0,HIGH,2026-06-10 20:52:12
TXN007801,CUST0282,49069.63,Travel,2026-03-15,0,HIGH,2026-06-10 20:52:12
TXN007802,CUST0806,23337.29,Shopping,2026-05-14,0,HIGH,2026-06-10 20:52:12
TXN007803,CUST0657,11987.44,Food,2026-06-03,0,HIGH,2026-06-10 20:52:12
TXN007804,CUST0667,19556.26,Travel,2026-02-20,0,HIGH,2026-06-10 20:52:12
TXN007805,CUST0627,13726.83,Food,2026-05-22,0,HIGH,2026-06-10 20:52:12
TXN007806,CUST0996,25532.79,Travel,2026-05-25,0,HIGH,2026-06-10 20:52:12
TXN007807,CUST0985,31886.13,Food,2026-05-30,0,HIGH,2026-06-10 20:52:12
TXN007808,CUST0849,38331.28,Travel,2026-02-09,0,HIGH,2026-06-10 20:52:12
TXN007809,CUST0979,7052.81,Shopping,2026-03-08,0,MEDIUM,2026-06-10 20:52:12
TXN007810,CUST0436,24669.92,Shopping,2026-03-27,0,HIGH,2026-06-10 20:52:12
TXN007811,CUST0506,42813.91,Travel,2026-05-18,0,HIGH,2026-06-10 20:52:12
TXN007812,CUST0357,18456.85,Travel,2026-05-23,0,HIGH,2026-06-10 20:52:12
TXN007813,CUST0169,20542.45,Healthcare,2026-05-08,0,HIGH,2026-06-10 20:52:12
TXN007814,CUST0141,20129.45,Food,2026-05-04,0,HIGH,2026-06-10 20:52:12
TXN007815,CUST0731,49744.59,Healthcare,2026-04-17,0,HIGH,2026-06-10 20:52:12
TXN007816,CUST0069,42912.59,Healthcare,2026-04-03,0,HIGH,2026-06-10 20:52:12
TXN007817,CUST0165,40557.1,Shopping,2026-04-03,0,HIGH,2026-06-10 20:52:12
TXN007818,CUST0359,3625.39,Food,2026-03-25,0,LOW,2026-06-10 20:52:12
TXN007819,CUST0922,36404.23,Healthcare,2026-04-27,0,HIGH,2026-06-10 20:52:12
TXN007820,CUST0296,11762.56,Healthcare,2026-05-08,0,HIGH,2026-06-10 20:52:12
TXN007821,CUST0711,39947.26,Food,2026-01-13,1,HIGH,2026-06-10 20:52:12
TXN007822,CUST0425,38109.23,Travel,2026-01-20,1,HIGH,2026-06-10 20:52:12
TXN007823,CUST0397,42102.19,Food,2026-01-29,0,HIGH,2026-06-10 20:52:12
TXN007824,CUST0792,9692.02,Healthcare,2026-01-05,0,MEDIUM,2026-06-10 20:52:12
TXN007825,CUST0564,4848.09,Travel,2026-05-09,0,LOW,2026-06-10 20:52:12
TXN007826,CUST0609,2555.5,Travel,2026-03-01,0,LOW,2026-06-10 20:52:12
TXN007827,CUST0064,27471.33,Healthcare,2026-03-29,0,HIGH,2026-06-10 20:52:12
TXN007828,CUST0994,23721.67,Food,2026-02-12,0,HIGH,2026-06-10 20:52:12
TXN007829,CUST0656,44533.02,Shopping,2026-05-04,0,HIGH,2026-06-10 20:52:12
TXN007830,CUST0328,8301.33,Shopping,2026-04-16,0,MEDIUM,2026-06-10 20:52:12
TXN007831,CUST0592,46792.77,Travel,2026-01-02,0,HIGH,2026-06-10 20:52:12
TXN007832,CUST0916,36150.88,Healthcare,2026-05-26,0,HIGH,2026-06-10 20:52:12
TXN007833,CUST0058,8210.18,Food,2026-05-26,0,MEDIUM,2026-06-10 20:52:12
TXN007834,CUST0765,30635.66,Food,2026-05-08,0,HIGH,2026-06-10 20:52:12
TXN007835,CUST0502,12317.95,Travel,2026-01-23,0,HIGH,2026-06-10 20:52:12
TXN007836,CUST0888,22609.02,Travel,2026-04-15,0,HIGH,2026-06-10 20:52:12
TXN007837,CUST0902,3447.98,Shopping,2026-02-16,0,LOW,2026-06-10 20:52:12
TXN007838,CUST0909,32667.37,Healthcare,2026-05-29,0,HIGH,2026-06-10 20:52:12
TXN007839,CUST0747,33978.46,Food,2026-03-20,0,HIGH,2026-06-10 20:52:12
TXN007840,CUST0845,40051.75,Shopping,2026-03-12,0,HIGH,2026-06-10 20:52:12
TXN007841,CUST0902,16349.32,Shopping,2026-02-06,0,HIGH,2026-06-10 20:52:12
TXN007842,CUST0006,26459.2,Travel,2026-05-16,0,HIGH,2026-06-10 20:52:12
TXN007843,CUST0208,17959.58,Healthcare,2026-01-09,0,HIGH,2026-06-10 20:52:12
TXN007844,CUST0912,49216.2,Food,2026-04-18,0,HIGH,2026-06-10 20:52:12
TXN007845,CUST0674,29243.46,Healthcare,2026-03-02,0,HIGH,2026-06-10 20:52:12
TXN007846,CUST0108,3256.57,Shopping,2026-02-15,0,LOW,2026-06-10 20:52:12
TXN007847,CUST0703,33893.23,Travel,2026-01-11,0,HIGH,2026-06-10 20:52:12
TXN007848,CUST0921,14832.54,Shopping,2026-01-14,1,HIGH,2026-06-10 20:52:12
TXN007849,CUST0945,30780.83,Travel,2026-04-15,0,HIGH,2026-06-10 20:52:12
TXN007850,CUST0769,7741.02,Travel,2026-01-06,0,MEDIUM,2026-06-10 20:52:12
TXN007851,CUST0529,41091.52,Healthcare,2026-06-01,0,HIGH,2026-06-10 20:52:12
TXN007852,CUST0466,32202.33,Healthcare,2026-03-18,0,HIGH,2026-06-10 20:52:12
TXN007853,CUST0472,40793.2,Shopping,2026-06-07,0,HIGH,2026-06-10 20:52:12
TXN007854,CUST0452,41201.54,Food,2026-03-30,0,HIGH,2026-06-10 20:52:12
TXN007855,CUST0824,41176.58,Travel,2026-04-12,0,HIGH,2026-06-10 20:52:12
TXN007856,CUST0031,49711.09,Shopping,2026-01-10,0,HIGH,2026-06-10 20:52:12
TXN007857,CUST0981,29647.24,Shopping,2026-02-07,0,HIGH,2026-06-10 20:52:12
TXN007858,CUST0947,42134.79,Shopping,2026-01-22,0,HIGH,2026-06-10 20:52:12
TXN007859,CUST0395,33100.98,Healthcare,2026-05-06,0,HIGH,2026-06-10 20:52:12
TXN007860,CUST0251,8345.49,Healthcare,2026-04-24,0,MEDIUM,2026-06-10 20:52:12
TXN007861,CUST0243,47764.78,Shopping,2026-05-14,0,HIGH,2026-06-10 20:52:12
TXN007862,CUST0149,42742.37,Shopping,2026-02-03,0,HIGH,2026-06-10 20:52:12
TXN007863,CUST0440,7725.54,Travel,2026-02-16,0,MEDIUM,2026-06-10 20:52:12
TXN007864,CUST0505,41355.78,Travel,2026-01-04,0,HIGH,2026-06-10 20:52:12
TXN007865,CUST0598,15173.03,Food,2026-06-07,0,HIGH,2026-06-10 20:52:12
TXN007866,CUST0453,35347.34,Shopping,2026-05-24,0,HIGH,2026-06-10 20:52:12
TXN007867,CUST0381,5323.63,Travel,2026-01-01,0,MEDIUM,2026-06-10 20:52:12
TXN007868,CUST0159,4768.26,Shopping,2026-05-16,0,LOW,2026-06-10 20:52:12
TXN007869,CUST0978,46189.72,Healthcare,2026-02-21,0,HIGH,2026-06-10 20:52:12
TXN007870,CUST0420,44060.52,Food,2026-05-10,0,HIGH,2026-06-10 20:52:12
TXN007871,CUST0983,37322.02,Food,2026-03-17,0,HIGH,2026-06-10 20:52:12
TXN007872,CUST0128,29960.71,Travel,2026-02-04,0,HIGH,2026-06-10 20:52:12
TXN007873,CUST0303,36008.57,Healthcare,2026-01-25,0,HIGH,2026-06-10 20:52:12
TXN007874,CUST0705,44997.76,Food,2026-01-07,0,HIGH,2026-06-10 20:52:12
TXN007875,CUST0490,41723.1,Food,2026-04-03,0,HIGH,2026-06-10 20:52:12
TXN007876,CUST0539,3035.61,Food,2026-02-02,0,LOW,2026-06-10 20:52:12
TXN007877,CUST0643,9691.88,Healthcare,2026-05-14,0,MEDIUM,2026-06-10 20:52:12
TXN007878,CUST0065,13886.63,Shopping,2026-02-12,0,HIGH,2026-06-10 20:52:12
TXN007879,CUST0192,35809.63,Healthcare,2026-06-03,0,HIGH,2026-06-10 20:52:12
TXN007880,CUST0139,34754.14,Food,2026-04-26,0,HIGH,2026-06-10 20:52:12
TXN007881,CUST0983,3100.19,Shopping,2026-05-21,0,LOW,2026-06-10 20:52:12
TXN007882,CUST0383,22226.43,Shopping,2026-03-04,0,HIGH,2026-06-10 20:52:12
TXN007883,CUST0915,48281.71,Travel,2026-05-22,0,HIGH,2026-06-10 20:52:12
TXN007884,CUST0298,5353.24,Food,2026-02-27,0,MEDIUM,2026-06-10 20:52:12
TXN007885,CUST0525,1989.39,Food,2026-03-26,0,LOW,2026-06-10 20:52:12
TXN007886,CUST0110,40706.85,Shopping,2026-02-07,0,HIGH,2026-06-10 20:52:12
TXN007887,CUST0807,21559.01,Food,2026-03-24,0,HIGH,2026-06-10 20:52:12
TXN007888,CUST0028,21839.8,Food,2026-03-13,0,HIGH,2026-06-10 20:52:12
TXN007889,CUST0099,42484.5,Food,2026-01-06,0,HIGH,2026-06-10 20:52:12
TXN007890,CUST0826,15970.71,Shopping,2026-04-12,0,HIGH,2026-06-10 20:52:12
TXN007891,CUST0228,1108.91,Shopping,2026-01-18,0,LOW,2026-06-10 20:52:12
TXN007892,CUST0744,28332.4,Healthcare,2026-05-28,0,HIGH,2026-06-10 20:52:12
TXN007893,CUST0996,32230.72,Food,2026-02-11,0,HIGH,2026-06-10 20:52:12
TXN007894,CUST0757,45476.56,Travel,2026-04-09,0,HIGH,2026-06-10 20:52:12
TXN007895,CUST0665,29607.63,Travel,2026-04-23,0,HIGH,2026-06-10 20:52:12
TXN007896,CUST0379,40924.32,Food,2026-03-14,0,HIGH,2026-06-10 20:52:12
TXN007897,CUST0563,23087.12,Food,2026-04-19,0,HIGH,2026-06-10 20:52:12
TXN007898,CUST0693,842.45,Food,2026-02-18,0,LOW,2026-06-10 20:52:12
TXN007899,CUST0673,36704.41,Travel,2026-03-27,0,HIGH,2026-06-10 20:52:12
TXN007900,CUST0799,2294.33,Travel,2026-02-10,0,LOW,2026-06-10 20:52:12
TXN007901,CUST0384,46501.52,Healthcare,2026-05-27,0,HIGH,2026-06-10 20:52:12
TXN007902,CUST0981,22946.78,Shopping,2026-03-15,0,HIGH,2026-06-10 20:52:12
TXN007903,CUST0795,2243.42,Travel,2026-03-25,0,LOW,2026-06-10 20:52:12
TXN007904,CUST0828,13375.24,Shopping,2026-01-19,0,HIGH,2026-06-10 20:52:12
TXN007905,CUST0980,1303.46,Shopping,2026-03-22,0,LOW,2026-06-10 20:52:12
TXN007906,CUST0110,30230.67,Travel,2026-04-02,0,HIGH,2026-06-10 20:52:12
TXN007907,CUST0573,14864.78,Healthcare,2026-02-24,0,HIGH,2026-06-10 20:52:12
TXN007908,CUST0877,6838.48,Travel,2026-02-18,0,MEDIUM,2026-06-10 20:52:12
TXN007909,CUST0307,29068.26,Shopping,2026-01-10,1,HIGH,2026-06-10 20:52:12
TXN007910,CUST0369,36537.44,Healthcare,2026-05-28,0,HIGH,2026-06-10 20:52:12
TXN007911,CUST0337,44412.31,Shopping,2026-01-20,0,HIGH,2026-06-10 20:52:12
TXN007912,CUST0828,14533.16,Travel,2026-04-06,0,HIGH,2026-06-10 20:52:12
TXN007913,CUST0355,17247.44,Travel,2026-01-07,0,HIGH,2026-06-10 20:52:12
TXN007914,CUST0258,36240.82,Travel,2026-05-14,0,HIGH,2026-06-10 20:52:12
TXN007915,CUST0924,45735.19,Shopping,2026-04-12,1,HIGH,2026-06-10 20:52:12
TXN007916,CUST0587,6865.53,Travel,2026-02-06,0,MEDIUM,2026-06-10 20:52:12
TXN007917,CUST0239,13513.65,Food,2026-01-09,0,HIGH,2026-06-10 20:52:12
TXN007918,CUST0651,44825.98,Healthcare,2026-02-18,0,HIGH,2026-06-10 20:52:12
TXN007919,CUST0027,457.52,Travel,2026-01-16,0,LOW,2026-06-10 20:52:12
TXN007920,CUST0020,42511.05,Travel,2026-03-11,0,HIGH,2026-06-10 20:52:12
TXN007921,CUST0255,3151.48,Healthcare,2026-02-24,0,LOW,2026-06-10 20:52:12
TXN007922,CUST0492,14277.34,Food,2026-03-07,0,HIGH,2026-06-10 20:52:12
TXN007923,CUST0838,9622.95,Food,2026-05-30,0,MEDIUM,2026-06-10 20:52:12
TXN007924,CUST0576,4425.65,Shopping,2026-04-24,0,LOW,2026-06-10 20:52:12
TXN007925,CUST0861,48503.24,Shopping,2026-06-07,0,HIGH,2026-06-10 20:52:12
TXN007926,CUST0311,13595.92,Food,2026-03-23,0,HIGH,2026-06-10 20:52:12
TXN007927,CUST0252,15310.4,Healthcare,2026-06-06,0,HIGH,2026-06-10 20:52:12
TXN007928,CUST0917,3060.37,Shopping,2026-04-24,0,LOW,2026-06-10 20:52:12
TXN007929,CUST0902,35573.7,Food,2026-05-21,0,HIGH,2026-06-10 20:52:12
TXN007930,CUST0644,35022.83,Shopping,2026-05-26,1,HIGH,2026-06-10 20:52:12
TXN007931,CUST0037,31618.23,Shopping,2026-05-19,0,HIGH,2026-06-10 20:52:12
TXN007932,CUST0138,2964.1,Travel,2026-05-10,0,LOW,2026-06-10 20:52:12
TXN007933,CUST0937,45793.81,Shopping,2026-01-07,0,HIGH,2026-06-10 20:52:12
TXN007934,CUST0908,48163.03,Healthcare,2026-05-21,0,HIGH,2026-06-10 20:52:12
TXN007935,CUST0533,42913.43,Travel,2026-06-02,1,HIGH,2026-06-10 20:52:12
TXN007936,CUST0575,4769.54,Food,2026-04-16,0,LOW,2026-06-10 20:52:12
TXN007937,CUST0247,10493.62,Healthcare,2026-04-27,0,HIGH,2026-06-10 20:52:12
TXN007938,CUST0515,44706.97,Travel,2026-03-19,0,HIGH,2026-06-10 20:52:12
TXN007939,CUST0995,40280.43,Travel,2026-05-11,0,HIGH,2026-06-10 20:52:12
TXN007940,CUST0599,12296.97,Healthcare,2026-05-31,0,HIGH,2026-06-10 20:52:12
TXN007941,CUST0457,22665.95,Food,2026-01-09,0,HIGH,2026-06-10 20:52:12
TXN007942,CUST0416,35246.08,Shopping,2026-06-07,0,HIGH,2026-06-10 20:52:12
TXN007943,CUST0794,33703.25,Food,2026-04-30,0,HIGH,2026-06-10 20:52:12
TXN007944,CUST0913,36254.6,Travel,2026-01-17,0,HIGH,2026-06-10 20:52:12
TXN007945,CUST0650,36543.34,Travel,2026-03-05,0,HIGH,2026-06-10 20:52:12
TXN007946,CUST0218,42710.07,Travel,2026-03-17,0,HIGH,2026-06-10 20:52:12
TXN007947,CUST0412,12661.74,Food,2026-04-09,0,HIGH,2026-06-10 20:52:12
TXN007948,CUST0823,43290.28,Healthcare,2026-02-13,0,HIGH,2026-06-10 20:52:12
TXN007949,CUST0112,44711.81,Healthcare,2026-01-09,0,HIGH,2026-06-10 20:52:12
TXN007950,CUST0207,21726.71,Food,2026-06-05,0,HIGH,2026-06-10 20:52:12
TXN007951,CUST0878,34366.41,Food,2026-04-18,0,HIGH,2026-06-10 20:52:12
TXN007952,CUST0524,44492.6,Travel,2026-02-02,0,HIGH,2026-06-10 20:52:12
TXN007953,CUST0944,15893.77,Healthcare,2026-06-02,0,HIGH,2026-06-10 20:52:12
TXN007954,CUST0019,9404.37,Travel,2026-03-11,0,MEDIUM,2026-06-10 20:52:12
TXN007955,CUST0448,8271.91,Healthcare,2026-05-18,0,MEDIUM,2026-06-10 20:52:12
TXN007956,CUST0425,45453.16,Food,2026-05-08,0,HIGH,2026-06-10 20:52:12
TXN007957,CUST0894,21927.74,Healthcare,2026-03-14,0,HIGH,2026-06-10 20:52:12
TXN007958,CUST0151,9702.94,Travel,2026-01-29,0,MEDIUM,2026-06-10 20:52:12
TXN007959,CUST0928,18040.15,Healthcare,2026-04-06,1,HIGH,2026-06-10 20:52:12
TXN007960,CUST0799,24529.84,Food,2026-03-15,0,HIGH,2026-06-10 20:52:12
TXN007961,CUST0541,41892.32,Shopping,2026-05-10,0,HIGH,2026-06-10 20:52:12
TXN007962,CUST0010,40469.04,Food,2026-03-20,0,HIGH,2026-06-10 20:52:12
TXN007963,CUST0306,38271.09,Shopping,2026-02-04,0,HIGH,2026-06-10 20:52:12
TXN007964,CUST0511,35088.85,Travel,2026-01-08,0,HIGH,2026-06-10 20:52:12
TXN007965,CUST0896,6587.01,Food,2026-01-27,0,MEDIUM,2026-06-10 20:52:12
TXN007966,CUST0255,22304.35,Healthcare,2026-02-25,0,HIGH,2026-06-10 20:52:12
TXN007967,CUST0940,33736.12,Food,2026-01-08,0,HIGH,2026-06-10 20:52:12
TXN007968,CUST0130,25592.51,Travel,2026-02-06,0,HIGH,2026-06-10 20:52:12
TXN007969,CUST0156,44076.58,Healthcare,2026-04-26,0,HIGH,2026-06-10 20:52:12
TXN007970,CUST0801,26428.05,Travel,2026-02-20,0,HIGH,2026-06-10 20:52:12
TXN007971,CUST0111,49920.88,Food,2026-01-18,0,HIGH,2026-06-10 20:52:12
TXN007972,CUST0117,32073.93,Shopping,2026-04-11,0,HIGH,2026-06-10 20:52:12
TXN007973,CUST0692,36387.64,Shopping,2026-06-06,0,HIGH,2026-06-10 20:52:12
TXN007974,CUST0509,15212.03,Travel,2026-05-09,0,HIGH,2026-06-10 20:52:12
TXN007975,CUST0194,15466.97,Travel,2026-03-12,0,HIGH,2026-06-10 20:52:12
TXN007976,CUST0799,21928.91,Shopping,2026-03-09,0,HIGH,2026-06-10 20:52:12
TXN007977,CUST0671,5291.47,Food,2026-04-05,0,MEDIUM,2026-06-10 20:52:12
TXN007978,CUST0259,15940.46,Food,2026-05-28,0,HIGH,2026-06-10 20:52:12
TXN007979,CUST0159,13116.94,Healthcare,2026-01-23,0,HIGH,2026-06-10 20:52:12
TXN007980,CUST0306,25030.49,Shopping,2026-04-07,0,HIGH,2026-06-10 20:52:12
TXN007981,CUST0034,16594.36,Travel,2026-05-01,0,HIGH,2026-06-10 20:52:12
TXN007982,CUST0089,17237.37,Food,2026-04-30,0,HIGH,2026-06-10 20:52:12
TXN007983,CUST0434,24512.26,Healthcare,2026-04-11,0,HIGH,2026-06-10 20:52:12
TXN007984,CUST0622,38429.95,Food,2026-04-08,0,HIGH,2026-06-10 20:52:12
TXN007985,CUST0905,43068.78,Travel,2026-02-06,0,HIGH,2026-06-10 20:52:12
TXN007986,CUST0744,31752.98,Shopping,2026-03-17,0,HIGH,2026-06-10 20:52:12
TXN007987,CUST0384,18334.56,Shopping,2026-01-24,0,HIGH,2026-06-10 20:52:12
TXN007988,CUST0556,26999.52,Food,2026-02-21,0,HIGH,2026-06-10 20:52:12
TXN007989,CUST0702,30734.85,Healthcare,2026-01-16,0,HIGH,2026-06-10 20:52:12
TXN007990,CUST0308,20509.85,Food,2026-03-27,0,HIGH,2026-06-10 20:52:12
TXN007991,CUST0594,15882.61,Travel,2026-04-18,0,HIGH,2026-06-10 20:52:12
TXN007992,CUST0421,36532.44,Shopping,2026-02-22,0,HIGH,2026-06-10 20:52:12
TXN007993,CUST0399,46985.91,Healthcare,2026-02-19,0,HIGH,2026-06-10 20:52:12
TXN007994,CUST0027,1456.27,Healthcare,2026-01-22,0,LOW,2026-06-10 20:52:12
TXN007995,CUST0376,39287.17,Food,2026-03-16,0,HIGH,2026-06-10 20:52:12
TXN007996,CUST0270,46901.03,Travel,2026-04-06,0,HIGH,2026-06-10 20:52:12
TXN007997,CUST0056,54.24,Shopping,2026-06-03,0,LOW,2026-06-10 20:52:12
TXN007998,CUST0384,2699.37,Travel,2026-04-17,1,LOW,2026-06-10 20:52:12
TXN007999,CUST0585,28185.7,Food,2026-02-10,0,HIGH,2026-06-10 20:52:12
TXN008000,CUST0786,39439.97,Food,2026-01-26,0,HIGH,2026-06-10 20:52:12
TXN008001,CUST0420,11018.62,Healthcare,2026-03-17,0,HIGH,2026-06-10 20:52:12
TXN008002,CUST0203,46339.79,Shopping,2026-04-29,0,HIGH,2026-06-10 20:52:12
TXN008003,CUST0899,36461.05,Travel,2026-02-09,0,HIGH,2026-06-10 20:52:12
TXN008004,CUST0573,18695.35,Shopping,2026-06-07,0,HIGH,2026-06-10 20:52:12
TXN008005,CUST0130,8665.46,Food,2026-04-22,1,MEDIUM,2026-06-10 20:52:12
TXN008006,CUST0609,44985.45,Food,2026-01-06,1,HIGH,2026-06-10 20:52:12
TXN008007,CUST0704,21952.95,Food,2026-04-28,0,HIGH,2026-06-10 20:52:12
TXN008008,CUST0157,25044.21,Shopping,2026-03-29,0,HIGH,2026-06-10 20:52:12
TXN008009,CUST0558,38843.79,Healthcare,2026-04-24,0,HIGH,2026-06-10 20:52:12
TXN008010,CUST0233,36357.24,Food,2026-01-16,1,HIGH,2026-06-10 20:52:12
TXN008011,CUST0902,24531.41,Food,2026-06-04,0,HIGH,2026-06-10 20:52:12
TXN008012,CUST0302,34368.06,Travel,2026-05-09,0,HIGH,2026-06-10 20:52:12
TXN008013,CUST0239,45425.95,Healthcare,2026-02-24,0,HIGH,2026-06-10 20:52:12
TXN008014,CUST0731,6402.98,Healthcare,2026-01-03,0,MEDIUM,2026-06-10 20:52:12
TXN008015,CUST0166,15938.9,Travel,2026-02-14,0,HIGH,2026-06-10 20:52:12
TXN008016,CUST0510,19842.73,Healthcare,2026-03-28,0,HIGH,2026-06-10 20:52:12
TXN008017,CUST0037,40535.5,Travel,2026-01-06,0,HIGH,2026-06-10 20:52:12
TXN008018,CUST0942,45801.46,Healthcare,2026-03-19,1,HIGH,2026-06-10 20:52:12
TXN008019,CUST0881,43024.33,Healthcare,2026-03-25,0,HIGH,2026-06-10 20:52:12
TXN008020,CUST0012,1416.25,Shopping,2026-03-02,0,LOW,2026-06-10 20:52:12
TXN008021,CUST0798,4325.93,Healthcare,2026-05-01,1,LOW,2026-06-10 20:52:12
TXN008022,CUST0300,6471.0,Shopping,2026-01-29,0,MEDIUM,2026-06-10 20:52:12
TXN008023,CUST0044,26551.8,Shopping,2026-01-27,0,HIGH,2026-06-10 20:52:12
TXN008024,CUST0468,6305.28,Healthcare,2026-04-04,0,MEDIUM,2026-06-10 20:52:12
TXN008025,CUST0094,28953.68,Travel,2026-06-06,0,HIGH,2026-06-10 20:52:12
TXN008026,CUST0476,16985.06,Food,2026-02-13,0,HIGH,2026-06-10 20:52:12
TXN008027,CUST0006,47958.8,Healthcare,2026-03-04,0,HIGH,2026-06-10 20:52:12
TXN008028,CUST0497,26840.44,Food,2026-04-20,0,HIGH,2026-06-10 20:52:12
TXN008029,CUST0545,9001.1,Travel,2026-04-02,0,MEDIUM,2026-06-10 20:52:12
TXN008030,CUST0219,12558.02,Shopping,2026-06-01,0,HIGH,2026-06-10 20:52:12
TXN008031,CUST0585,5819.36,Shopping,2026-05-10,0,MEDIUM,2026-06-10 20:52:12
TXN008032,CUST0509,35750.21,Food,2026-05-21,1,HIGH,2026-06-10 20:52:12
TXN008033,CUST0785,26833.61,Healthcare,2026-01-09,0,HIGH,2026-06-10 20:52:12
TXN008034,CUST0897,28992.83,Healthcare,2026-05-09,0,HIGH,2026-06-10 20:52:12
TXN008035,CUST0902,9016.34,Food,2026-02-01,0,MEDIUM,2026-06-10 20:52:12
TXN008036,CUST0224,31510.15,Food,2026-03-12,0,HIGH,2026-06-10 20:52:12
TXN008037,CUST0112,13655.05,Healthcare,2026-01-17,0,HIGH,2026-06-10 20:52:12
TXN008038,CUST0643,28137.61,Travel,2026-05-06,0,HIGH,2026-06-10 20:52:12
TXN008039,CUST0666,16092.81,Shopping,2026-02-26,0,HIGH,2026-06-10 20:52:12
TXN008040,CUST0390,48995.02,Travel,2026-01-11,0,HIGH,2026-06-10 20:52:12
TXN008041,CUST0929,26466.07,Food,2026-02-12,0,HIGH,2026-06-10 20:52:12
TXN008042,CUST0511,11006.6,Shopping,2026-01-11,0,HIGH,2026-06-10 20:52:12
TXN008043,CUST0521,27179.73,Travel,2026-05-23,0,HIGH,2026-06-10 20:52:12
TXN008044,CUST0370,38643.9,Shopping,2026-05-18,0,HIGH,2026-06-10 20:52:12
TXN008045,CUST0154,48761.4,Shopping,2026-06-03,0,HIGH,2026-06-10 20:52:12
TXN008046,CUST0688,43481.52,Healthcare,2026-02-23,1,HIGH,2026-06-10 20:52:12
TXN008047,CUST0163,7725.8,Travel,2026-03-30,0,MEDIUM,2026-06-10 20:52:12
TXN008048,CUST0637,21283.26,Shopping,2026-04-09,0,HIGH,2026-06-10 20:52:12
TXN008049,CUST0126,30792.33,Shopping,2026-04-03,0,HIGH,2026-06-10 20:52:12
TXN008050,CUST0877,2793.55,Healthcare,2026-02-05,0,LOW,2026-06-10 20:52:12
TXN008051,CUST0320,12018.89,Travel,2026-02-22,0,HIGH,2026-06-10 20:52:12
TXN008052,CUST0552,26294.19,Food,2026-03-16,0,HIGH,2026-06-10 20:52:12
TXN008053,CUST0452,13844.84,Shopping,2026-03-25,0,HIGH,2026-06-10 20:52:12
TXN008054,CUST0897,9533.91,Travel,2026-02-27,0,MEDIUM,2026-06-10 20:52:12
TXN008055,CUST0077,17166.32,Food,2026-02-25,0,HIGH,2026-06-10 20:52:12
TXN008056,CUST0808,13750.62,Food,2026-05-26,0,HIGH,2026-06-10 20:52:12
TXN008057,CUST0843,37752.96,Shopping,2026-04-15,0,HIGH,2026-06-10 20:52:12
TXN008058,CUST0636,45805.11,Shopping,2026-02-24,0,HIGH,2026-06-10 20:52:12
TXN008059,CUST0592,33821.32,Healthcare,2026-03-12,0,HIGH,2026-06-10 20:52:12
TXN008060,CUST0077,3544.84,Travel,2026-01-26,0,LOW,2026-06-10 20:52:12
TXN008061,CUST0628,29321.6,Food,2026-02-04,0,HIGH,2026-06-10 20:52:12
TXN008062,CUST0450,44346.7,Shopping,2026-02-16,0,HIGH,2026-06-10 20:52:12
TXN008063,CUST0164,20488.26,Shopping,2026-02-28,0,HIGH,2026-06-10 20:52:12
TXN008064,CUST0196,22508.48,Healthcare,2026-05-26,0,HIGH,2026-06-10 20:52:12
TXN008065,CUST0343,42704.22,Travel,2026-03-23,0,HIGH,2026-06-10 20:52:12
TXN008066,CUST0676,46260.07,Healthcare,2026-01-03,0,HIGH,2026-06-10 20:52:12
TXN008067,CUST0118,3038.96,Travel,2026-03-31,0,LOW,2026-06-10 20:52:12
TXN008068,CUST0443,7412.32,Food,2026-02-15,0,MEDIUM,2026-06-10 20:52:12
TXN008069,CUST0664,17765.32,Healthcare,2026-04-13,0,HIGH,2026-06-10 20:52:12
TXN008070,CUST0856,10210.18,Healthcare,2026-05-24,0,HIGH,2026-06-10 20:52:12
TXN008071,CUST0701,44242.79,Food,2026-05-01,0,HIGH,2026-06-10 20:52:12
TXN008072,CUST0696,40378.42,Food,2026-01-03,0,HIGH,2026-06-10 20:52:12
TXN008073,CUST0442,41913.25,Healthcare,2026-02-27,0,HIGH,2026-06-10 20:52:12
TXN008074,CUST0959,9774.18,Travel,2026-04-01,0,MEDIUM,2026-06-10 20:52:12
TXN008075,CUST0969,7383.15,Travel,2026-02-22,0,MEDIUM,2026-06-10 20:52:12
TXN008076,CUST0997,30771.57,Food,2026-02-17,0,HIGH,2026-06-10 20:52:12
TXN008077,CUST0603,24132.13,Healthcare,2026-01-20,0,HIGH,2026-06-10 20:52:12
TXN008078,CUST0724,1685.69,Food,2026-04-07,0,LOW,2026-06-10 20:52:12
TXN008079,CUST0870,3827.21,Shopping,2026-02-26,0,LOW,2026-06-10 20:52:12
TXN008080,CUST0911,13032.33,Food,2026-03-25,0,HIGH,2026-06-10 20:52:12
TXN008081,CUST0734,8305.76,Shopping,2026-05-11,0,MEDIUM,2026-06-10 20:52:12
TXN008082,CUST0167,45548.83,Shopping,2026-01-09,1,HIGH,2026-06-10 20:52:12
TXN008083,CUST0378,36138.86,Healthcare,2026-01-12,0,HIGH,2026-06-10 20:52:12
TXN008084,CUST0851,632.13,Shopping,2026-03-28,0,LOW,2026-06-10 20:52:12
TXN008085,CUST0423,15083.78,Shopping,2026-03-23,0,HIGH,2026-06-10 20:52:12
TXN008086,CUST0762,18971.7,Shopping,2026-05-06,0,HIGH,2026-06-10 20:52:12
TXN008087,CUST0213,15393.63,Shopping,2026-01-12,0,HIGH,2026-06-10 20:52:12
TXN008088,CUST0418,26597.86,Healthcare,2026-02-23,1,HIGH,2026-06-10 20:52:12
TXN008089,CUST0754,46482.99,Travel,2026-01-23,0,HIGH,2026-06-10 20:52:12
TXN008090,CUST0968,44287.36,Food,2026-01-18,0,HIGH,2026-06-10 20:52:12
TXN008091,CUST0690,19509.63,Food,2026-01-15,0,HIGH,2026-06-10 20:52:12
TXN008092,CUST0674,857.65,Food,2026-02-16,0,LOW,2026-06-10 20:52:12
TXN008093,CUST0016,48109.26,Travel,2026-05-29,0,HIGH,2026-06-10 20:52:12
TXN008094,CUST0282,21143.28,Healthcare,2026-04-12,0,HIGH,2026-06-10 20:52:12
TXN008095,CUST0993,24178.21,Travel,2026-04-13,0,HIGH,2026-06-10 20:52:12
TXN008096,CUST0906,8130.93,Travel,2026-03-29,0,MEDIUM,2026-06-10 20:52:12
TXN008097,CUST0543,27944.57,Travel,2026-03-19,0,HIGH,2026-06-10 20:52:12
TXN008098,CUST0617,25861.53,Travel,2026-03-08,0,HIGH,2026-06-10 20:52:12
TXN008099,CUST0207,25020.11,Travel,2026-03-17,0,HIGH,2026-06-10 20:52:12
TXN008100,CUST0929,25561.04,Healthcare,2026-01-25,0,HIGH,2026-06-10 20:52:12
TXN008101,CUST0864,49743.84,Shopping,2026-02-21,0,HIGH,2026-06-10 20:52:12
TXN008102,CUST0320,28991.38,Shopping,2026-03-15,0,HIGH,2026-06-10 20:52:12
TXN008103,CUST0850,1042.14,Travel,2026-04-01,0,LOW,2026-06-10 20:52:12
TXN008104,CUST0060,25502.38,Shopping,2026-01-19,0,HIGH,2026-06-10 20:52:12
TXN008105,CUST0199,22956.13,Food,2026-03-21,0,HIGH,2026-06-10 20:52:12
TXN008106,CUST0787,24545.16,Healthcare,2026-06-01,1,HIGH,2026-06-10 20:52:12
TXN008107,CUST0251,40073.56,Shopping,2026-01-23,0,HIGH,2026-06-10 20:52:12
TXN008108,CUST0276,43225.88,Healthcare,2026-06-06,0,HIGH,2026-06-10 20:52:12
TXN008109,CUST0846,4846.31,Shopping,2026-01-02,1,LOW,2026-06-10 20:52:12
TXN008110,CUST0654,22908.26,Travel,2026-02-16,0,HIGH,2026-06-10 20:52:12
TXN008111,CUST0663,18090.65,Shopping,2026-05-06,0,HIGH,2026-06-10 20:52:12
TXN008112,CUST0278,21509.89,Shopping,2026-02-11,0,HIGH,2026-06-10 20:52:12
TXN008113,CUST0255,7549.29,Healthcare,2026-01-03,0,MEDIUM,2026-06-10 20:52:12
TXN008114,CUST0161,23989.84,Shopping,2026-03-10,0,HIGH,2026-06-10 20:52:12
TXN008115,CUST0433,10146.13,Healthcare,2026-04-22,0,HIGH,2026-06-10 20:52:12
TXN008116,CUST0640,23211.91,Shopping,2026-04-14,0,HIGH,2026-06-10 20:52:12
TXN008117,CUST0250,114.97,Food,2026-01-01,0,LOW,2026-06-10 20:52:12
TXN008118,CUST0163,26306.2,Shopping,2026-02-28,1,HIGH,2026-06-10 20:52:12
TXN008119,CUST0478,43701.79,Shopping,2026-04-18,0,HIGH,2026-06-10 20:52:12
TXN008120,CUST0371,2710.41,Shopping,2026-03-09,0,LOW,2026-06-10 20:52:12
TXN008121,CUST0709,21027.11,Travel,2026-05-28,0,HIGH,2026-06-10 20:52:12
TXN008122,CUST0497,37637.23,Healthcare,2026-04-13,0,HIGH,2026-06-10 20:52:12
TXN008123,CUST0389,40700.48,Healthcare,2026-03-23,0,HIGH,2026-06-10 20:52:12
TXN008124,CUST0020,30861.33,Shopping,2026-05-02,0,HIGH,2026-06-10 20:52:12
TXN008125,CUST0994,3429.31,Shopping,2026-01-24,0,LOW,2026-06-10 20:52:12
TXN008126,CUST0933,23125.0,Shopping,2026-05-02,0,HIGH,2026-06-10 20:52:12
TXN008127,CUST0128,36475.99,Food,2026-04-16,0,HIGH,2026-06-10 20:52:12
TXN008128,CUST0963,14252.81,Food,2026-04-22,0,HIGH,2026-06-10 20:52:12
TXN008129,CUST0687,17803.71,Shopping,2026-03-08,0,HIGH,2026-06-10 20:52:12
TXN008130,CUST0407,1867.95,Food,2026-02-01,1,LOW,2026-06-10 20:52:12
TXN008131,CUST0987,35217.98,Travel,2026-02-21,0,HIGH,2026-06-10 20:52:12
TXN008132,CUST0519,25856.18,Healthcare,2026-03-09,0,HIGH,2026-06-10 20:52:12
TXN008133,CUST0872,40503.44,Food,2026-02-01,0,HIGH,2026-06-10 20:52:12
TXN008134,CUST0362,20628.04,Travel,2026-01-01,0,HIGH,2026-06-10 20:52:12
TXN008135,CUST0976,14283.44,Shopping,2026-04-08,0,HIGH,2026-06-10 20:52:12
TXN008136,CUST0304,13433.87,Shopping,2026-01-27,0,HIGH,2026-06-10 20:52:12
TXN008137,CUST0427,20149.95,Shopping,2026-05-25,0,HIGH,2026-06-10 20:52:12
TXN008138,CUST0487,45644.8,Shopping,2026-03-12,0,HIGH,2026-06-10 20:52:12
TXN008139,CUST0928,41128.19,Healthcare,2026-02-14,0,HIGH,2026-06-10 20:52:12
TXN008140,CUST0836,11707.94,Food,2026-06-07,0,HIGH,2026-06-10 20:52:12
TXN008141,CUST0684,2585.63,Shopping,2026-03-23,0,LOW,2026-06-10 20:52:12
TXN008142,CUST0138,28265.14,Food,2026-04-30,0,HIGH,2026-06-10 20:52:12
TXN008143,CUST0268,42776.38,Food,2026-02-20,0,HIGH,2026-06-10 20:52:12
TXN008144,CUST0114,33273.52,Healthcare,2026-05-20,0,HIGH,2026-06-10 20:52:12
TXN008145,CUST0011,9286.43,Travel,2026-01-01,0,MEDIUM,2026-06-10 20:52:12
TXN008146,CUST0132,13767.59,Food,2026-04-07,0,HIGH,2026-06-10 20:52:12
TXN008147,CUST0521,11848.07,Shopping,2026-03-27,0,HIGH,2026-06-10 20:52:12
TXN008148,CUST0163,3656.99,Healthcare,2026-02-25,0,LOW,2026-06-10 20:52:12
TXN008149,CUST0279,3742.76,Travel,2026-05-08,0,LOW,2026-06-10 20:52:12
TXN008150,CUST0972,26189.65,Healthcare,2026-02-18,0,HIGH,2026-06-10 20:52:12
TXN008151,CUST0283,13871.36,Shopping,2026-01-31,0,HIGH,2026-06-10 20:52:12
TXN008152,CUST0300,9435.95,Healthcare,2026-04-10,0,MEDIUM,2026-06-10 20:52:12
TXN008153,CUST0044,4287.11,Food,2026-03-26,0,LOW,2026-06-10 20:52:12
TXN008154,CUST0431,44213.52,Food,2026-03-02,0,HIGH,2026-06-10 20:52:12
TXN008155,CUST0405,11304.53,Healthcare,2026-04-24,0,HIGH,2026-06-10 20:52:12
TXN008156,CUST0425,36941.38,Food,2026-01-05,0,HIGH,2026-06-10 20:52:12
TXN008157,CUST0802,30362.41,Shopping,2026-05-05,0,HIGH,2026-06-10 20:52:12
TXN008158,CUST0071,21354.89,Travel,2026-04-13,0,HIGH,2026-06-10 20:52:12
TXN008159,CUST0044,41746.21,Healthcare,2026-02-14,0,HIGH,2026-06-10 20:52:12
TXN008160,CUST0088,24732.49,Shopping,2026-03-18,0,HIGH,2026-06-10 20:52:12
TXN008161,CUST0543,5157.33,Shopping,2026-01-27,0,MEDIUM,2026-06-10 20:52:12
TXN008162,CUST0153,21502.8,Food,2026-03-02,0,HIGH,2026-06-10 20:52:12
TXN008163,CUST0360,12534.15,Shopping,2026-03-02,0,HIGH,2026-06-10 20:52:12
TXN008164,CUST0827,29058.31,Food,2026-04-07,0,HIGH,2026-06-10 20:52:12
TXN008165,CUST0664,28954.88,Travel,2026-01-16,0,HIGH,2026-06-10 20:52:12
TXN008166,CUST0778,12396.11,Food,2026-05-04,0,HIGH,2026-06-10 20:52:12
TXN008167,CUST0684,20530.49,Food,2026-03-09,0,HIGH,2026-06-10 20:52:12
TXN008168,CUST0005,18840.84,Travel,2026-01-30,0,HIGH,2026-06-10 20:52:12
TXN008169,CUST0153,39536.24,Food,2026-04-06,0,HIGH,2026-06-10 20:52:12
TXN008170,CUST0448,3012.47,Travel,2026-03-14,0,LOW,2026-06-10 20:52:12
TXN008171,CUST0694,36250.31,Shopping,2026-03-07,0,HIGH,2026-06-10 20:52:12
TXN008172,CUST0131,10962.38,Shopping,2026-02-04,0,HIGH,2026-06-10 20:52:12
TXN008173,CUST0587,30383.37,Food,2026-03-03,0,HIGH,2026-06-10 20:52:12
TXN008174,CUST0743,5370.45,Shopping,2026-02-11,1,MEDIUM,2026-06-10 20:52:12
TXN008175,CUST0885,19274.58,Travel,2026-01-23,0,HIGH,2026-06-10 20:52:12
TXN008176,CUST0571,20342.2,Food,2026-04-18,0,HIGH,2026-06-10 20:52:12
TXN008177,CUST0353,17327.26,Travel,2026-01-30,0,HIGH,2026-06-10 20:52:12
TXN008178,CUST0467,24735.36,Shopping,2026-01-05,0,HIGH,2026-06-10 20:52:12
TXN008179,CUST0109,6514.82,Healthcare,2026-01-19,0,MEDIUM,2026-06-10 20:52:12
TXN008180,CUST0749,36140.85,Shopping,2026-01-28,0,HIGH,2026-06-10 20:52:12
TXN008181,CUST0874,33846.5,Healthcare,2026-05-31,0,HIGH,2026-06-10 20:52:12
TXN008182,CUST0897,38766.09,Shopping,2026-05-09,0,HIGH,2026-06-10 20:52:12
TXN008183,CUST0038,11715.63,Food,2026-04-11,0,HIGH,2026-06-10 20:52:12
TXN008184,CUST0326,43893.86,Travel,2026-01-18,0,HIGH,2026-06-10 20:52:12
TXN008185,CUST0595,10994.73,Healthcare,2026-05-21,0,HIGH,2026-06-10 20:52:12
TXN008186,CUST0331,13495.74,Food,2026-01-26,0,HIGH,2026-06-10 20:52:12
TXN008187,CUST0422,46399.51,Food,2026-02-24,0,HIGH,2026-06-10 20:52:12
TXN008188,CUST0673,40249.25,Food,2026-03-01,0,HIGH,2026-06-10 20:52:12
TXN008189,CUST0264,18146.42,Healthcare,2026-01-06,0,HIGH,2026-06-10 20:52:12
TXN008190,CUST0939,44898.03,Shopping,2026-03-18,0,HIGH,2026-06-10 20:52:12
TXN008191,CUST0632,10584.78,Shopping,2026-02-03,0,HIGH,2026-06-10 20:52:12
TXN008192,CUST0362,44265.67,Healthcare,2026-01-15,0,HIGH,2026-06-10 20:52:12
TXN008193,CUST0793,17351.06,Healthcare,2026-02-04,0,HIGH,2026-06-10 20:52:12
TXN008194,CUST0501,19265.8,Shopping,2026-01-23,0,HIGH,2026-06-10 20:52:12
TXN008195,CUST0930,26392.14,Shopping,2026-01-09,0,HIGH,2026-06-10 20:52:12
TXN008196,CUST0234,42661.66,Healthcare,2026-04-28,0,HIGH,2026-06-10 20:52:12
TXN008197,CUST0657,41744.89,Shopping,2026-05-27,0,HIGH,2026-06-10 20:52:12
TXN008198,CUST0775,31596.85,Healthcare,2026-02-20,0,HIGH,2026-06-10 20:52:12
TXN008199,CUST0620,31517.3,Shopping,2026-05-21,0,HIGH,2026-06-10 20:52:12
TXN008200,CUST0569,4365.87,Travel,2026-03-23,0,LOW,2026-06-10 20:52:12
TXN008201,CUST0983,11714.0,Food,2026-03-30,0,HIGH,2026-06-10 20:52:12
TXN008202,CUST0780,29056.74,Food,2026-05-24,0,HIGH,2026-06-10 20:52:12
TXN008203,CUST0479,8157.7,Healthcare,2026-02-03,0,MEDIUM,2026-06-10 20:52:12
TXN008204,CUST0828,33138.07,Healthcare,2026-02-04,0,HIGH,2026-06-10 20:52:12
TXN008205,CUST0776,3361.3,Travel,2026-01-01,0,LOW,2026-06-10 20:52:12
TXN008206,CUST0435,42729.33,Food,2026-01-04,0,HIGH,2026-06-10 20:52:12
TXN008207,CUST0120,49513.68,Travel,2026-02-11,0,HIGH,2026-06-10 20:52:12
TXN008208,CUST0551,32280.76,Shopping,2026-06-05,0,HIGH,2026-06-10 20:52:12
TXN008209,CUST0368,28339.38,Shopping,2026-01-25,0,HIGH,2026-06-10 20:52:12
TXN008210,CUST0139,36991.18,Food,2026-01-26,0,HIGH,2026-06-10 20:52:12
TXN008211,CUST0868,38965.02,Healthcare,2026-01-18,0,HIGH,2026-06-10 20:52:12
TXN008212,CUST0492,18539.46,Food,2026-01-13,0,HIGH,2026-06-10 20:52:12
TXN008213,CUST0816,6505.14,Travel,2026-02-22,0,MEDIUM,2026-06-10 20:52:12
TXN008214,CUST0283,44487.8,Shopping,2026-02-09,0,HIGH,2026-06-10 20:52:12
TXN008215,CUST0529,3095.6,Healthcare,2026-03-02,0,LOW,2026-06-10 20:52:12
TXN008216,CUST0825,26126.39,Food,2026-03-16,0,HIGH,2026-06-10 20:52:12
TXN008217,CUST0217,10677.69,Travel,2026-02-06,1,HIGH,2026-06-10 20:52:12
TXN008218,CUST0150,46402.89,Travel,2026-02-06,0,HIGH,2026-06-10 20:52:12
TXN008219,CUST0201,31730.73,Healthcare,2026-01-05,0,HIGH,2026-06-10 20:52:12
TXN008220,CUST0020,19779.86,Travel,2026-06-04,0,HIGH,2026-06-10 20:52:12
TXN008221,CUST0581,39243.37,Healthcare,2026-05-03,0,HIGH,2026-06-10 20:52:12
TXN008222,CUST0573,38952.3,Shopping,2026-02-16,0,HIGH,2026-06-10 20:52:12
TXN008223,CUST0830,46003.76,Travel,2026-03-05,0,HIGH,2026-06-10 20:52:12
TXN008224,CUST0514,14685.44,Shopping,2026-04-08,0,HIGH,2026-06-10 20:52:12
TXN008225,CUST0042,19917.85,Healthcare,2026-04-23,0,HIGH,2026-06-10 20:52:12
TXN008226,CUST0211,43943.78,Healthcare,2026-03-19,0,HIGH,2026-06-10 20:52:12
TXN008227,CUST0221,14661.56,Healthcare,2026-01-19,0,HIGH,2026-06-10 20:52:12
TXN008228,CUST0347,42576.87,Travel,2026-01-24,0,HIGH,2026-06-10 20:52:12
TXN008229,CUST0867,42933.84,Travel,2026-01-23,0,HIGH,2026-06-10 20:52:12
TXN008230,CUST0373,29099.99,Travel,2026-03-11,0,HIGH,2026-06-10 20:52:12
TXN008231,CUST0067,34480.24,Healthcare,2026-03-06,0,HIGH,2026-06-10 20:52:12
TXN008232,CUST0610,3763.64,Healthcare,2026-02-14,0,LOW,2026-06-10 20:52:12
TXN008233,CUST0525,46996.81,Shopping,2026-04-12,0,HIGH,2026-06-10 20:52:12
TXN008234,CUST0775,31227.6,Healthcare,2026-02-14,0,HIGH,2026-06-10 20:52:12
TXN008235,CUST0270,1965.03,Food,2026-02-11,0,LOW,2026-06-10 20:52:12
TXN008236,CUST0522,14988.89,Food,2026-03-05,0,HIGH,2026-06-10 20:52:12
TXN008237,CUST0501,13406.26,Food,2026-04-12,0,HIGH,2026-06-10 20:52:12
TXN008238,CUST0247,36650.73,Food,2026-06-01,0,HIGH,2026-06-10 20:52:12
TXN008239,CUST0806,5912.74,Healthcare,2026-01-07,1,MEDIUM,2026-06-10 20:52:12
TXN008240,CUST0793,18137.69,Healthcare,2026-01-26,0,HIGH,2026-06-10 20:52:12
TXN008241,CUST0566,37175.13,Travel,2026-04-12,0,HIGH,2026-06-10 20:52:12
TXN008242,CUST0521,26857.86,Healthcare,2026-03-02,0,HIGH,2026-06-10 20:52:12
TXN008243,CUST0276,41186.26,Healthcare,2026-02-24,0,HIGH,2026-06-10 20:52:12
TXN008244,CUST0956,19995.27,Healthcare,2026-02-22,0,HIGH,2026-06-10 20:52:12
TXN008245,CUST0040,9206.97,Healthcare,2026-02-21,0,MEDIUM,2026-06-10 20:52:12
TXN008246,CUST0444,26245.29,Healthcare,2026-04-15,0,HIGH,2026-06-10 20:52:12
TXN008247,CUST0235,24946.5,Healthcare,2026-03-19,0,HIGH,2026-06-10 20:52:12
TXN008248,CUST0744,33032.78,Healthcare,2026-06-07,0,HIGH,2026-06-10 20:52:12
TXN008249,CUST0843,26617.78,Healthcare,2026-04-14,0,HIGH,2026-06-10 20:52:12
TXN008250,CUST0191,26847.41,Food,2026-02-23,0,HIGH,2026-06-10 20:52:12
TXN008251,CUST0646,37177.12,Food,2026-02-10,0,HIGH,2026-06-10 20:52:12
TXN008252,CUST0635,33306.85,Food,2026-01-17,0,HIGH,2026-06-10 20:52:12
TXN008253,CUST0793,8623.67,Travel,2026-05-05,0,MEDIUM,2026-06-10 20:52:12
TXN008254,CUST0764,39045.27,Food,2026-03-02,1,HIGH,2026-06-10 20:52:12
TXN008255,CUST0823,39385.52,Food,2026-04-15,0,HIGH,2026-06-10 20:52:12
TXN008256,CUST0087,11946.58,Shopping,2026-03-04,0,HIGH,2026-06-10 20:52:12
TXN008257,CUST0712,39816.11,Travel,2026-05-18,0,HIGH,2026-06-10 20:52:12
TXN008258,CUST0195,46891.15,Travel,2026-04-27,0,HIGH,2026-06-10 20:52:12
TXN008259,CUST0437,43966.77,Food,2026-02-28,0,HIGH,2026-06-10 20:52:12
TXN008260,CUST0432,38116.25,Shopping,2026-04-05,0,HIGH,2026-06-10 20:52:12
TXN008261,CUST0262,4584.8,Shopping,2026-01-23,0,LOW,2026-06-10 20:52:12
TXN008262,CUST0901,14804.7,Food,2026-02-07,0,HIGH,2026-06-10 20:52:12
TXN008263,CUST0567,35455.55,Shopping,2026-06-04,0,HIGH,2026-06-10 20:52:12
TXN008264,CUST0319,14779.16,Food,2026-03-24,0,HIGH,2026-06-10 20:52:12
TXN008265,CUST0024,31472.59,Food,2026-03-28,0,HIGH,2026-06-10 20:52:12
TXN008266,CUST0543,35516.87,Food,2026-03-19,0,HIGH,2026-06-10 20:52:12
TXN008267,CUST0425,43097.75,Healthcare,2026-05-25,0,HIGH,2026-06-10 20:52:12
TXN008268,CUST0536,28458.76,Travel,2026-05-07,0,HIGH,2026-06-10 20:52:12
TXN008269,CUST0893,34563.7,Healthcare,2026-06-07,0,HIGH,2026-06-10 20:52:12
TXN008270,CUST0838,10874.51,Travel,2026-03-30,0,HIGH,2026-06-10 20:52:12
TXN008271,CUST0452,44679.31,Healthcare,2026-01-05,0,HIGH,2026-06-10 20:52:12
TXN008272,CUST0543,7354.03,Healthcare,2026-04-15,0,MEDIUM,2026-06-10 20:52:12
TXN008273,CUST0853,31010.23,Travel,2026-03-29,0,HIGH,2026-06-10 20:52:12
TXN008274,CUST0310,33529.33,Healthcare,2026-04-27,0,HIGH,2026-06-10 20:52:12
TXN008275,CUST0057,26863.27,Food,2026-03-02,0,HIGH,2026-06-10 20:52:12
TXN008276,CUST0470,33861.0,Shopping,2026-05-04,0,HIGH,2026-06-10 20:52:12
TXN008277,CUST0659,2563.41,Travel,2026-06-08,0,LOW,2026-06-10 20:52:12
TXN008278,CUST1000,10828.92,Healthcare,2026-01-31,0,HIGH,2026-06-10 20:52:12
TXN008279,CUST0810,48885.59,Healthcare,2026-06-06,0,HIGH,2026-06-10 20:52:12
TXN008280,CUST0984,41637.0,Travel,2026-03-11,0,HIGH,2026-06-10 20:52:12
TXN008281,CUST0344,26961.38,Travel,2026-02-27,0,HIGH,2026-06-10 20:52:12
TXN008282,CUST0346,37860.73,Food,2026-04-13,0,HIGH,2026-06-10 20:52:12
TXN008283,CUST0261,48363.21,Healthcare,2026-03-18,0,HIGH,2026-06-10 20:52:12
TXN008284,CUST0957,23894.46,Travel,2026-03-08,0,HIGH,2026-06-10 20:52:12
TXN008285,CUST0037,34502.24,Shopping,2026-04-04,0,HIGH,2026-06-10 20:52:12
TXN008286,CUST0821,43888.32,Shopping,2026-04-07,0,HIGH,2026-06-10 20:52:12
TXN008287,CUST0605,19168.27,Shopping,2026-05-10,0,HIGH,2026-06-10 20:52:12
TXN008288,CUST0702,18704.88,Travel,2026-03-24,0,HIGH,2026-06-10 20:52:12
TXN008289,CUST0399,7958.76,Food,2026-05-03,0,MEDIUM,2026-06-10 20:52:12
TXN008290,CUST0141,3508.77,Shopping,2026-03-28,0,LOW,2026-06-10 20:52:12
TXN008291,CUST0427,27137.9,Travel,2026-03-04,0,HIGH,2026-06-10 20:52:12
TXN008292,CUST0213,40006.57,Healthcare,2026-06-04,0,HIGH,2026-06-10 20:52:12
TXN008293,CUST0977,17837.92,Healthcare,2026-05-16,0,HIGH,2026-06-10 20:52:12
TXN008294,CUST0061,37581.57,Travel,2026-02-02,0,HIGH,2026-06-10 20:52:12
TXN008295,CUST0008,36875.18,Food,2026-04-05,1,HIGH,2026-06-10 20:52:12
TXN008296,CUST0127,37365.72,Food,2026-05-27,0,HIGH,2026-06-10 20:52:12
TXN008297,CUST0386,44743.91,Healthcare,2026-03-02,0,HIGH,2026-06-10 20:52:12
TXN008298,CUST0173,43956.84,Shopping,2026-02-17,0,HIGH,2026-06-10 20:52:12
TXN008299,CUST0879,31855.38,Travel,2026-03-13,0,HIGH,2026-06-10 20:52:12
TXN008300,CUST0078,19158.87,Food,2026-02-10,0,HIGH,2026-06-10 20:52:12
TXN008301,CUST0866,8544.95,Healthcare,2026-01-26,0,MEDIUM,2026-06-10 20:52:12
TXN008302,CUST0635,22892.84,Shopping,2026-03-05,0,HIGH,2026-06-10 20:52:12
TXN008303,CUST0489,13285.23,Healthcare,2026-04-29,1,HIGH,2026-06-10 20:52:12
TXN008304,CUST0139,49099.33,Food,2026-04-20,0,HIGH,2026-06-10 20:52:12
TXN008305,CUST0486,16291.04,Healthcare,2026-04-11,0,HIGH,2026-06-10 20:52:12
TXN008306,CUST0754,1736.36,Food,2026-04-25,0,LOW,2026-06-10 20:52:12
TXN008307,CUST0488,6974.42,Food,2026-03-30,0,MEDIUM,2026-06-10 20:52:12
TXN008308,CUST0386,1379.98,Healthcare,2026-05-24,0,LOW,2026-06-10 20:52:12
TXN008309,CUST0683,18289.94,Shopping,2026-04-02,0,HIGH,2026-06-10 20:52:12
TXN008310,CUST0351,36049.03,Shopping,2026-03-28,0,HIGH,2026-06-10 20:52:12
TXN008311,CUST0539,4420.16,Food,2026-01-08,0,LOW,2026-06-10 20:52:12
TXN008312,CUST0042,43808.61,Travel,2026-03-31,0,HIGH,2026-06-10 20:52:12
TXN008313,CUST0020,46971.05,Food,2026-04-18,0,HIGH,2026-06-10 20:52:12
TXN008314,CUST0326,19158.43,Shopping,2026-01-12,0,HIGH,2026-06-10 20:52:12
TXN008315,CUST0760,7065.69,Food,2026-04-23,0,MEDIUM,2026-06-10 20:52:12
TXN008316,CUST0866,19899.97,Healthcare,2026-01-15,0,HIGH,2026-06-10 20:52:12
TXN008317,CUST0692,27547.43,Shopping,2026-01-06,0,HIGH,2026-06-10 20:52:12
TXN008318,CUST0166,23791.94,Travel,2026-01-09,0,HIGH,2026-06-10 20:52:12
TXN008319,CUST0146,15398.48,Healthcare,2026-01-09,0,HIGH,2026-06-10 20:52:12
TXN008320,CUST0578,1370.9,Shopping,2026-05-22,0,LOW,2026-06-10 20:52:12
TXN008321,CUST0820,8764.3,Shopping,2026-05-24,0,MEDIUM,2026-06-10 20:52:12
TXN008322,CUST0396,19192.85,Travel,2026-02-18,0,HIGH,2026-06-10 20:52:12
TXN008323,CUST0711,16752.37,Food,2026-01-05,1,HIGH,2026-06-10 20:52:12
TXN008324,CUST0279,19464.05,Travel,2026-04-12,0,HIGH,2026-06-10 20:52:12
TXN008325,CUST0897,5872.25,Healthcare,2026-05-30,0,MEDIUM,2026-06-10 20:52:12
TXN008326,CUST0974,27098.46,Travel,2026-03-24,0,HIGH,2026-06-10 20:52:12
TXN008327,CUST0967,36041.46,Healthcare,2026-03-31,0,HIGH,2026-06-10 20:52:12
TXN008328,CUST0520,30810.3,Travel,2026-03-31,1,HIGH,2026-06-10 20:52:12
TXN008329,CUST0635,9622.98,Travel,2026-01-20,0,MEDIUM,2026-06-10 20:52:12
TXN008330,CUST0570,6498.3,Food,2026-02-09,0,MEDIUM,2026-06-10 20:52:12
TXN008331,CUST0864,42568.48,Food,2026-01-20,0,HIGH,2026-06-10 20:52:12
TXN008332,CUST0219,21085.81,Travel,2026-05-11,0,HIGH,2026-06-10 20:52:12
TXN008333,CUST0195,18217.28,Travel,2026-04-03,0,HIGH,2026-06-10 20:52:12
TXN008334,CUST0138,39333.88,Shopping,2026-01-20,0,HIGH,2026-06-10 20:52:12
TXN008335,CUST0290,24100.52,Healthcare,2026-05-10,0,HIGH,2026-06-10 20:52:12
TXN008336,CUST0801,5367.57,Travel,2026-04-17,0,MEDIUM,2026-06-10 20:52:12
TXN008337,CUST0833,19001.49,Food,2026-05-18,0,HIGH,2026-06-10 20:52:12
TXN008338,CUST0230,44942.44,Travel,2026-04-14,0,HIGH,2026-06-10 20:52:12
TXN008339,CUST0426,36443.92,Travel,2026-03-11,0,HIGH,2026-06-10 20:52:12
TXN008340,CUST0789,27888.75,Healthcare,2026-04-06,0,HIGH,2026-06-10 20:52:12
TXN008341,CUST0534,30660.26,Travel,2026-04-12,0,HIGH,2026-06-10 20:52:12
TXN008342,CUST0965,39758.66,Healthcare,2026-06-09,0,HIGH,2026-06-10 20:52:12
TXN008343,CUST0738,35803.86,Healthcare,2026-01-09,0,HIGH,2026-06-10 20:52:12
TXN008344,CUST0920,838.91,Food,2026-02-16,0,LOW,2026-06-10 20:52:12
TXN008345,CUST0844,31281.49,Food,2026-06-07,0,HIGH,2026-06-10 20:52:12
TXN008346,CUST0448,8470.76,Shopping,2026-05-08,0,MEDIUM,2026-06-10 20:52:12
TXN008347,CUST0957,42125.55,Healthcare,2026-04-23,1,HIGH,2026-06-10 20:52:12
TXN008348,CUST0716,35999.63,Food,2026-02-27,0,HIGH,2026-06-10 20:52:12
TXN008349,CUST0021,49317.69,Shopping,2026-04-23,0,HIGH,2026-06-10 20:52:12
TXN008350,CUST0896,13684.13,Healthcare,2026-03-13,0,HIGH,2026-06-10 20:52:12
TXN008351,CUST0830,34089.67,Food,2026-01-03,0,HIGH,2026-06-10 20:52:12
TXN008352,CUST0423,33613.22,Food,2026-04-24,1,HIGH,2026-06-10 20:52:12
TXN008353,CUST0198,49058.42,Shopping,2026-01-26,0,HIGH,2026-06-10 20:52:12
TXN008354,CUST0170,16814.99,Shopping,2026-03-25,0,HIGH,2026-06-10 20:52:12
TXN008355,CUST0208,13722.97,Healthcare,2026-03-20,0,HIGH,2026-06-10 20:52:12
TXN008356,CUST0523,38905.75,Travel,2026-05-19,0,HIGH,2026-06-10 20:52:12
TXN008357,CUST0908,17149.26,Shopping,2026-05-04,0,HIGH,2026-06-10 20:52:12
TXN008358,CUST0916,32153.91,Food,2026-02-22,0,HIGH,2026-06-10 20:52:12
TXN008359,CUST0981,14432.43,Shopping,2026-04-11,0,HIGH,2026-06-10 20:52:12
TXN008360,CUST0762,26079.67,Travel,2026-01-13,0,HIGH,2026-06-10 20:52:12
TXN008361,CUST0355,36885.45,Travel,2026-04-07,0,HIGH,2026-06-10 20:52:12
TXN008362,CUST0975,29863.91,Food,2026-02-26,0,HIGH,2026-06-10 20:52:12
TXN008363,CUST0163,29701.74,Travel,2026-02-15,0,HIGH,2026-06-10 20:52:12
TXN008364,CUST0155,32791.79,Shopping,2026-05-10,0,HIGH,2026-06-10 20:52:12
TXN008365,CUST0367,30420.38,Travel,2026-02-01,0,HIGH,2026-06-10 20:52:12
TXN008366,CUST0477,22446.41,Shopping,2026-01-07,0,HIGH,2026-06-10 20:52:12
TXN008367,CUST0685,20230.65,Food,2026-04-15,0,HIGH,2026-06-10 20:52:12
TXN008368,CUST0451,24267.36,Travel,2026-06-04,0,HIGH,2026-06-10 20:52:12
TXN008369,CUST0645,13370.06,Travel,2026-02-14,1,HIGH,2026-06-10 20:52:12
TXN008370,CUST0732,12850.3,Shopping,2026-03-22,0,HIGH,2026-06-10 20:52:12
TXN008371,CUST0910,23906.67,Travel,2026-02-19,1,HIGH,2026-06-10 20:52:12
TXN008372,CUST0853,47464.2,Shopping,2026-06-04,0,HIGH,2026-06-10 20:52:12
TXN008373,CUST0278,40421.07,Healthcare,2026-05-21,0,HIGH,2026-06-10 20:52:12
TXN008374,CUST0537,42973.56,Shopping,2026-05-20,0,HIGH,2026-06-10 20:52:12
TXN008375,CUST0555,44458.29,Shopping,2026-02-23,0,HIGH,2026-06-10 20:52:12
TXN008376,CUST0715,35891.52,Food,2026-02-23,0,HIGH,2026-06-10 20:52:12
TXN008377,CUST0477,47439.56,Travel,2026-03-13,1,HIGH,2026-06-10 20:52:12
TXN008378,CUST0777,4282.86,Shopping,2026-03-24,0,LOW,2026-06-10 20:52:12
TXN008379,CUST0435,5242.11,Healthcare,2026-03-21,0,MEDIUM,2026-06-10 20:52:12
TXN008380,CUST0453,494.78,Travel,2026-01-21,0,LOW,2026-06-10 20:52:12
TXN008381,CUST0391,38772.94,Healthcare,2026-04-02,0,HIGH,2026-06-10 20:52:12
TXN008382,CUST0208,12354.65,Shopping,2026-05-01,0,HIGH,2026-06-10 20:52:12
TXN008383,CUST0217,15868.38,Food,2026-02-16,0,HIGH,2026-06-10 20:52:12
TXN008384,CUST0574,3647.0,Healthcare,2026-03-27,0,LOW,2026-06-10 20:52:12
TXN008385,CUST0794,38021.78,Shopping,2026-01-29,1,HIGH,2026-06-10 20:52:12
TXN008386,CUST0525,1062.71,Food,2026-02-05,0,LOW,2026-06-10 20:52:12
TXN008387,CUST0232,22389.57,Shopping,2026-01-24,0,HIGH,2026-06-10 20:52:12
TXN008388,CUST0793,14459.03,Food,2026-06-09,0,HIGH,2026-06-10 20:52:12
TXN008389,CUST0805,29953.07,Shopping,2026-01-12,0,HIGH,2026-06-10 20:52:12
TXN008390,CUST0929,10990.05,Travel,2026-01-29,0,HIGH,2026-06-10 20:52:12
TXN008391,CUST0603,46878.62,Healthcare,2026-05-21,0,HIGH,2026-06-10 20:52:12
TXN008392,CUST0141,26070.58,Healthcare,2026-01-11,1,HIGH,2026-06-10 20:52:12
TXN008393,CUST0296,5994.73,Travel,2026-02-10,0,MEDIUM,2026-06-10 20:52:12
TXN008394,CUST0076,42866.09,Travel,2026-02-13,0,HIGH,2026-06-10 20:52:12
TXN008395,CUST0553,12976.62,Travel,2026-01-30,1,HIGH,2026-06-10 20:52:12
TXN008396,CUST0887,21698.08,Healthcare,2026-01-28,0,HIGH,2026-06-10 20:52:12
TXN008397,CUST0685,44942.46,Healthcare,2026-02-12,0,HIGH,2026-06-10 20:52:12
TXN008398,CUST0151,40657.55,Shopping,2026-04-19,0,HIGH,2026-06-10 20:52:12
TXN008399,CUST0916,19839.93,Healthcare,2026-05-21,0,HIGH,2026-06-10 20:52:12
TXN008400,CUST0081,10212.82,Healthcare,2026-02-11,0,HIGH,2026-06-10 20:52:12
TXN008401,CUST0749,44435.16,Shopping,2026-05-15,0,HIGH,2026-06-10 20:52:12
TXN008402,CUST0012,5486.24,Healthcare,2026-03-14,0,MEDIUM,2026-06-10 20:52:12
TXN008403,CUST0714,46966.28,Healthcare,2026-02-23,0,HIGH,2026-06-10 20:52:12
TXN008404,CUST0139,36966.3,Healthcare,2026-05-23,0,HIGH,2026-06-10 20:52:12
TXN008405,CUST0808,25907.13,Healthcare,2026-04-06,0,HIGH,2026-06-10 20:52:12
TXN008406,CUST0295,48800.21,Food,2026-06-04,1,HIGH,2026-06-10 20:52:12
TXN008407,CUST0147,45137.62,Food,2026-01-04,0,HIGH,2026-06-10 20:52:12
TXN008408,CUST0758,7586.59,Food,2026-05-07,0,MEDIUM,2026-06-10 20:52:12
TXN008409,CUST0884,41548.66,Shopping,2026-03-30,0,HIGH,2026-06-10 20:52:12
TXN008410,CUST0990,27698.45,Healthcare,2026-05-29,0,HIGH,2026-06-10 20:52:12
TXN008411,CUST0466,3515.79,Shopping,2026-03-26,0,LOW,2026-06-10 20:52:12
TXN008412,CUST0178,5556.14,Food,2026-01-28,0,MEDIUM,2026-06-10 20:52:12
TXN008413,CUST0092,34956.47,Travel,2026-03-03,0,HIGH,2026-06-10 20:52:12
TXN008414,CUST0622,13123.03,Food,2026-02-25,0,HIGH,2026-06-10 20:52:12
TXN008415,CUST0769,32952.35,Shopping,2026-06-03,0,HIGH,2026-06-10 20:52:12
TXN008416,CUST0399,30481.47,Shopping,2026-04-21,0,HIGH,2026-06-10 20:52:12
TXN008417,CUST0329,14468.79,Shopping,2026-02-19,0,HIGH,2026-06-10 20:52:12
TXN008418,CUST0254,28363.49,Shopping,2026-04-01,0,HIGH,2026-06-10 20:52:12
TXN008419,CUST0839,40226.29,Travel,2026-02-08,0,HIGH,2026-06-10 20:52:12
TXN008420,CUST0264,6925.19,Travel,2026-03-01,0,MEDIUM,2026-06-10 20:52:12
TXN008421,CUST0428,34337.51,Shopping,2026-03-28,0,HIGH,2026-06-10 20:52:12
TXN008422,CUST0577,29063.92,Travel,2026-04-25,0,HIGH,2026-06-10 20:52:12
TXN008423,CUST0312,9058.16,Healthcare,2026-03-20,0,MEDIUM,2026-06-10 20:52:12
TXN008424,CUST0448,4648.44,Shopping,2026-01-22,0,LOW,2026-06-10 20:52:12
TXN008425,CUST0800,10012.5,Healthcare,2026-03-09,0,HIGH,2026-06-10 20:52:12
TXN008426,CUST0457,4185.98,Travel,2026-02-08,0,LOW,2026-06-10 20:52:12
TXN008427,CUST0230,47194.7,Shopping,2026-02-07,0,HIGH,2026-06-10 20:52:12
TXN008428,CUST0103,21102.01,Food,2026-06-01,0,HIGH,2026-06-10 20:52:12
TXN008429,CUST0957,1728.12,Shopping,2026-04-28,0,LOW,2026-06-10 20:52:12
TXN008430,CUST0937,4376.8,Food,2026-01-01,0,LOW,2026-06-10 20:52:12
TXN008431,CUST0594,9154.64,Shopping,2026-02-14,0,MEDIUM,2026-06-10 20:52:12
TXN008432,CUST0832,23957.77,Healthcare,2026-06-01,0,HIGH,2026-06-10 20:52:12
TXN008433,CUST0674,28956.68,Travel,2026-03-19,1,HIGH,2026-06-10 20:52:12
TXN008434,CUST0672,29497.31,Healthcare,2026-02-15,0,HIGH,2026-06-10 20:52:12
TXN008435,CUST0221,46731.2,Healthcare,2026-05-14,0,HIGH,2026-06-10 20:52:12
TXN008436,CUST0829,31537.4,Food,2026-04-06,0,HIGH,2026-06-10 20:52:12
TXN008437,CUST0980,47932.91,Travel,2026-05-13,0,HIGH,2026-06-10 20:52:12
TXN008438,CUST0208,19587.97,Travel,2026-03-14,0,HIGH,2026-06-10 20:52:12
TXN008439,CUST0128,33432.58,Healthcare,2026-04-24,0,HIGH,2026-06-10 20:52:12
TXN008440,CUST0346,29764.15,Food,2026-02-17,0,HIGH,2026-06-10 20:52:12
TXN008441,CUST0954,10972.24,Food,2026-01-28,0,HIGH,2026-06-10 20:52:12
TXN008442,CUST0317,21395.06,Travel,2026-05-17,0,HIGH,2026-06-10 20:52:12
TXN008443,CUST0329,47633.29,Food,2026-04-06,0,HIGH,2026-06-10 20:52:12
TXN008444,CUST0249,24243.38,Food,2026-05-24,0,HIGH,2026-06-10 20:52:12
TXN008445,CUST0511,12486.18,Healthcare,2026-06-09,0,HIGH,2026-06-10 20:52:12
TXN008446,CUST0706,47533.51,Travel,2026-04-02,0,HIGH,2026-06-10 20:52:12
TXN008447,CUST0154,24488.42,Healthcare,2026-03-14,0,HIGH,2026-06-10 20:52:12
TXN008448,CUST0668,20067.12,Shopping,2026-05-10,0,HIGH,2026-06-10 20:52:12
TXN008449,CUST0135,24199.59,Food,2026-05-19,1,HIGH,2026-06-10 20:52:12
TXN008450,CUST0774,31985.44,Travel,2026-05-24,0,HIGH,2026-06-10 20:52:12
TXN008451,CUST0262,24176.8,Food,2026-03-21,0,HIGH,2026-06-10 20:52:12
TXN008452,CUST0134,43956.99,Shopping,2026-05-23,0,HIGH,2026-06-10 20:52:12
TXN008453,CUST0917,45834.64,Shopping,2026-02-15,0,HIGH,2026-06-10 20:52:12
TXN008454,CUST0529,42481.01,Food,2026-05-22,0,HIGH,2026-06-10 20:52:12
TXN008455,CUST0261,30940.6,Travel,2026-02-15,0,HIGH,2026-06-10 20:52:12
TXN008456,CUST0142,11976.29,Food,2026-05-27,0,HIGH,2026-06-10 20:52:12
TXN008457,CUST0574,26690.85,Food,2026-04-07,1,HIGH,2026-06-10 20:52:12
TXN008458,CUST0249,27978.74,Shopping,2026-01-23,0,HIGH,2026-06-10 20:52:12
TXN008459,CUST0923,36929.57,Healthcare,2026-02-26,0,HIGH,2026-06-10 20:52:12
TXN008460,CUST0157,29710.22,Food,2026-04-26,0,HIGH,2026-06-10 20:52:12
TXN008461,CUST0189,10322.82,Travel,2026-03-06,0,HIGH,2026-06-10 20:52:12
TXN008462,CUST0088,14448.54,Food,2026-05-03,0,HIGH,2026-06-10 20:52:12
TXN008463,CUST0570,35818.58,Healthcare,2026-02-28,0,HIGH,2026-06-10 20:52:12
TXN008464,CUST0298,43520.29,Travel,2026-02-01,0,HIGH,2026-06-10 20:52:12
TXN008465,CUST0686,30313.7,Travel,2026-02-14,0,HIGH,2026-06-10 20:52:12
TXN008466,CUST0715,4000.72,Food,2026-02-24,1,LOW,2026-06-10 20:52:12
TXN008467,CUST0799,1162.48,Shopping,2026-05-04,0,LOW,2026-06-10 20:52:12
TXN008468,CUST0864,29906.35,Travel,2026-06-08,0,HIGH,2026-06-10 20:52:12
TXN008469,CUST0940,48569.52,Food,2026-01-17,0,HIGH,2026-06-10 20:52:12
TXN008470,CUST0916,18836.41,Food,2026-05-06,0,HIGH,2026-06-10 20:52:12
TXN008471,CUST0254,8472.99,Healthcare,2026-03-28,1,MEDIUM,2026-06-10 20:52:12
TXN008472,CUST0612,30886.56,Shopping,2026-03-31,0,HIGH,2026-06-10 20:52:12
TXN008473,CUST0684,28966.62,Shopping,2026-05-29,0,HIGH,2026-06-10 20:52:12
TXN008474,CUST0953,10514.67,Shopping,2026-01-24,0,HIGH,2026-06-10 20:52:12
TXN008475,CUST0042,18243.43,Travel,2026-04-01,0,HIGH,2026-06-10 20:52:12
TXN008476,CUST0400,34368.09,Travel,2026-03-23,0,HIGH,2026-06-10 20:52:12
TXN008477,CUST0087,19888.02,Healthcare,2026-04-19,0,HIGH,2026-06-10 20:52:12
TXN008478,CUST0530,25303.99,Shopping,2026-01-19,0,HIGH,2026-06-10 20:52:12
TXN008479,CUST0608,13016.85,Healthcare,2026-04-06,1,HIGH,2026-06-10 20:52:12
TXN008480,CUST0246,5340.96,Travel,2026-03-27,1,MEDIUM,2026-06-10 20:52:12
TXN008481,CUST0366,44041.91,Travel,2026-02-01,0,HIGH,2026-06-10 20:52:12
TXN008482,CUST0649,14952.66,Shopping,2026-01-20,0,HIGH,2026-06-10 20:52:12
TXN008483,CUST0137,40021.83,Travel,2026-03-30,0,HIGH,2026-06-10 20:52:12
TXN008484,CUST0437,7456.08,Healthcare,2026-02-05,0,MEDIUM,2026-06-10 20:52:12
TXN008485,CUST0496,10253.87,Healthcare,2026-05-20,0,HIGH,2026-06-10 20:52:12
TXN008486,CUST0758,45837.35,Shopping,2026-05-22,0,HIGH,2026-06-10 20:52:12
TXN008487,CUST0787,32138.56,Food,2026-04-13,0,HIGH,2026-06-10 20:52:12
TXN008488,CUST0644,34361.63,Shopping,2026-02-10,0,HIGH,2026-06-10 20:52:12
TXN008489,CUST0816,39875.65,Healthcare,2026-03-14,0,HIGH,2026-06-10 20:52:12
TXN008490,CUST0032,49855.64,Food,2026-03-27,0,HIGH,2026-06-10 20:52:12
TXN008491,CUST0712,41398.4,Healthcare,2026-03-14,0,HIGH,2026-06-10 20:52:12
TXN008492,CUST0053,20281.8,Travel,2026-03-22,0,HIGH,2026-06-10 20:52:12
TXN008493,CUST0874,11622.87,Shopping,2026-03-14,0,HIGH,2026-06-10 20:52:12
TXN008494,CUST0745,21041.31,Shopping,2026-02-10,0,HIGH,2026-06-10 20:52:12
TXN008495,CUST0828,30958.06,Healthcare,2026-02-07,0,HIGH,2026-06-10 20:52:12
TXN008496,CUST0322,23115.45,Shopping,2026-04-12,0,HIGH,2026-06-10 20:52:12
TXN008497,CUST0397,27095.38,Travel,2026-03-02,0,HIGH,2026-06-10 20:52:12
TXN008498,CUST0165,37388.6,Food,2026-04-20,0,HIGH,2026-06-10 20:52:12
TXN008499,CUST0526,32192.52,Healthcare,2026-01-26,0,HIGH,2026-06-10 20:52:12
TXN008500,CUST0146,28271.48,Travel,2026-05-16,0,HIGH,2026-06-10 20:52:12
TXN008501,CUST0462,40378.4,Travel,2026-01-17,0,HIGH,2026-06-10 20:52:12
TXN008502,CUST0015,9259.05,Travel,2026-03-27,0,MEDIUM,2026-06-10 20:52:12
TXN008503,CUST0765,43839.95,Food,2026-05-20,0,HIGH,2026-06-10 20:52:12
TXN008504,CUST0865,45410.74,Healthcare,2026-02-13,0,HIGH,2026-06-10 20:52:12
TXN008505,CUST0440,20828.43,Shopping,2026-05-02,0,HIGH,2026-06-10 20:52:12
TXN008506,CUST0436,15251.78,Food,2026-02-07,0,HIGH,2026-06-10 20:52:12
TXN008507,CUST0725,12631.64,Travel,2026-01-28,0,HIGH,2026-06-10 20:52:12
TXN008508,CUST0612,49933.7,Food,2026-03-28,0,HIGH,2026-06-10 20:52:12
TXN008509,CUST0085,27017.52,Shopping,2026-05-30,0,HIGH,2026-06-10 20:52:12
TXN008510,CUST0806,11833.29,Travel,2026-01-08,0,HIGH,2026-06-10 20:52:12
TXN008511,CUST0351,39512.18,Shopping,2026-03-04,0,HIGH,2026-06-10 20:52:12
TXN008512,CUST0646,7115.68,Travel,2026-05-30,0,MEDIUM,2026-06-10 20:52:12
TXN008513,CUST0997,24342.3,Shopping,2026-04-16,0,HIGH,2026-06-10 20:52:12
TXN008514,CUST0437,38495.93,Travel,2026-06-05,0,HIGH,2026-06-10 20:52:12
TXN008515,CUST0243,40628.97,Shopping,2026-02-06,0,HIGH,2026-06-10 20:52:12
TXN008516,CUST0359,30460.83,Food,2026-01-08,0,HIGH,2026-06-10 20:52:12
TXN008517,CUST0608,49029.68,Food,2026-04-24,0,HIGH,2026-06-10 20:52:12
TXN008518,CUST0477,40942.57,Travel,2026-01-27,0,HIGH,2026-06-10 20:52:12
TXN008519,CUST0037,41863.81,Healthcare,2026-02-02,0,HIGH,2026-06-10 20:52:12
TXN008520,CUST0483,31803.42,Travel,2026-04-16,0,HIGH,2026-06-10 20:52:12
TXN008521,CUST0054,13931.69,Food,2026-06-03,1,HIGH,2026-06-10 20:52:12
TXN008522,CUST0520,7349.6,Food,2026-05-16,0,MEDIUM,2026-06-10 20:52:12
TXN008523,CUST0528,9992.01,Food,2026-03-01,0,MEDIUM,2026-06-10 20:52:12
TXN008524,CUST0292,47214.17,Travel,2026-02-05,0,HIGH,2026-06-10 20:52:12
TXN008525,CUST0677,15260.0,Travel,2026-04-22,0,HIGH,2026-06-10 20:52:12
TXN008526,CUST0898,48171.05,Shopping,2026-01-11,0,HIGH,2026-06-10 20:52:12
TXN008527,CUST0915,20421.93,Food,2026-02-26,1,HIGH,2026-06-10 20:52:12
TXN008528,CUST0664,31219.51,Healthcare,2026-02-23,0,HIGH,2026-06-10 20:52:12
TXN008529,CUST0569,213.35,Healthcare,2026-02-28,0,LOW,2026-06-10 20:52:12
TXN008530,CUST0535,11017.63,Travel,2026-04-01,0,HIGH,2026-06-10 20:52:12
TXN008531,CUST0254,5499.32,Travel,2026-01-26,0,MEDIUM,2026-06-10 20:52:12
TXN008532,CUST0768,46753.83,Travel,2026-04-23,0,HIGH,2026-06-10 20:52:12
TXN008533,CUST0256,48479.75,Travel,2026-03-20,0,HIGH,2026-06-10 20:52:12
TXN008534,CUST0194,33249.26,Food,2026-05-06,0,HIGH,2026-06-10 20:52:12
TXN008535,CUST0551,31831.73,Healthcare,2026-06-09,0,HIGH,2026-06-10 20:52:12
TXN008536,CUST0901,26044.37,Travel,2026-01-09,0,HIGH,2026-06-10 20:52:12
TXN008537,CUST0671,43501.64,Food,2026-05-01,0,HIGH,2026-06-10 20:52:12
TXN008538,CUST0156,47565.49,Food,2026-04-04,0,HIGH,2026-06-10 20:52:12
TXN008539,CUST0344,32694.73,Travel,2026-05-23,0,HIGH,2026-06-10 20:52:12
TXN008540,CUST0265,46582.3,Food,2026-03-18,0,HIGH,2026-06-10 20:52:12
TXN008541,CUST0460,43339.87,Food,2026-02-15,1,HIGH,2026-06-10 20:52:12
TXN008542,CUST0911,49095.72,Shopping,2026-04-13,0,HIGH,2026-06-10 20:52:12
TXN008543,CUST0734,19209.72,Travel,2026-01-11,0,HIGH,2026-06-10 20:52:12
TXN008544,CUST0472,36378.94,Shopping,2026-02-03,0,HIGH,2026-06-10 20:52:12
TXN008545,CUST0779,37924.4,Travel,2026-05-27,0,HIGH,2026-06-10 20:52:12
TXN008546,CUST0705,36433.78,Travel,2026-03-14,0,HIGH,2026-06-10 20:52:12
TXN008547,CUST0551,23320.25,Travel,2026-03-25,0,HIGH,2026-06-10 20:52:12
TXN008548,CUST0622,16268.56,Shopping,2026-03-05,0,HIGH,2026-06-10 20:52:12
TXN008549,CUST0438,25593.36,Shopping,2026-04-16,0,HIGH,2026-06-10 20:52:12
TXN008550,CUST0624,20389.73,Food,2026-04-02,0,HIGH,2026-06-10 20:52:12
TXN008551,CUST0139,49391.03,Travel,2026-06-03,0,HIGH,2026-06-10 20:52:12
TXN008552,CUST0709,47178.33,Healthcare,2026-06-07,0,HIGH,2026-06-10 20:52:12
TXN008553,CUST0853,45777.32,Food,2026-02-19,0,HIGH,2026-06-10 20:52:12
TXN008554,CUST0676,28829.06,Shopping,2026-05-15,0,HIGH,2026-06-10 20:52:12
TXN008555,CUST0034,16258.44,Food,2026-04-22,0,HIGH,2026-06-10 20:52:12
TXN008556,CUST0019,6732.31,Healthcare,2026-02-08,0,MEDIUM,2026-06-10 20:52:12
TXN008557,CUST0102,40477.85,Healthcare,2026-06-08,0,HIGH,2026-06-10 20:52:12
TXN008558,CUST0309,38519.47,Travel,2026-04-03,0,HIGH,2026-06-10 20:52:12
TXN008559,CUST0215,16352.69,Shopping,2026-01-12,0,HIGH,2026-06-10 20:52:12
TXN008560,CUST0015,44431.19,Travel,2026-01-19,0,HIGH,2026-06-10 20:52:12
TXN008561,CUST0613,7423.7,Travel,2026-05-09,1,MEDIUM,2026-06-10 20:52:12
TXN008562,CUST0214,15816.85,Food,2026-05-08,0,HIGH,2026-06-10 20:52:12
TXN008563,CUST0563,48994.52,Shopping,2026-04-25,0,HIGH,2026-06-10 20:52:12
TXN008564,CUST0915,9100.42,Shopping,2026-03-13,0,MEDIUM,2026-06-10 20:52:12
TXN008565,CUST0218,27835.53,Food,2026-02-03,0,HIGH,2026-06-10 20:52:12
TXN008566,CUST0504,27562.15,Food,2026-05-06,0,HIGH,2026-06-10 20:52:12
TXN008567,CUST0795,10998.43,Food,2026-06-09,0,HIGH,2026-06-10 20:52:12
TXN008568,CUST0621,14399.57,Healthcare,2026-01-18,0,HIGH,2026-06-10 20:52:12
TXN008569,CUST0595,31202.8,Food,2026-01-20,0,HIGH,2026-06-10 20:52:12
TXN008570,CUST0818,36601.82,Food,2026-04-04,0,HIGH,2026-06-10 20:52:12
TXN008571,CUST0440,5196.92,Travel,2026-01-20,0,MEDIUM,2026-06-10 20:52:12
TXN008572,CUST0212,36227.01,Food,2026-02-28,0,HIGH,2026-06-10 20:52:12
TXN008573,CUST0745,17607.92,Travel,2026-03-24,0,HIGH,2026-06-10 20:52:12
TXN008574,CUST0730,35710.88,Food,2026-05-09,0,HIGH,2026-06-10 20:52:12
TXN008575,CUST0998,32467.26,Shopping,2026-05-17,0,HIGH,2026-06-10 20:52:12
TXN008576,CUST0139,32354.82,Healthcare,2026-04-20,0,HIGH,2026-06-10 20:52:12
TXN008577,CUST0425,13996.78,Shopping,2026-02-22,0,HIGH,2026-06-10 20:52:12
TXN008578,CUST0178,8586.44,Healthcare,2026-04-19,0,MEDIUM,2026-06-10 20:52:12
TXN008579,CUST0757,32731.33,Travel,2026-05-11,0,HIGH,2026-06-10 20:52:12
TXN008580,CUST0075,6632.57,Healthcare,2026-02-19,0,MEDIUM,2026-06-10 20:52:12
TXN008581,CUST0909,8866.65,Shopping,2026-01-16,0,MEDIUM,2026-06-10 20:52:12
TXN008582,CUST0675,34075.06,Healthcare,2026-04-20,0,HIGH,2026-06-10 20:52:12
TXN008583,CUST0367,34000.91,Shopping,2026-03-19,0,HIGH,2026-06-10 20:52:12
TXN008584,CUST0356,47726.28,Food,2026-05-23,1,HIGH,2026-06-10 20:52:12
TXN008585,CUST0617,14699.88,Shopping,2026-06-03,0,HIGH,2026-06-10 20:52:12
TXN008586,CUST0614,7965.25,Shopping,2026-06-09,0,MEDIUM,2026-06-10 20:52:12
TXN008587,CUST0280,37138.45,Travel,2026-05-05,0,HIGH,2026-06-10 20:52:12
TXN008588,CUST0385,10163.6,Travel,2026-02-08,0,HIGH,2026-06-10 20:52:12
TXN008589,CUST0168,4703.99,Travel,2026-04-26,0,LOW,2026-06-10 20:52:12
TXN008590,CUST0253,16642.4,Travel,2026-03-13,0,HIGH,2026-06-10 20:52:12
TXN008591,CUST0127,43423.5,Travel,2026-04-28,0,HIGH,2026-06-10 20:52:12
TXN008592,CUST0389,48916.17,Healthcare,2026-04-17,0,HIGH,2026-06-10 20:52:12
TXN008593,CUST0836,48673.12,Shopping,2026-03-20,0,HIGH,2026-06-10 20:52:12
TXN008594,CUST0319,9972.49,Healthcare,2026-05-25,0,MEDIUM,2026-06-10 20:52:12
TXN008595,CUST0425,33094.41,Travel,2026-03-27,0,HIGH,2026-06-10 20:52:12
TXN008596,CUST0226,18956.73,Shopping,2026-02-21,0,HIGH,2026-06-10 20:52:12
TXN008597,CUST0385,3666.79,Shopping,2026-03-02,0,LOW,2026-06-10 20:52:12
TXN008598,CUST0472,38075.4,Food,2026-05-09,0,HIGH,2026-06-10 20:52:12
TXN008599,CUST0352,30721.72,Travel,2026-02-05,0,HIGH,2026-06-10 20:52:12
TXN008600,CUST0518,13612.6,Healthcare,2026-03-28,0,HIGH,2026-06-10 20:52:12
TXN008601,CUST0435,33547.61,Healthcare,2026-03-23,0,HIGH,2026-06-10 20:52:12
TXN008602,CUST0057,33513.62,Travel,2026-01-01,0,HIGH,2026-06-10 20:52:12
TXN008603,CUST0597,48546.27,Healthcare,2026-03-08,0,HIGH,2026-06-10 20:52:12
TXN008604,CUST0638,17958.41,Shopping,2026-05-10,0,HIGH,2026-06-10 20:52:12
TXN008605,CUST0520,46368.52,Healthcare,2026-01-21,0,HIGH,2026-06-10 20:52:12
TXN008606,CUST0715,20700.9,Travel,2026-01-20,0,HIGH,2026-06-10 20:52:12
TXN008607,CUST0480,39355.68,Food,2026-03-26,0,HIGH,2026-06-10 20:52:12
TXN008608,CUST0987,30559.37,Travel,2026-02-12,0,HIGH,2026-06-10 20:52:12
TXN008609,CUST0508,21985.27,Food,2026-02-08,0,HIGH,2026-06-10 20:52:12
TXN008610,CUST0281,33736.16,Travel,2026-05-23,0,HIGH,2026-06-10 20:52:12
TXN008611,CUST0690,4654.52,Travel,2026-03-03,1,LOW,2026-06-10 20:52:12
TXN008612,CUST0156,8797.17,Food,2026-02-09,0,MEDIUM,2026-06-10 20:52:12
TXN008613,CUST0917,3672.81,Travel,2026-05-14,0,LOW,2026-06-10 20:52:12
TXN008614,CUST0001,35733.82,Travel,2026-04-19,0,HIGH,2026-06-10 20:52:12
TXN008615,CUST0024,32275.15,Food,2026-01-09,0,HIGH,2026-06-10 20:52:12
TXN008616,CUST0422,15088.64,Food,2026-01-31,0,HIGH,2026-06-10 20:52:12
TXN008617,CUST0102,14859.48,Food,2026-05-22,0,HIGH,2026-06-10 20:52:12
TXN008618,CUST0860,42050.51,Healthcare,2026-01-06,0,HIGH,2026-06-10 20:52:12
TXN008619,CUST0438,6616.6,Food,2026-03-15,0,MEDIUM,2026-06-10 20:52:12
TXN008620,CUST0012,14302.88,Travel,2026-05-06,0,HIGH,2026-06-10 20:52:12
TXN008621,CUST0842,34487.99,Healthcare,2026-01-21,0,HIGH,2026-06-10 20:52:12
TXN008622,CUST0916,4672.47,Food,2026-05-04,0,LOW,2026-06-10 20:52:12
TXN008623,CUST0431,12004.16,Food,2026-03-15,0,HIGH,2026-06-10 20:52:12
TXN008624,CUST0240,21870.27,Shopping,2026-02-15,0,HIGH,2026-06-10 20:52:12
TXN008625,CUST0888,31031.38,Healthcare,2026-02-26,0,HIGH,2026-06-10 20:52:12
TXN008626,CUST0986,7501.34,Shopping,2026-05-30,0,MEDIUM,2026-06-10 20:52:12
TXN008627,CUST0678,48860.86,Healthcare,2026-04-10,0,HIGH,2026-06-10 20:52:12
TXN008628,CUST0423,26465.18,Shopping,2026-02-04,0,HIGH,2026-06-10 20:52:12
TXN008629,CUST0991,27071.28,Healthcare,2026-03-04,0,HIGH,2026-06-10 20:52:12
TXN008630,CUST0313,43748.26,Shopping,2026-04-03,0,HIGH,2026-06-10 20:52:12
TXN008631,CUST0398,13309.79,Food,2026-03-07,0,HIGH,2026-06-10 20:52:12
TXN008632,CUST0970,41519.65,Shopping,2026-04-13,0,HIGH,2026-06-10 20:52:12
TXN008633,CUST0234,9377.09,Travel,2026-03-31,0,MEDIUM,2026-06-10 20:52:12
TXN008634,CUST0787,5367.77,Food,2026-05-25,0,MEDIUM,2026-06-10 20:52:12
TXN008635,CUST0159,46021.07,Food,2026-02-10,0,HIGH,2026-06-10 20:52:12
TXN008636,CUST0781,14016.62,Food,2026-01-13,0,HIGH,2026-06-10 20:52:12
TXN008637,CUST0125,5405.67,Shopping,2026-05-01,0,MEDIUM,2026-06-10 20:52:12
TXN008638,CUST0299,19377.1,Healthcare,2026-05-21,0,HIGH,2026-06-10 20:52:12
TXN008639,CUST0677,32786.01,Travel,2026-01-06,0,HIGH,2026-06-10 20:52:12
TXN008640,CUST0749,11249.15,Healthcare,2026-03-26,0,HIGH,2026-06-10 20:52:12
TXN008641,CUST0776,6754.85,Healthcare,2026-01-21,0,MEDIUM,2026-06-10 20:52:12
TXN008642,CUST0783,7574.18,Travel,2026-04-13,0,MEDIUM,2026-06-10 20:52:12
TXN008643,CUST0247,3547.76,Food,2026-04-14,0,LOW,2026-06-10 20:52:12
TXN008644,CUST0586,44496.84,Healthcare,2026-04-13,0,HIGH,2026-06-10 20:52:12
TXN008645,CUST0316,31573.26,Shopping,2026-04-19,0,HIGH,2026-06-10 20:52:12
TXN008646,CUST0925,28578.6,Food,2026-04-15,0,HIGH,2026-06-10 20:52:12
TXN008647,CUST0806,186.69,Shopping,2026-01-08,0,LOW,2026-06-10 20:52:12
TXN008648,CUST0111,42269.17,Healthcare,2026-05-24,0,HIGH,2026-06-10 20:52:12
TXN008649,CUST0157,8219.12,Travel,2026-01-22,0,MEDIUM,2026-06-10 20:52:12
TXN008650,CUST0106,740.87,Shopping,2026-04-09,0,LOW,2026-06-10 20:52:12
TXN008651,CUST0242,28224.12,Food,2026-01-30,0,HIGH,2026-06-10 20:52:12
TXN008652,CUST0750,5412.5,Healthcare,2026-04-16,0,MEDIUM,2026-06-10 20:52:12
TXN008653,CUST0077,32736.05,Food,2026-04-01,0,HIGH,2026-06-10 20:52:12
TXN008654,CUST0688,19221.23,Travel,2026-01-09,0,HIGH,2026-06-10 20:52:12
TXN008655,CUST0619,38945.85,Healthcare,2026-03-19,0,HIGH,2026-06-10 20:52:12
TXN008656,CUST0019,2437.64,Travel,2026-02-15,0,LOW,2026-06-10 20:52:12
TXN008657,CUST0734,49967.36,Healthcare,2026-05-17,0,HIGH,2026-06-10 20:52:12
TXN008658,CUST0805,42286.71,Healthcare,2026-02-19,0,HIGH,2026-06-10 20:52:12
TXN008659,CUST0222,3558.37,Shopping,2026-04-10,0,LOW,2026-06-10 20:52:12
TXN008660,CUST0397,40434.91,Food,2026-05-22,0,HIGH,2026-06-10 20:52:12
TXN008661,CUST0636,34634.18,Food,2026-01-12,0,HIGH,2026-06-10 20:52:12
TXN008662,CUST0537,34519.02,Healthcare,2026-03-29,0,HIGH,2026-06-10 20:52:12
TXN008663,CUST0177,31170.73,Travel,2026-05-29,0,HIGH,2026-06-10 20:52:12
TXN008664,CUST0198,5841.45,Healthcare,2026-01-26,0,MEDIUM,2026-06-10 20:52:12
TXN008665,CUST0057,45833.36,Shopping,2026-02-22,0,HIGH,2026-06-10 20:52:12
TXN008666,CUST0979,14387.78,Shopping,2026-05-20,0,HIGH,2026-06-10 20:52:12
TXN008667,CUST0546,45546.02,Healthcare,2026-01-13,0,HIGH,2026-06-10 20:52:12
TXN008668,CUST0752,36456.39,Healthcare,2026-04-06,0,HIGH,2026-06-10 20:52:12
TXN008669,CUST0304,28404.07,Healthcare,2026-03-18,0,HIGH,2026-06-10 20:52:12
TXN008670,CUST0856,43457.21,Shopping,2026-02-02,0,HIGH,2026-06-10 20:52:12
TXN008671,CUST0655,1831.71,Shopping,2026-06-09,0,LOW,2026-06-10 20:52:12
TXN008672,CUST0302,42398.0,Shopping,2026-03-14,0,HIGH,2026-06-10 20:52:12
TXN008673,CUST0908,24331.75,Food,2026-03-08,0,HIGH,2026-06-10 20:52:12
TXN008674,CUST0857,8103.89,Shopping,2026-02-24,0,MEDIUM,2026-06-10 20:52:12
TXN008675,CUST0237,17939.3,Travel,2026-04-21,1,HIGH,2026-06-10 20:52:12
TXN008676,CUST0752,38338.59,Food,2026-06-07,0,HIGH,2026-06-10 20:52:12
TXN008677,CUST0669,40050.62,Healthcare,2026-02-08,0,HIGH,2026-06-10 20:52:12
TXN008678,CUST0625,37277.96,Travel,2026-01-02,0,HIGH,2026-06-10 20:52:12
TXN008679,CUST0037,13416.43,Food,2026-04-20,0,HIGH,2026-06-10 20:52:12
TXN008680,CUST0214,32853.9,Healthcare,2026-03-22,0,HIGH,2026-06-10 20:52:12
TXN008681,CUST0832,36265.36,Shopping,2026-01-19,0,HIGH,2026-06-10 20:52:12
TXN008682,CUST0277,28764.07,Food,2026-06-05,0,HIGH,2026-06-10 20:52:12
TXN008683,CUST0908,38015.58,Healthcare,2026-01-28,0,HIGH,2026-06-10 20:52:12
TXN008684,CUST0944,804.39,Healthcare,2026-01-06,0,LOW,2026-06-10 20:52:12
TXN008685,CUST0542,46067.0,Shopping,2026-03-31,0,HIGH,2026-06-10 20:52:12
TXN008686,CUST0144,10986.36,Travel,2026-05-27,0,HIGH,2026-06-10 20:52:12
TXN008687,CUST0370,32617.16,Shopping,2026-03-25,0,HIGH,2026-06-10 20:52:12
TXN008688,CUST0314,2739.29,Shopping,2026-03-14,0,LOW,2026-06-10 20:52:12
TXN008689,CUST0436,9004.16,Travel,2026-04-18,0,MEDIUM,2026-06-10 20:52:12
TXN008690,CUST0342,3090.23,Shopping,2026-02-10,0,LOW,2026-06-10 20:52:12
TXN008691,CUST0794,46082.12,Travel,2026-05-18,0,HIGH,2026-06-10 20:52:12
TXN008692,CUST0131,18602.27,Food,2026-03-24,0,HIGH,2026-06-10 20:52:12
TXN008693,CUST0254,24501.62,Shopping,2026-02-11,0,HIGH,2026-06-10 20:52:12
TXN008694,CUST0252,46025.95,Food,2026-04-03,0,HIGH,2026-06-10 20:52:12
TXN008695,CUST0606,26376.68,Food,2026-01-09,0,HIGH,2026-06-10 20:52:12
TXN008696,CUST0353,11065.91,Food,2026-04-11,0,HIGH,2026-06-10 20:52:12
TXN008697,CUST0743,13088.59,Travel,2026-05-19,0,HIGH,2026-06-10 20:52:12
TXN008698,CUST0078,15035.03,Food,2026-01-11,0,HIGH,2026-06-10 20:52:12
TXN008699,CUST0512,34064.29,Shopping,2026-05-13,0,HIGH,2026-06-10 20:52:12
TXN008700,CUST0365,5097.14,Shopping,2026-02-20,0,MEDIUM,2026-06-10 20:52:12
TXN008701,CUST0377,44033.74,Shopping,2026-05-18,0,HIGH,2026-06-10 20:52:12
TXN008702,CUST0742,4429.97,Healthcare,2026-01-27,0,LOW,2026-06-10 20:52:12
TXN008703,CUST0570,16500.68,Travel,2026-01-18,0,HIGH,2026-06-10 20:52:12
TXN008704,CUST0281,13135.74,Food,2026-01-21,0,HIGH,2026-06-10 20:52:12
TXN008705,CUST0438,38837.63,Shopping,2026-02-24,1,HIGH,2026-06-10 20:52:12
TXN008706,CUST0710,45621.85,Travel,2026-05-08,0,HIGH,2026-06-10 20:52:12
TXN008707,CUST0255,30806.68,Travel,2026-01-10,0,HIGH,2026-06-10 20:52:12
TXN008708,CUST0510,4837.24,Healthcare,2026-04-04,0,LOW,2026-06-10 20:52:12
TXN008709,CUST0214,24279.61,Healthcare,2026-06-09,0,HIGH,2026-06-10 20:52:12
TXN008710,CUST0476,938.02,Healthcare,2026-05-18,0,LOW,2026-06-10 20:52:12
TXN008711,CUST0739,39201.33,Travel,2026-02-17,0,HIGH,2026-06-10 20:52:12
TXN008712,CUST0226,40249.45,Shopping,2026-03-23,0,HIGH,2026-06-10 20:52:12
TXN008713,CUST0168,35052.45,Food,2026-06-01,0,HIGH,2026-06-10 20:52:12
TXN008714,CUST0229,8034.89,Healthcare,2026-02-14,0,MEDIUM,2026-06-10 20:52:12
TXN008715,CUST0200,13601.56,Healthcare,2026-02-02,0,HIGH,2026-06-10 20:52:12
TXN008716,CUST0420,29720.25,Travel,2026-04-23,0,HIGH,2026-06-10 20:52:12
TXN008717,CUST0761,14342.36,Shopping,2026-01-26,0,HIGH,2026-06-10 20:52:12
TXN008718,CUST0272,46031.18,Food,2026-03-12,0,HIGH,2026-06-10 20:52:12
TXN008719,CUST0124,49879.6,Healthcare,2026-03-06,0,HIGH,2026-06-10 20:52:12
TXN008720,CUST0112,49004.82,Travel,2026-04-22,0,HIGH,2026-06-10 20:52:12
TXN008721,CUST0924,4770.91,Shopping,2026-03-30,0,LOW,2026-06-10 20:52:12
TXN008722,CUST0227,18747.11,Food,2026-05-08,0,HIGH,2026-06-10 20:52:12
TXN008723,CUST0897,44402.5,Healthcare,2026-05-06,0,HIGH,2026-06-10 20:52:12
TXN008724,CUST0735,35217.81,Travel,2026-04-07,0,HIGH,2026-06-10 20:52:12
TXN008725,CUST0829,14383.38,Travel,2026-01-14,0,HIGH,2026-06-10 20:52:12
TXN008726,CUST0568,47690.89,Food,2026-05-01,0,HIGH,2026-06-10 20:52:12
TXN008727,CUST0667,5493.62,Food,2026-02-06,0,MEDIUM,2026-06-10 20:52:12
TXN008728,CUST0869,15837.72,Travel,2026-03-29,0,HIGH,2026-06-10 20:52:12
TXN008729,CUST0623,8122.29,Travel,2026-04-10,0,MEDIUM,2026-06-10 20:52:12
TXN008730,CUST0832,38255.55,Travel,2026-01-07,0,HIGH,2026-06-10 20:52:12
TXN008731,CUST0002,46860.43,Travel,2026-01-06,0,HIGH,2026-06-10 20:52:12
TXN008732,CUST0849,10633.87,Food,2026-05-17,0,HIGH,2026-06-10 20:52:12
TXN008733,CUST0445,24176.2,Food,2026-03-01,0,HIGH,2026-06-10 20:52:12
TXN008734,CUST0016,12131.47,Healthcare,2026-02-12,0,HIGH,2026-06-10 20:52:12
TXN008735,CUST0167,38139.42,Food,2026-05-14,0,HIGH,2026-06-10 20:52:12
TXN008736,CUST0801,7349.49,Shopping,2026-05-14,0,MEDIUM,2026-06-10 20:52:12
TXN008737,CUST0591,10067.24,Food,2026-05-20,0,HIGH,2026-06-10 20:52:12
TXN008738,CUST0259,28394.9,Food,2026-02-27,1,HIGH,2026-06-10 20:52:12
TXN008739,CUST0090,46234.47,Healthcare,2026-02-08,0,HIGH,2026-06-10 20:52:12
TXN008740,CUST0311,26788.93,Shopping,2026-01-20,0,HIGH,2026-06-10 20:52:12
TXN008741,CUST0793,37027.41,Travel,2026-06-08,0,HIGH,2026-06-10 20:52:12
TXN008742,CUST0813,1828.89,Shopping,2026-03-01,0,LOW,2026-06-10 20:52:12
TXN008743,CUST0232,13930.41,Healthcare,2026-04-26,0,HIGH,2026-06-10 20:52:12
TXN008744,CUST0064,2192.98,Healthcare,2026-05-16,0,LOW,2026-06-10 20:52:12
TXN008745,CUST0216,16843.57,Healthcare,2026-03-26,0,HIGH,2026-06-10 20:52:12
TXN008746,CUST0843,48686.21,Travel,2026-01-22,1,HIGH,2026-06-10 20:52:12
TXN008747,CUST0518,28403.96,Shopping,2026-03-04,0,HIGH,2026-06-10 20:52:12
TXN008748,CUST0106,28772.88,Healthcare,2026-05-09,0,HIGH,2026-06-10 20:52:12
TXN008749,CUST0983,21315.35,Healthcare,2026-05-15,0,HIGH,2026-06-10 20:52:12
TXN008750,CUST0219,15772.16,Healthcare,2026-04-04,0,HIGH,2026-06-10 20:52:12
TXN008751,CUST0389,25398.78,Healthcare,2026-04-24,0,HIGH,2026-06-10 20:52:12
TXN008752,CUST0021,35965.79,Travel,2026-03-23,0,HIGH,2026-06-10 20:52:12
TXN008753,CUST0013,2704.91,Food,2026-06-03,0,LOW,2026-06-10 20:52:12
TXN008754,CUST0297,27404.66,Food,2026-01-10,0,HIGH,2026-06-10 20:52:12
TXN008755,CUST0646,19737.99,Travel,2026-02-14,0,HIGH,2026-06-10 20:52:12
TXN008756,CUST0651,11861.92,Travel,2026-01-01,0,HIGH,2026-06-10 20:52:12
TXN008757,CUST0197,32469.47,Shopping,2026-01-22,0,HIGH,2026-06-10 20:52:12
TXN008758,CUST0732,46824.5,Travel,2026-05-23,0,HIGH,2026-06-10 20:52:12
TXN008759,CUST0582,11635.48,Food,2026-05-23,1,HIGH,2026-06-10 20:52:12
TXN008760,CUST0886,47138.29,Food,2026-03-09,0,HIGH,2026-06-10 20:52:12
TXN008761,CUST0890,13274.51,Food,2026-06-05,0,HIGH,2026-06-10 20:52:12
TXN008762,CUST0199,21820.5,Healthcare,2026-02-19,0,HIGH,2026-06-10 20:52:12
TXN008763,CUST0034,33991.91,Travel,2026-06-03,1,HIGH,2026-06-10 20:52:12
TXN008764,CUST0230,43168.0,Healthcare,2026-01-09,0,HIGH,2026-06-10 20:52:12
TXN008765,CUST0444,44612.28,Food,2026-04-25,0,HIGH,2026-06-10 20:52:12
TXN008766,CUST0594,48767.2,Healthcare,2026-05-08,0,HIGH,2026-06-10 20:52:12
TXN008767,CUST0863,25085.12,Food,2026-02-08,0,HIGH,2026-06-10 20:52:12
TXN008768,CUST0785,32103.25,Healthcare,2026-01-09,0,HIGH,2026-06-10 20:52:12
TXN008769,CUST0201,9367.95,Travel,2026-03-02,0,MEDIUM,2026-06-10 20:52:12
TXN008770,CUST0542,29163.96,Food,2026-02-08,0,HIGH,2026-06-10 20:52:12
TXN008771,CUST0916,40986.29,Healthcare,2026-05-12,1,HIGH,2026-06-10 20:52:12
TXN008772,CUST0617,33822.59,Travel,2026-02-13,0,HIGH,2026-06-10 20:52:12
TXN008773,CUST0243,39827.67,Healthcare,2026-01-04,1,HIGH,2026-06-10 20:52:12
TXN008774,CUST0544,18690.76,Healthcare,2026-02-26,0,HIGH,2026-06-10 20:52:12
TXN008775,CUST0548,2815.76,Shopping,2026-01-15,0,LOW,2026-06-10 20:52:12
TXN008776,CUST0878,43655.61,Healthcare,2026-01-14,0,HIGH,2026-06-10 20:52:12
TXN008777,CUST0151,18113.78,Healthcare,2026-01-20,0,HIGH,2026-06-10 20:52:12
TXN008778,CUST0004,46615.09,Food,2026-03-22,0,HIGH,2026-06-10 20:52:12
TXN008779,CUST0763,47081.45,Shopping,2026-01-02,0,HIGH,2026-06-10 20:52:12
TXN008780,CUST0262,14272.2,Healthcare,2026-04-09,0,HIGH,2026-06-10 20:52:12
TXN008781,CUST0959,30946.11,Healthcare,2026-01-04,0,HIGH,2026-06-10 20:52:12
TXN008782,CUST0623,39296.76,Travel,2026-01-17,0,HIGH,2026-06-10 20:52:12
TXN008783,CUST0200,5094.11,Healthcare,2026-02-24,0,MEDIUM,2026-06-10 20:52:12
TXN008784,CUST0445,49059.34,Food,2026-03-25,0,HIGH,2026-06-10 20:52:12
TXN008785,CUST0021,26745.23,Shopping,2026-03-18,0,HIGH,2026-06-10 20:52:12
TXN008786,CUST0676,42025.75,Healthcare,2026-03-02,0,HIGH,2026-06-10 20:52:12
TXN008787,CUST0639,34366.71,Travel,2026-05-10,0,HIGH,2026-06-10 20:52:12
TXN008788,CUST0654,38295.44,Travel,2026-03-08,0,HIGH,2026-06-10 20:52:12
TXN008789,CUST0422,46019.47,Food,2026-01-24,0,HIGH,2026-06-10 20:52:12
TXN008790,CUST0587,44929.2,Shopping,2026-05-24,0,HIGH,2026-06-10 20:52:12
TXN008791,CUST0721,42361.46,Travel,2026-01-29,0,HIGH,2026-06-10 20:52:12
TXN008792,CUST0335,12937.66,Travel,2026-03-09,0,HIGH,2026-06-10 20:52:12
TXN008793,CUST0707,15403.77,Shopping,2026-03-06,0,HIGH,2026-06-10 20:52:12
TXN008794,CUST0790,212.59,Travel,2026-03-01,0,LOW,2026-06-10 20:52:12
TXN008795,CUST0683,46484.18,Shopping,2026-04-15,0,HIGH,2026-06-10 20:52:12
TXN008796,CUST0901,8249.76,Travel,2026-04-24,0,MEDIUM,2026-06-10 20:52:12
TXN008797,CUST0955,20410.31,Shopping,2026-05-07,0,HIGH,2026-06-10 20:52:12
TXN008798,CUST0027,777.42,Shopping,2026-05-21,0,LOW,2026-06-10 20:52:12
TXN008799,CUST0496,48240.54,Food,2026-01-09,0,HIGH,2026-06-10 20:52:12
TXN008800,CUST0831,42104.0,Food,2026-04-07,0,HIGH,2026-06-10 20:52:12
TXN008801,CUST0036,4893.68,Food,2026-02-04,0,LOW,2026-06-10 20:52:12
TXN008802,CUST0268,33770.27,Food,2026-03-10,0,HIGH,2026-06-10 20:52:12
TXN008803,CUST0800,42510.57,Food,2026-03-29,0,HIGH,2026-06-10 20:52:12
TXN008804,CUST0658,48459.37,Healthcare,2026-04-08,0,HIGH,2026-06-10 20:52:12
TXN008805,CUST0571,36.23,Healthcare,2026-04-09,0,LOW,2026-06-10 20:52:12
TXN008806,CUST0111,8459.07,Healthcare,2026-01-02,0,MEDIUM,2026-06-10 20:52:12
TXN008807,CUST0462,21480.78,Healthcare,2026-05-19,0,HIGH,2026-06-10 20:52:12
TXN008808,CUST0520,31082.94,Shopping,2026-02-13,0,HIGH,2026-06-10 20:52:12
TXN008809,CUST0562,49556.7,Food,2026-01-27,0,HIGH,2026-06-10 20:52:12
TXN008810,CUST0365,35492.61,Food,2026-03-03,0,HIGH,2026-06-10 20:52:12
TXN008811,CUST0673,45186.85,Shopping,2026-04-04,0,HIGH,2026-06-10 20:52:12
TXN008812,CUST0878,37404.72,Healthcare,2026-01-04,0,HIGH,2026-06-10 20:52:12
TXN008813,CUST0313,30875.46,Healthcare,2026-01-08,0,HIGH,2026-06-10 20:52:12
TXN008814,CUST0929,13893.55,Healthcare,2026-04-09,1,HIGH,2026-06-10 20:52:12
TXN008815,CUST0454,15918.93,Travel,2026-02-07,1,HIGH,2026-06-10 20:52:12
TXN008816,CUST0762,41405.68,Shopping,2026-01-23,0,HIGH,2026-06-10 20:52:12
TXN008817,CUST0807,24033.08,Travel,2026-03-02,0,HIGH,2026-06-10 20:52:12
TXN008818,CUST0667,19396.22,Healthcare,2026-01-10,0,HIGH,2026-06-10 20:52:12
TXN008819,CUST0041,48203.16,Travel,2026-05-29,0,HIGH,2026-06-10 20:52:12
TXN008820,CUST0993,17550.43,Travel,2026-05-08,0,HIGH,2026-06-10 20:52:12
TXN008821,CUST0606,13543.26,Shopping,2026-02-22,0,HIGH,2026-06-10 20:52:12
TXN008822,CUST0018,36396.72,Food,2026-02-11,0,HIGH,2026-06-10 20:52:12
TXN008823,CUST0281,35205.79,Travel,2026-05-03,0,HIGH,2026-06-10 20:52:12
TXN008824,CUST0991,42761.58,Food,2026-01-02,0,HIGH,2026-06-10 20:52:12
TXN008825,CUST0733,20344.96,Shopping,2026-05-11,0,HIGH,2026-06-10 20:52:12
TXN008826,CUST0336,5217.79,Healthcare,2026-02-24,0,MEDIUM,2026-06-10 20:52:12
TXN008827,CUST0521,19661.99,Food,2026-03-30,0,HIGH,2026-06-10 20:52:12
TXN008828,CUST0601,41699.56,Shopping,2026-05-17,1,HIGH,2026-06-10 20:52:12
TXN008829,CUST0064,28581.96,Food,2026-05-23,0,HIGH,2026-06-10 20:52:12
TXN008830,CUST0304,36045.78,Food,2026-01-05,0,HIGH,2026-06-10 20:52:12
TXN008831,CUST0196,26853.09,Shopping,2026-02-20,0,HIGH,2026-06-10 20:52:12
TXN008832,CUST0351,12725.62,Travel,2026-05-05,0,HIGH,2026-06-10 20:52:12
TXN008833,CUST0765,29240.52,Food,2026-05-08,0,HIGH,2026-06-10 20:52:12
TXN008834,CUST0139,31627.57,Shopping,2026-04-01,0,HIGH,2026-06-10 20:52:12
TXN008835,CUST0139,5742.4,Food,2026-06-07,0,MEDIUM,2026-06-10 20:52:12
TXN008836,CUST0867,47051.92,Food,2026-01-05,0,HIGH,2026-06-10 20:52:12
TXN008837,CUST0414,37553.33,Travel,2026-02-11,0,HIGH,2026-06-10 20:52:12
TXN008838,CUST0571,12707.6,Shopping,2026-01-20,0,HIGH,2026-06-10 20:52:12
TXN008839,CUST0391,33800.03,Healthcare,2026-02-15,0,HIGH,2026-06-10 20:52:12
TXN008840,CUST0090,20458.17,Shopping,2026-03-08,0,HIGH,2026-06-10 20:52:12
TXN008841,CUST0742,4640.41,Food,2026-02-21,0,LOW,2026-06-10 20:52:12
TXN008842,CUST0876,24319.62,Healthcare,2026-02-13,0,HIGH,2026-06-10 20:52:12
TXN008843,CUST0140,14547.15,Shopping,2026-02-02,0,HIGH,2026-06-10 20:52:12
TXN008844,CUST0377,4543.41,Healthcare,2026-04-01,0,LOW,2026-06-10 20:52:12
TXN008845,CUST0572,37083.22,Shopping,2026-05-02,0,HIGH,2026-06-10 20:52:12
TXN008846,CUST0495,18476.88,Healthcare,2026-01-04,0,HIGH,2026-06-10 20:52:12
TXN008847,CUST0709,25538.53,Food,2026-04-06,0,HIGH,2026-06-10 20:52:12
TXN008848,CUST0832,2576.31,Travel,2026-01-11,0,LOW,2026-06-10 20:52:12
TXN008849,CUST0086,8665.79,Food,2026-04-05,0,MEDIUM,2026-06-10 20:52:12
TXN008850,CUST0489,30472.71,Travel,2026-03-17,0,HIGH,2026-06-10 20:52:12
TXN008851,CUST0626,49546.06,Food,2026-03-11,0,HIGH,2026-06-10 20:52:12
TXN008852,CUST0740,33464.24,Food,2026-03-18,1,HIGH,2026-06-10 20:52:12
TXN008853,CUST0188,23796.51,Healthcare,2026-04-04,0,HIGH,2026-06-10 20:52:12
TXN008854,CUST0176,31432.71,Travel,2026-02-10,1,HIGH,2026-06-10 20:52:12
TXN008855,CUST0518,35104.18,Food,2026-05-13,0,HIGH,2026-06-10 20:52:12
TXN008856,CUST0924,19653.74,Food,2026-03-01,0,HIGH,2026-06-10 20:52:12
TXN008857,CUST0703,42611.53,Food,2026-02-05,0,HIGH,2026-06-10 20:52:12
TXN008858,CUST0711,27450.29,Shopping,2026-05-11,0,HIGH,2026-06-10 20:52:12
TXN008859,CUST0699,23107.25,Shopping,2026-03-16,0,HIGH,2026-06-10 20:52:12
TXN008860,CUST0623,5105.36,Travel,2026-03-18,0,MEDIUM,2026-06-10 20:52:12
TXN008861,CUST0761,40551.67,Food,2026-05-22,1,HIGH,2026-06-10 20:52:12
TXN008862,CUST0805,31063.81,Healthcare,2026-01-22,0,HIGH,2026-06-10 20:52:12
TXN008863,CUST0768,9108.24,Food,2026-06-06,0,MEDIUM,2026-06-10 20:52:12
TXN008864,CUST0421,16276.81,Travel,2026-02-13,0,HIGH,2026-06-10 20:52:12
TXN008865,CUST0675,16071.68,Travel,2026-05-02,0,HIGH,2026-06-10 20:52:12
TXN008866,CUST0275,47336.36,Shopping,2026-01-14,0,HIGH,2026-06-10 20:52:12
TXN008867,CUST0802,11640.88,Healthcare,2026-01-07,0,HIGH,2026-06-10 20:52:12
TXN008868,CUST0227,44658.86,Healthcare,2026-05-12,0,HIGH,2026-06-10 20:52:12
TXN008869,CUST0780,45678.08,Healthcare,2026-01-06,0,HIGH,2026-06-10 20:52:12
TXN008870,CUST0294,9594.14,Travel,2026-04-13,0,MEDIUM,2026-06-10 20:52:12
TXN008871,CUST0866,48953.93,Shopping,2026-04-08,0,HIGH,2026-06-10 20:52:12
TXN008872,CUST0780,24947.12,Travel,2026-04-18,0,HIGH,2026-06-10 20:52:12
TXN008873,CUST0775,18596.06,Shopping,2026-02-22,0,HIGH,2026-06-10 20:52:12
TXN008874,CUST0855,23598.78,Food,2026-02-28,0,HIGH,2026-06-10 20:52:12
TXN008875,CUST0622,13019.43,Shopping,2026-03-15,0,HIGH,2026-06-10 20:52:12
TXN008876,CUST0077,6188.28,Food,2026-04-25,0,MEDIUM,2026-06-10 20:52:12
TXN008877,CUST0342,19878.4,Food,2026-05-30,0,HIGH,2026-06-10 20:52:12
TXN008878,CUST0380,10084.09,Healthcare,2026-04-08,0,HIGH,2026-06-10 20:52:12
TXN008879,CUST0421,42737.87,Food,2026-04-24,1,HIGH,2026-06-10 20:52:12
TXN008880,CUST0777,39653.08,Healthcare,2026-03-18,0,HIGH,2026-06-10 20:52:12
TXN008881,CUST0051,17018.35,Healthcare,2026-05-17,0,HIGH,2026-06-10 20:52:12
TXN008882,CUST0131,49258.85,Shopping,2026-02-04,0,HIGH,2026-06-10 20:52:12
TXN008883,CUST0166,28790.12,Shopping,2026-01-20,0,HIGH,2026-06-10 20:52:12
TXN008884,CUST0668,26159.89,Shopping,2026-04-07,0,HIGH,2026-06-10 20:52:12
TXN008885,CUST0509,19909.45,Food,2026-05-29,0,HIGH,2026-06-10 20:52:12
TXN008886,CUST0256,5777.83,Food,2026-02-01,0,MEDIUM,2026-06-10 20:52:12
TXN008887,CUST0851,43670.39,Travel,2026-02-26,0,HIGH,2026-06-10 20:52:12
TXN008888,CUST0783,24000.9,Food,2026-04-12,0,HIGH,2026-06-10 20:52:12
TXN008889,CUST0343,2380.19,Shopping,2026-06-01,0,LOW,2026-06-10 20:52:12
TXN008890,CUST0690,45142.77,Travel,2026-05-13,0,HIGH,2026-06-10 20:52:12
TXN008891,CUST0861,11113.62,Shopping,2026-04-09,0,HIGH,2026-06-10 20:52:12
TXN008892,CUST0419,41445.16,Shopping,2026-02-03,0,HIGH,2026-06-10 20:52:12
TXN008893,CUST0996,40303.39,Food,2026-02-24,0,HIGH,2026-06-10 20:52:12
TXN008894,CUST0732,14775.34,Food,2026-01-26,0,HIGH,2026-06-10 20:52:12
TXN008895,CUST0752,42816.48,Shopping,2026-05-24,1,HIGH,2026-06-10 20:52:12
TXN008896,CUST0360,19978.44,Shopping,2026-01-21,0,HIGH,2026-06-10 20:52:12
TXN008897,CUST0478,9725.55,Shopping,2026-03-22,0,MEDIUM,2026-06-10 20:52:12
TXN008898,CUST0022,38811.86,Healthcare,2026-06-07,0,HIGH,2026-06-10 20:52:12
TXN008899,CUST0137,17842.32,Food,2026-02-20,0,HIGH,2026-06-10 20:52:12
TXN008900,CUST0386,2799.79,Healthcare,2026-06-06,0,LOW,2026-06-10 20:52:12
TXN008901,CUST0081,28596.41,Travel,2026-02-15,0,HIGH,2026-06-10 20:52:12
TXN008902,CUST0813,12553.38,Shopping,2026-05-20,0,HIGH,2026-06-10 20:52:12
TXN008903,CUST0325,28197.97,Travel,2026-02-11,1,HIGH,2026-06-10 20:52:12
TXN008904,CUST0503,23415.16,Shopping,2026-05-20,0,HIGH,2026-06-10 20:52:12
TXN008905,CUST0616,204.59,Healthcare,2026-02-21,0,LOW,2026-06-10 20:52:12
TXN008906,CUST0426,16311.98,Travel,2026-05-27,0,HIGH,2026-06-10 20:52:12
TXN008907,CUST0471,44356.47,Food,2026-05-21,0,HIGH,2026-06-10 20:52:12
TXN008908,CUST0279,4778.37,Shopping,2026-02-01,0,LOW,2026-06-10 20:52:12
TXN008909,CUST0966,23280.92,Travel,2026-04-07,0,HIGH,2026-06-10 20:52:12
TXN008910,CUST0698,45511.48,Shopping,2026-05-05,0,HIGH,2026-06-10 20:52:12
TXN008911,CUST0852,2152.75,Shopping,2026-04-15,0,LOW,2026-06-10 20:52:12
TXN008912,CUST0397,26370.26,Shopping,2026-05-03,0,HIGH,2026-06-10 20:52:12
TXN008913,CUST0332,2250.12,Travel,2026-04-22,0,LOW,2026-06-10 20:52:12
TXN008914,CUST0120,40550.52,Shopping,2026-01-30,0,HIGH,2026-06-10 20:52:12
TXN008915,CUST0456,44674.03,Healthcare,2026-05-08,0,HIGH,2026-06-10 20:52:12
TXN008916,CUST0226,37310.88,Travel,2026-06-08,0,HIGH,2026-06-10 20:52:12
TXN008917,CUST0212,7625.73,Travel,2026-02-16,0,MEDIUM,2026-06-10 20:52:12
TXN008918,CUST0293,5252.3,Travel,2026-04-20,0,MEDIUM,2026-06-10 20:52:12
TXN008919,CUST0861,6517.83,Healthcare,2026-03-26,0,MEDIUM,2026-06-10 20:52:12
TXN008920,CUST0949,3966.54,Shopping,2026-02-12,0,LOW,2026-06-10 20:52:12
TXN008921,CUST0965,35231.58,Healthcare,2026-05-10,0,HIGH,2026-06-10 20:52:12
TXN008922,CUST0557,15909.15,Food,2026-01-13,0,HIGH,2026-06-10 20:52:12
TXN008923,CUST0829,13792.98,Food,2026-05-24,0,HIGH,2026-06-10 20:52:12
TXN008924,CUST0581,46518.06,Shopping,2026-01-16,0,HIGH,2026-06-10 20:52:12
TXN008925,CUST0743,31716.07,Food,2026-03-21,0,HIGH,2026-06-10 20:52:12
TXN008926,CUST0014,5426.67,Food,2026-02-27,0,MEDIUM,2026-06-10 20:52:12
TXN008927,CUST0947,2779.44,Food,2026-02-20,0,LOW,2026-06-10 20:52:12
TXN008928,CUST0917,11179.08,Food,2026-05-19,0,HIGH,2026-06-10 20:52:12
TXN008929,CUST0668,44864.38,Travel,2026-06-04,0,HIGH,2026-06-10 20:52:12
TXN008930,CUST0822,32937.78,Healthcare,2026-03-14,0,HIGH,2026-06-10 20:52:12
TXN008931,CUST0909,13882.66,Travel,2026-04-23,0,HIGH,2026-06-10 20:52:12
TXN008932,CUST0471,34776.52,Travel,2026-02-05,0,HIGH,2026-06-10 20:52:12
TXN008933,CUST0373,19266.74,Shopping,2026-01-18,0,HIGH,2026-06-10 20:52:12
TXN008934,CUST0392,40307.25,Travel,2026-02-23,0,HIGH,2026-06-10 20:52:12
TXN008935,CUST0589,16157.96,Food,2026-05-22,0,HIGH,2026-06-10 20:52:12
TXN008936,CUST0277,44913.62,Travel,2026-02-24,1,HIGH,2026-06-10 20:52:12
TXN008937,CUST0067,49987.03,Travel,2026-01-30,0,HIGH,2026-06-10 20:52:12
TXN008938,CUST0744,11439.61,Shopping,2026-01-19,0,HIGH,2026-06-10 20:52:12
TXN008939,CUST0201,9475.03,Healthcare,2026-05-22,0,MEDIUM,2026-06-10 20:52:12
TXN008940,CUST0105,18351.14,Food,2026-01-27,0,HIGH,2026-06-10 20:52:12
TXN008941,CUST0301,32502.83,Food,2026-01-21,0,HIGH,2026-06-10 20:52:12
TXN008942,CUST0998,22054.78,Food,2026-05-04,0,HIGH,2026-06-10 20:52:12
TXN008943,CUST0082,24789.28,Healthcare,2026-04-13,0,HIGH,2026-06-10 20:52:12
TXN008944,CUST0160,29470.93,Food,2026-05-14,0,HIGH,2026-06-10 20:52:12
TXN008945,CUST0767,19463.9,Shopping,2026-01-16,0,HIGH,2026-06-10 20:52:12
TXN008946,CUST0519,11964.16,Shopping,2026-01-29,0,HIGH,2026-06-10 20:52:12
TXN008947,CUST0826,2887.96,Travel,2026-01-11,0,LOW,2026-06-10 20:52:12
TXN008948,CUST0967,11987.68,Healthcare,2026-01-11,0,HIGH,2026-06-10 20:52:12
TXN008949,CUST0692,41340.68,Shopping,2026-02-19,0,HIGH,2026-06-10 20:52:12
TXN008950,CUST0585,48810.1,Healthcare,2026-01-30,0,HIGH,2026-06-10 20:52:12
TXN008951,CUST0963,19693.1,Healthcare,2026-03-15,0,HIGH,2026-06-10 20:52:12
TXN008952,CUST0434,38801.78,Shopping,2026-02-24,0,HIGH,2026-06-10 20:52:12
TXN008953,CUST0189,44584.4,Travel,2026-05-06,0,HIGH,2026-06-10 20:52:12
TXN008954,CUST0003,41668.88,Healthcare,2026-04-11,0,HIGH,2026-06-10 20:52:12
TXN008955,CUST0831,32563.13,Travel,2026-03-15,0,HIGH,2026-06-10 20:52:12
TXN008956,CUST0380,10948.08,Healthcare,2026-03-08,0,HIGH,2026-06-10 20:52:12
TXN008957,CUST0510,1818.11,Food,2026-01-31,0,LOW,2026-06-10 20:52:12
TXN008958,CUST0180,29949.83,Shopping,2026-03-16,0,HIGH,2026-06-10 20:52:12
TXN008959,CUST0762,16390.15,Food,2026-01-08,0,HIGH,2026-06-10 20:52:12
TXN008960,CUST0851,22528.59,Shopping,2026-04-01,0,HIGH,2026-06-10 20:52:12
TXN008961,CUST0711,34657.68,Travel,2026-05-22,0,HIGH,2026-06-10 20:52:12
TXN008962,CUST0326,45347.9,Food,2026-04-11,0,HIGH,2026-06-10 20:52:12
TXN008963,CUST0732,4139.54,Shopping,2026-05-10,0,LOW,2026-06-10 20:52:12
TXN008964,CUST0076,9591.02,Shopping,2026-05-11,0,MEDIUM,2026-06-10 20:52:12
TXN008965,CUST0718,526.98,Shopping,2026-04-24,0,LOW,2026-06-10 20:52:12
TXN008966,CUST0240,7951.5,Food,2026-04-16,0,MEDIUM,2026-06-10 20:52:12
TXN008967,CUST0642,25019.3,Healthcare,2026-04-01,0,HIGH,2026-06-10 20:52:12
TXN008968,CUST0387,5091.11,Healthcare,2026-01-02,0,MEDIUM,2026-06-10 20:52:12
TXN008969,CUST0646,45648.17,Healthcare,2026-05-31,0,HIGH,2026-06-10 20:52:12
TXN008970,CUST0046,15310.25,Travel,2026-02-11,0,HIGH,2026-06-10 20:52:12
TXN008971,CUST0577,15289.09,Travel,2026-04-08,0,HIGH,2026-06-10 20:52:12
TXN008972,CUST0153,21801.26,Travel,2026-05-17,0,HIGH,2026-06-10 20:52:12
TXN008973,CUST0246,9094.91,Food,2026-06-08,0,MEDIUM,2026-06-10 20:52:12
TXN008974,CUST0179,25726.31,Food,2026-04-24,0,HIGH,2026-06-10 20:52:12
TXN008975,CUST0015,15296.44,Shopping,2026-05-02,0,HIGH,2026-06-10 20:52:12
TXN008976,CUST0434,17419.9,Food,2026-03-03,1,HIGH,2026-06-10 20:52:12
TXN008977,CUST0439,25213.46,Shopping,2026-01-21,0,HIGH,2026-06-10 20:52:12
TXN008978,CUST0408,23394.83,Healthcare,2026-01-29,0,HIGH,2026-06-10 20:52:12
TXN008979,CUST0876,3197.25,Shopping,2026-02-02,0,LOW,2026-06-10 20:52:12
TXN008980,CUST0903,15510.16,Healthcare,2026-04-24,0,HIGH,2026-06-10 20:52:12
TXN008981,CUST0593,44041.73,Shopping,2026-05-18,0,HIGH,2026-06-10 20:52:12
TXN008982,CUST0588,15386.04,Shopping,2026-03-04,0,HIGH,2026-06-10 20:52:12
TXN008983,CUST0806,49798.58,Healthcare,2026-02-11,0,HIGH,2026-06-10 20:52:12
TXN008984,CUST0525,5621.46,Travel,2026-04-24,0,MEDIUM,2026-06-10 20:52:12
TXN008985,CUST0391,48094.81,Shopping,2026-06-03,0,HIGH,2026-06-10 20:52:12
TXN008986,CUST0205,20078.98,Travel,2026-02-21,0,HIGH,2026-06-10 20:52:12
TXN008987,CUST0122,42178.64,Food,2026-01-24,0,HIGH,2026-06-10 20:52:12
TXN008988,CUST0578,33616.28,Food,2026-05-14,0,HIGH,2026-06-10 20:52:12
TXN008989,CUST0118,43206.22,Healthcare,2026-02-11,0,HIGH,2026-06-10 20:52:12
TXN008990,CUST0671,9169.8,Healthcare,2026-03-22,0,MEDIUM,2026-06-10 20:52:12
TXN008991,CUST0230,15283.94,Shopping,2026-04-30,0,HIGH,2026-06-10 20:52:12
TXN008992,CUST0153,42617.1,Travel,2026-03-17,1,HIGH,2026-06-10 20:52:12
TXN008993,CUST0408,47180.43,Travel,2026-03-31,0,HIGH,2026-06-10 20:52:12
TXN008994,CUST0564,1775.13,Shopping,2026-04-29,0,LOW,2026-06-10 20:52:12
TXN008995,CUST0990,29327.11,Shopping,2026-05-24,0,HIGH,2026-06-10 20:52:12
TXN008996,CUST0161,21733.59,Healthcare,2026-05-09,0,HIGH,2026-06-10 20:52:12
TXN008997,CUST0419,1967.3,Shopping,2026-04-27,0,LOW,2026-06-10 20:52:12
TXN008998,CUST0686,38572.41,Travel,2026-02-23,0,HIGH,2026-06-10 20:52:12
TXN008999,CUST0900,41257.84,Healthcare,2026-03-18,0,HIGH,2026-06-10 20:52:12
TXN009000,CUST0852,34191.84,Healthcare,2026-02-24,0,HIGH,2026-06-10 20:52:12
TXN009001,CUST0774,39999.17,Food,2026-04-06,0,HIGH,2026-06-10 20:52:12
TXN009002,CUST0521,37874.67,Travel,2026-01-13,0,HIGH,2026-06-10 20:52:12
TXN009003,CUST0621,18039.16,Shopping,2026-05-27,0,HIGH,2026-06-10 20:52:12
TXN009004,CUST0201,20425.13,Travel,2026-02-10,0,HIGH,2026-06-10 20:52:12
TXN009005,CUST0401,36073.9,Shopping,2026-06-04,0,HIGH,2026-06-10 20:52:12
TXN009006,CUST0245,42284.0,Travel,2026-01-28,0,HIGH,2026-06-10 20:52:12
TXN009007,CUST0201,40907.74,Travel,2026-05-15,0,HIGH,2026-06-10 20:52:12
TXN009008,CUST0103,18314.78,Travel,2026-01-17,0,HIGH,2026-06-10 20:52:12
TXN009009,CUST0171,3416.54,Food,2026-03-31,0,LOW,2026-06-10 20:52:12
TXN009010,CUST0812,39888.18,Travel,2026-06-06,0,HIGH,2026-06-10 20:52:12
TXN009011,CUST0912,47756.27,Shopping,2026-04-30,0,HIGH,2026-06-10 20:52:12
TXN009012,CUST0865,44852.34,Travel,2026-05-18,0,HIGH,2026-06-10 20:52:12
TXN009013,CUST0813,15786.9,Shopping,2026-03-09,1,HIGH,2026-06-10 20:52:12
TXN009014,CUST0099,18367.76,Travel,2026-06-07,0,HIGH,2026-06-10 20:52:12
TXN009015,CUST0543,18909.53,Healthcare,2026-05-19,0,HIGH,2026-06-10 20:52:12
TXN009016,CUST0202,10620.36,Healthcare,2026-01-23,0,HIGH,2026-06-10 20:52:12
TXN009017,CUST0463,28950.17,Healthcare,2026-02-03,0,HIGH,2026-06-10 20:52:12
TXN009018,CUST0678,14370.26,Travel,2026-03-16,0,HIGH,2026-06-10 20:52:12
TXN009019,CUST0786,17494.05,Food,2026-05-28,0,HIGH,2026-06-10 20:52:12
TXN009020,CUST0014,30573.59,Shopping,2026-01-22,0,HIGH,2026-06-10 20:52:12
TXN009021,CUST0789,47885.84,Travel,2026-02-04,0,HIGH,2026-06-10 20:52:12
TXN009022,CUST0893,11024.88,Shopping,2026-02-07,0,HIGH,2026-06-10 20:52:12
TXN009023,CUST0566,43850.16,Healthcare,2026-04-24,0,HIGH,2026-06-10 20:52:12
TXN009024,CUST0137,22181.82,Food,2026-03-24,0,HIGH,2026-06-10 20:52:12
TXN009025,CUST0200,19108.76,Healthcare,2026-04-06,0,HIGH,2026-06-10 20:52:12
TXN009026,CUST0321,26690.09,Shopping,2026-04-05,0,HIGH,2026-06-10 20:52:12
TXN009027,CUST0353,22402.28,Shopping,2026-05-05,0,HIGH,2026-06-10 20:52:12
TXN009028,CUST0574,31673.39,Healthcare,2026-04-11,0,HIGH,2026-06-10 20:52:12
TXN009029,CUST0923,39085.72,Travel,2026-05-26,0,HIGH,2026-06-10 20:52:12
TXN009030,CUST0493,32747.12,Healthcare,2026-05-25,0,HIGH,2026-06-10 20:52:12
TXN009031,CUST0074,7016.49,Healthcare,2026-02-19,0,MEDIUM,2026-06-10 20:52:12
TXN009032,CUST0903,35833.25,Travel,2026-03-20,0,HIGH,2026-06-10 20:52:12
TXN009033,CUST0373,46187.15,Travel,2026-04-20,0,HIGH,2026-06-10 20:52:12
TXN009034,CUST0175,14584.72,Travel,2026-01-12,0,HIGH,2026-06-10 20:52:12
TXN009035,CUST0286,1595.66,Healthcare,2026-04-14,0,LOW,2026-06-10 20:52:12
TXN009036,CUST0034,44070.97,Food,2026-01-22,0,HIGH,2026-06-10 20:52:12
TXN009037,CUST0591,39324.89,Shopping,2026-05-29,0,HIGH,2026-06-10 20:52:12
TXN009038,CUST0752,29541.6,Shopping,2026-02-22,1,HIGH,2026-06-10 20:52:12
TXN009039,CUST0479,47446.4,Food,2026-01-23,1,HIGH,2026-06-10 20:52:12
TXN009040,CUST0283,45215.5,Shopping,2026-01-19,0,HIGH,2026-06-10 20:52:12
TXN009041,CUST0272,24684.72,Shopping,2026-04-18,0,HIGH,2026-06-10 20:52:12
TXN009042,CUST0553,38209.48,Healthcare,2026-05-06,0,HIGH,2026-06-10 20:52:12
TXN009043,CUST0667,30735.5,Food,2026-03-02,0,HIGH,2026-06-10 20:52:12
TXN009044,CUST0889,19686.39,Travel,2026-04-24,0,HIGH,2026-06-10 20:52:12
TXN009045,CUST0785,20995.75,Healthcare,2026-01-25,0,HIGH,2026-06-10 20:52:12
TXN009046,CUST0379,1555.53,Food,2026-01-06,0,LOW,2026-06-10 20:52:12
TXN009047,CUST0211,46492.68,Food,2026-06-09,0,HIGH,2026-06-10 20:52:12
TXN009048,CUST0195,35003.19,Shopping,2026-05-20,0,HIGH,2026-06-10 20:52:12
TXN009049,CUST0392,8901.73,Food,2026-04-08,0,MEDIUM,2026-06-10 20:52:12
TXN009050,CUST0961,39797.38,Travel,2026-04-07,0,HIGH,2026-06-10 20:52:12
TXN009051,CUST0428,1588.75,Travel,2026-01-05,0,LOW,2026-06-10 20:52:12
TXN009052,CUST0534,7489.5,Travel,2026-04-17,0,MEDIUM,2026-06-10 20:52:12
TXN009053,CUST0715,8312.24,Food,2026-04-28,0,MEDIUM,2026-06-10 20:52:12
TXN009054,CUST0548,20948.68,Shopping,2026-05-11,0,HIGH,2026-06-10 20:52:12
TXN009055,CUST0867,46138.03,Food,2026-04-12,0,HIGH,2026-06-10 20:52:12
TXN009056,CUST0764,29604.98,Healthcare,2026-04-17,0,HIGH,2026-06-10 20:52:12
TXN009057,CUST0021,48231.54,Shopping,2026-02-15,0,HIGH,2026-06-10 20:52:12
TXN009058,CUST0528,43096.02,Shopping,2026-05-09,0,HIGH,2026-06-10 20:52:12
TXN009059,CUST0288,24003.08,Shopping,2026-03-07,0,HIGH,2026-06-10 20:52:12
TXN009060,CUST0918,39449.72,Shopping,2026-02-13,0,HIGH,2026-06-10 20:52:12
TXN009061,CUST0611,20444.52,Food,2026-05-04,0,HIGH,2026-06-10 20:52:12
TXN009062,CUST0206,44830.42,Travel,2026-04-30,0,HIGH,2026-06-10 20:52:12
TXN009063,CUST0569,11148.32,Food,2026-05-08,0,HIGH,2026-06-10 20:52:12
TXN009064,CUST0932,12577.03,Food,2026-03-29,0,HIGH,2026-06-10 20:52:12
TXN009065,CUST0041,2758.66,Shopping,2026-04-21,0,LOW,2026-06-10 20:52:12
TXN009066,CUST0820,13821.81,Food,2026-02-19,0,HIGH,2026-06-10 20:52:12
TXN009067,CUST0230,18021.66,Shopping,2026-03-28,0,HIGH,2026-06-10 20:52:12
TXN009068,CUST0523,3866.79,Shopping,2026-02-21,0,LOW,2026-06-10 20:52:12
TXN009069,CUST0907,34677.79,Travel,2026-05-03,0,HIGH,2026-06-10 20:52:12
TXN009070,CUST0216,40669.07,Healthcare,2026-05-21,0,HIGH,2026-06-10 20:52:12
TXN009071,CUST0584,36933.34,Travel,2026-02-24,0,HIGH,2026-06-10 20:52:12
TXN009072,CUST0077,13565.29,Shopping,2026-04-22,0,HIGH,2026-06-10 20:52:12
TXN009073,CUST0033,16584.6,Healthcare,2026-03-01,0,HIGH,2026-06-10 20:52:12
TXN009074,CUST0462,4279.14,Shopping,2026-01-30,0,LOW,2026-06-10 20:52:12
TXN009075,CUST0095,35262.98,Food,2026-01-15,0,HIGH,2026-06-10 20:52:12
TXN009076,CUST0487,32724.92,Food,2026-04-03,0,HIGH,2026-06-10 20:52:12
TXN009077,CUST0056,21526.18,Shopping,2026-02-03,0,HIGH,2026-06-10 20:52:12
TXN009078,CUST0828,250.7,Food,2026-05-14,0,LOW,2026-06-10 20:52:12
TXN009079,CUST0407,23844.87,Food,2026-03-26,0,HIGH,2026-06-10 20:52:12
TXN009080,CUST0244,22729.03,Shopping,2026-06-09,1,HIGH,2026-06-10 20:52:12
TXN009081,CUST0074,46104.25,Food,2026-03-22,0,HIGH,2026-06-10 20:52:12
TXN009082,CUST0682,485.86,Healthcare,2026-04-18,0,LOW,2026-06-10 20:52:12
TXN009083,CUST0493,29050.41,Food,2026-01-28,0,HIGH,2026-06-10 20:52:12
TXN009084,CUST0757,16241.21,Food,2026-05-28,1,HIGH,2026-06-10 20:52:12
TXN009085,CUST0411,12102.05,Healthcare,2026-03-17,0,HIGH,2026-06-10 20:52:12
TXN009086,CUST0384,43361.35,Travel,2026-03-23,1,HIGH,2026-06-10 20:52:12
TXN009087,CUST0757,3622.14,Travel,2026-06-04,0,LOW,2026-06-10 20:52:12
TXN009088,CUST0222,32360.78,Travel,2026-01-20,0,HIGH,2026-06-10 20:52:12
TXN009089,CUST0831,49916.92,Shopping,2026-04-11,0,HIGH,2026-06-10 20:52:12
TXN009090,CUST0247,26459.02,Travel,2026-01-10,0,HIGH,2026-06-10 20:52:12
TXN009091,CUST0818,26929.15,Food,2026-04-12,0,HIGH,2026-06-10 20:52:12
TXN009092,CUST0016,6443.07,Food,2026-06-05,0,MEDIUM,2026-06-10 20:52:12
TXN009093,CUST0808,44205.05,Shopping,2026-05-23,0,HIGH,2026-06-10 20:52:12
TXN009094,CUST0766,32787.27,Food,2026-02-17,0,HIGH,2026-06-10 20:52:12
TXN009095,CUST0862,44488.54,Healthcare,2026-02-03,0,HIGH,2026-06-10 20:52:12
TXN009096,CUST0518,18320.56,Food,2026-04-16,0,HIGH,2026-06-10 20:52:12
TXN009097,CUST0966,30086.43,Shopping,2026-05-14,0,HIGH,2026-06-10 20:52:12
TXN009098,CUST0443,12133.42,Shopping,2026-02-21,0,HIGH,2026-06-10 20:52:12
TXN009099,CUST0768,15542.74,Healthcare,2026-01-19,0,HIGH,2026-06-10 20:52:12
TXN009100,CUST0792,34108.61,Healthcare,2026-02-15,0,HIGH,2026-06-10 20:52:12
TXN009101,CUST0696,48038.74,Shopping,2026-01-29,0,HIGH,2026-06-10 20:52:12
TXN009102,CUST0766,1324.78,Travel,2026-03-26,1,LOW,2026-06-10 20:52:12
TXN009103,CUST0018,28186.81,Food,2026-01-07,0,HIGH,2026-06-10 20:52:12
TXN009104,CUST0219,12511.71,Shopping,2026-05-16,0,HIGH,2026-06-10 20:52:12
TXN009105,CUST0064,9132.45,Healthcare,2026-04-12,0,MEDIUM,2026-06-10 20:52:12
TXN009106,CUST0437,25642.35,Food,2026-03-25,0,HIGH,2026-06-10 20:52:12
TXN009107,CUST0442,44358.8,Travel,2026-01-25,0,HIGH,2026-06-10 20:52:12
TXN009108,CUST0886,6373.0,Healthcare,2026-05-12,0,MEDIUM,2026-06-10 20:52:12
TXN009109,CUST0709,43834.4,Food,2026-02-26,0,HIGH,2026-06-10 20:52:12
TXN009110,CUST0441,40765.96,Travel,2026-05-14,0,HIGH,2026-06-10 20:52:12
TXN009111,CUST0775,8925.39,Food,2026-02-11,0,MEDIUM,2026-06-10 20:52:12
TXN009112,CUST0712,20735.56,Shopping,2026-04-28,0,HIGH,2026-06-10 20:52:12
TXN009113,CUST0922,12459.09,Travel,2026-05-17,0,HIGH,2026-06-10 20:52:12
TXN009114,CUST0593,21951.29,Food,2026-05-19,0,HIGH,2026-06-10 20:52:12
TXN009115,CUST0559,36642.22,Food,2026-01-06,0,HIGH,2026-06-10 20:52:12
TXN009116,CUST0833,15723.92,Shopping,2026-05-20,0,HIGH,2026-06-10 20:52:12
TXN009117,CUST0431,13329.38,Food,2026-05-31,0,HIGH,2026-06-10 20:52:12
TXN009118,CUST0943,7673.22,Shopping,2026-03-28,0,MEDIUM,2026-06-10 20:52:12
TXN009119,CUST0162,29264.75,Food,2026-04-02,0,HIGH,2026-06-10 20:52:12
TXN009120,CUST0812,27310.97,Food,2026-05-19,0,HIGH,2026-06-10 20:52:12
TXN009121,CUST0292,20862.9,Food,2026-04-09,0,HIGH,2026-06-10 20:52:12
TXN009122,CUST0939,24658.56,Food,2026-02-09,0,HIGH,2026-06-10 20:52:12
TXN009123,CUST0191,26111.84,Shopping,2026-02-22,0,HIGH,2026-06-10 20:52:12
TXN009124,CUST0051,21205.94,Healthcare,2026-01-26,0,HIGH,2026-06-10 20:52:12
TXN009125,CUST0494,40438.74,Shopping,2026-04-07,0,HIGH,2026-06-10 20:52:12
TXN009126,CUST0359,4782.0,Travel,2026-05-08,0,LOW,2026-06-10 20:52:12
TXN009127,CUST0553,7347.12,Healthcare,2026-03-12,0,MEDIUM,2026-06-10 20:52:12
TXN009128,CUST0871,35526.46,Healthcare,2026-03-13,0,HIGH,2026-06-10 20:52:12
TXN009129,CUST0694,19087.89,Healthcare,2026-04-14,0,HIGH,2026-06-10 20:52:12
TXN009130,CUST0259,31992.15,Food,2026-05-21,0,HIGH,2026-06-10 20:52:12
TXN009131,CUST0318,22606.72,Travel,2026-06-03,0,HIGH,2026-06-10 20:52:12
TXN009132,CUST0895,23738.28,Food,2026-02-07,0,HIGH,2026-06-10 20:52:12
TXN009133,CUST0948,19936.76,Food,2026-01-18,0,HIGH,2026-06-10 20:52:12
TXN009134,CUST0213,6810.45,Food,2026-03-27,0,MEDIUM,2026-06-10 20:52:12
TXN009135,CUST0187,46240.55,Healthcare,2026-03-25,1,HIGH,2026-06-10 20:52:12
TXN009136,CUST0367,4926.28,Travel,2026-03-01,0,LOW,2026-06-10 20:52:12
TXN009137,CUST0060,16850.2,Shopping,2026-03-20,0,HIGH,2026-06-10 20:52:12
TXN009138,CUST0679,10708.81,Travel,2026-05-08,0,HIGH,2026-06-10 20:52:12
TXN009139,CUST0160,29277.19,Food,2026-04-28,0,HIGH,2026-06-10 20:52:12
TXN009140,CUST0208,29112.43,Healthcare,2026-06-05,0,HIGH,2026-06-10 20:52:12
TXN009141,CUST0274,14181.35,Food,2026-05-07,0,HIGH,2026-06-10 20:52:12
TXN009142,CUST0761,45774.1,Food,2026-01-13,0,HIGH,2026-06-10 20:52:12
TXN009143,CUST0440,48421.49,Food,2026-01-13,0,HIGH,2026-06-10 20:52:12
TXN009144,CUST0518,29156.43,Healthcare,2026-04-18,0,HIGH,2026-06-10 20:52:12
TXN009145,CUST0725,10221.88,Shopping,2026-05-03,0,HIGH,2026-06-10 20:52:12
TXN009146,CUST0107,31491.77,Food,2026-01-25,0,HIGH,2026-06-10 20:52:12
TXN009147,CUST0299,32538.56,Travel,2026-04-21,0,HIGH,2026-06-10 20:52:12
TXN009148,CUST0789,17299.84,Travel,2026-05-05,0,HIGH,2026-06-10 20:52:12
TXN009149,CUST0853,38124.71,Shopping,2026-03-02,0,HIGH,2026-06-10 20:52:12
TXN009150,CUST0999,11466.19,Healthcare,2026-04-05,0,HIGH,2026-06-10 20:52:12
TXN009151,CUST0187,27267.38,Healthcare,2026-05-15,0,HIGH,2026-06-10 20:52:12
TXN009152,CUST0355,43667.89,Shopping,2026-03-01,0,HIGH,2026-06-10 20:52:12
TXN009153,CUST0184,10603.55,Food,2026-03-17,0,HIGH,2026-06-10 20:52:12
TXN009154,CUST0090,24926.31,Healthcare,2026-06-03,0,HIGH,2026-06-10 20:52:12
TXN009155,CUST0365,42987.72,Travel,2026-05-29,0,HIGH,2026-06-10 20:52:12
TXN009156,CUST0406,24280.24,Food,2026-06-01,0,HIGH,2026-06-10 20:52:12
TXN009157,CUST0374,31844.12,Shopping,2026-03-05,0,HIGH,2026-06-10 20:52:12
TXN009158,CUST0226,14800.95,Food,2026-05-02,0,HIGH,2026-06-10 20:52:12
TXN009159,CUST0512,20469.58,Travel,2026-04-22,0,HIGH,2026-06-10 20:52:12
TXN009160,CUST0935,44216.38,Food,2026-03-22,0,HIGH,2026-06-10 20:52:12
TXN009161,CUST0873,11458.3,Travel,2026-04-04,0,HIGH,2026-06-10 20:52:12
TXN009162,CUST0290,16382.8,Shopping,2026-03-02,0,HIGH,2026-06-10 20:52:12
TXN009163,CUST0514,1486.82,Travel,2026-01-11,0,LOW,2026-06-10 20:52:12
TXN009164,CUST0875,33048.44,Food,2026-03-24,0,HIGH,2026-06-10 20:52:12
TXN009165,CUST0088,34820.13,Healthcare,2026-04-06,0,HIGH,2026-06-10 20:52:12
TXN009166,CUST0563,4878.03,Travel,2026-03-16,0,LOW,2026-06-10 20:52:12
TXN009167,CUST0770,29831.1,Shopping,2026-03-01,0,HIGH,2026-06-10 20:52:12
TXN009168,CUST0989,26364.6,Healthcare,2026-04-22,0,HIGH,2026-06-10 20:52:12
TXN009169,CUST0886,48512.31,Shopping,2026-02-26,0,HIGH,2026-06-10 20:52:12
TXN009170,CUST0825,41136.09,Healthcare,2026-02-19,0,HIGH,2026-06-10 20:52:12
TXN009171,CUST0393,24210.03,Travel,2026-03-19,0,HIGH,2026-06-10 20:52:12
TXN009172,CUST0164,5129.21,Healthcare,2026-01-13,0,MEDIUM,2026-06-10 20:52:12
TXN009173,CUST0742,26163.09,Shopping,2026-02-12,0,HIGH,2026-06-10 20:52:12
TXN009174,CUST0456,32712.81,Travel,2026-06-09,0,HIGH,2026-06-10 20:52:12
TXN009175,CUST0432,503.86,Travel,2026-04-07,0,LOW,2026-06-10 20:52:12
TXN009176,CUST0490,45537.24,Shopping,2026-04-24,0,HIGH,2026-06-10 20:52:12
TXN009177,CUST0442,36444.95,Shopping,2026-02-06,0,HIGH,2026-06-10 20:52:12
TXN009178,CUST0488,13439.9,Food,2026-03-10,1,HIGH,2026-06-10 20:52:12
TXN009179,CUST0274,43060.87,Travel,2026-05-04,0,HIGH,2026-06-10 20:52:12
TXN009180,CUST0798,23937.17,Travel,2026-06-07,0,HIGH,2026-06-10 20:52:12
TXN009181,CUST0076,20462.81,Travel,2026-01-08,0,HIGH,2026-06-10 20:52:12
TXN009182,CUST0090,8540.78,Shopping,2026-02-21,0,MEDIUM,2026-06-10 20:52:12
TXN009183,CUST0473,16159.11,Shopping,2026-05-28,0,HIGH,2026-06-10 20:52:12
TXN009184,CUST0007,4159.05,Travel,2026-06-05,0,LOW,2026-06-10 20:52:12
TXN009185,CUST0954,46371.68,Shopping,2026-02-09,0,HIGH,2026-06-10 20:52:12
TXN009186,CUST0497,15501.35,Healthcare,2026-04-26,0,HIGH,2026-06-10 20:52:12
TXN009187,CUST0752,40464.44,Shopping,2026-06-01,0,HIGH,2026-06-10 20:52:12
TXN009188,CUST0058,16103.34,Shopping,2026-02-27,0,HIGH,2026-06-10 20:52:12
TXN009189,CUST0625,24521.68,Food,2026-06-07,0,HIGH,2026-06-10 20:52:12
TXN009190,CUST0015,21965.55,Food,2026-06-02,0,HIGH,2026-06-10 20:52:12
TXN009191,CUST0911,363.08,Healthcare,2026-04-17,0,LOW,2026-06-10 20:52:12
TXN009192,CUST0603,13362.13,Travel,2026-03-25,0,HIGH,2026-06-10 20:52:12
TXN009193,CUST0845,11695.3,Food,2026-05-02,0,HIGH,2026-06-10 20:52:12
TXN009194,CUST0597,5987.88,Healthcare,2026-01-03,0,MEDIUM,2026-06-10 20:52:12
TXN009195,CUST0117,17997.18,Healthcare,2026-05-01,0,HIGH,2026-06-10 20:52:12
TXN009196,CUST0044,6766.73,Shopping,2026-04-04,0,MEDIUM,2026-06-10 20:52:12
TXN009197,CUST0436,23136.51,Healthcare,2026-01-02,0,HIGH,2026-06-10 20:52:12
TXN009198,CUST0110,44373.24,Food,2026-03-21,0,HIGH,2026-06-10 20:52:12
TXN009199,CUST0707,18563.69,Travel,2026-01-12,0,HIGH,2026-06-10 20:52:12
TXN009200,CUST0815,16843.05,Shopping,2026-04-09,0,HIGH,2026-06-10 20:52:12
TXN009201,CUST0343,26568.73,Shopping,2026-01-14,0,HIGH,2026-06-10 20:52:12
TXN009202,CUST0511,11479.91,Shopping,2026-05-21,0,HIGH,2026-06-10 20:52:12
TXN009203,CUST0805,39078.1,Travel,2026-03-03,0,HIGH,2026-06-10 20:52:12
TXN009204,CUST0279,43131.97,Food,2026-01-25,0,HIGH,2026-06-10 20:52:12
TXN009205,CUST0764,464.16,Travel,2026-01-19,0,LOW,2026-06-10 20:52:12
TXN009206,CUST0131,18094.1,Food,2026-02-22,0,HIGH,2026-06-10 20:52:12
TXN009207,CUST0339,13118.73,Shopping,2026-02-01,0,HIGH,2026-06-10 20:52:12
TXN009208,CUST0997,5090.39,Travel,2026-04-26,0,MEDIUM,2026-06-10 20:52:12
TXN009209,CUST0160,39868.41,Healthcare,2026-01-14,0,HIGH,2026-06-10 20:52:12
TXN009210,CUST0861,41804.85,Food,2026-06-04,0,HIGH,2026-06-10 20:52:12
TXN009211,CUST0112,48238.56,Food,2026-03-10,0,HIGH,2026-06-10 20:52:12
TXN009212,CUST0858,30788.58,Food,2026-05-25,0,HIGH,2026-06-10 20:52:12
TXN009213,CUST0167,42852.05,Shopping,2026-04-29,0,HIGH,2026-06-10 20:52:12
TXN009214,CUST0608,2822.18,Healthcare,2026-05-03,0,LOW,2026-06-10 20:52:12
TXN009215,CUST0657,3636.55,Travel,2026-01-08,0,LOW,2026-06-10 20:52:12
TXN009216,CUST0417,42796.55,Food,2026-02-14,0,HIGH,2026-06-10 20:52:12
TXN009217,CUST0156,12136.12,Shopping,2026-03-15,0,HIGH,2026-06-10 20:52:12
TXN009218,CUST0807,6960.23,Shopping,2026-02-19,0,MEDIUM,2026-06-10 20:52:12
TXN009219,CUST0484,16319.95,Shopping,2026-01-04,0,HIGH,2026-06-10 20:52:12
TXN009220,CUST0724,33152.41,Shopping,2026-03-20,0,HIGH,2026-06-10 20:52:12
TXN009221,CUST0949,5224.78,Food,2026-06-04,0,MEDIUM,2026-06-10 20:52:12
TXN009222,CUST0859,16342.26,Travel,2026-01-27,0,HIGH,2026-06-10 20:52:12
TXN009223,CUST0244,10626.24,Food,2026-02-19,0,HIGH,2026-06-10 20:52:12
TXN009224,CUST0569,11231.74,Food,2026-05-08,0,HIGH,2026-06-10 20:52:12
TXN009225,CUST0436,45163.54,Food,2026-03-21,0,HIGH,2026-06-10 20:52:12
TXN009226,CUST0652,10971.77,Healthcare,2026-03-01,0,HIGH,2026-06-10 20:52:12
TXN009227,CUST0989,46891.23,Shopping,2026-03-20,0,HIGH,2026-06-10 20:52:12
TXN009228,CUST0607,1843.35,Food,2026-05-30,0,LOW,2026-06-10 20:52:12
TXN009229,CUST0346,28991.88,Shopping,2026-05-06,0,HIGH,2026-06-10 20:52:12
TXN009230,CUST0697,35620.42,Food,2026-02-28,0,HIGH,2026-06-10 20:52:12
TXN009231,CUST0107,42520.09,Healthcare,2026-03-03,0,HIGH,2026-06-10 20:52:12
TXN009232,CUST0628,4238.55,Shopping,2026-04-15,0,LOW,2026-06-10 20:52:12
TXN009233,CUST0557,4103.01,Healthcare,2026-03-06,0,LOW,2026-06-10 20:52:12
TXN009234,CUST0401,13588.49,Food,2026-05-25,0,HIGH,2026-06-10 20:52:12
TXN009235,CUST0968,31969.17,Healthcare,2026-05-25,0,HIGH,2026-06-10 20:52:12
TXN009236,CUST0687,19383.21,Healthcare,2026-01-24,0,HIGH,2026-06-10 20:52:12
TXN009237,CUST0275,40490.67,Shopping,2026-05-01,0,HIGH,2026-06-10 20:52:12
TXN009238,CUST0614,32754.83,Travel,2026-03-01,0,HIGH,2026-06-10 20:52:12
TXN009239,CUST0496,2017.05,Healthcare,2026-06-05,0,LOW,2026-06-10 20:52:12
TXN009240,CUST0095,40857.9,Food,2026-06-06,0,HIGH,2026-06-10 20:52:12
TXN009241,CUST0126,15778.75,Shopping,2026-01-04,0,HIGH,2026-06-10 20:52:12
TXN009242,CUST0312,25231.47,Travel,2026-02-06,0,HIGH,2026-06-10 20:52:12
TXN009243,CUST0884,9072.41,Food,2026-05-05,0,MEDIUM,2026-06-10 20:52:12
TXN009244,CUST0616,15681.51,Healthcare,2026-04-23,0,HIGH,2026-06-10 20:52:12
TXN009245,CUST0513,10361.53,Shopping,2026-01-05,0,HIGH,2026-06-10 20:52:12
TXN009246,CUST0763,38041.57,Healthcare,2026-03-31,0,HIGH,2026-06-10 20:52:12
TXN009247,CUST0148,5760.11,Shopping,2026-04-08,0,MEDIUM,2026-06-10 20:52:12
TXN009248,CUST0705,14845.3,Food,2026-04-05,0,HIGH,2026-06-10 20:52:12
TXN009249,CUST0384,4826.13,Healthcare,2026-04-07,0,LOW,2026-06-10 20:52:12
TXN009250,CUST0259,15915.38,Shopping,2026-04-04,0,HIGH,2026-06-10 20:52:12
TXN009251,CUST0856,8708.61,Healthcare,2026-05-28,0,MEDIUM,2026-06-10 20:52:12
TXN009252,CUST0396,29671.08,Healthcare,2026-01-12,0,HIGH,2026-06-10 20:52:12
TXN009253,CUST0971,21119.85,Shopping,2026-04-11,0,HIGH,2026-06-10 20:52:12
TXN009254,CUST0549,16406.36,Shopping,2026-05-20,0,HIGH,2026-06-10 20:52:12
TXN009255,CUST0344,20294.52,Shopping,2026-03-17,0,HIGH,2026-06-10 20:52:12
TXN009256,CUST0275,48688.83,Shopping,2026-05-05,0,HIGH,2026-06-10 20:52:12
TXN009257,CUST0213,46498.94,Travel,2026-05-20,0,HIGH,2026-06-10 20:52:12
TXN009258,CUST0699,41003.62,Travel,2026-04-19,0,HIGH,2026-06-10 20:52:12
TXN009259,CUST0095,15807.54,Food,2026-03-14,0,HIGH,2026-06-10 20:52:12
TXN009260,CUST0301,5228.31,Shopping,2026-03-26,0,MEDIUM,2026-06-10 20:52:12
TXN009261,CUST0371,41465.01,Healthcare,2026-03-12,0,HIGH,2026-06-10 20:52:12
TXN009262,CUST0895,14708.55,Shopping,2026-03-27,0,HIGH,2026-06-10 20:52:12
TXN009263,CUST0125,41717.28,Food,2026-06-01,0,HIGH,2026-06-10 20:52:12
TXN009264,CUST0070,13612.73,Healthcare,2026-04-02,0,HIGH,2026-06-10 20:52:12
TXN009265,CUST0319,30177.3,Shopping,2026-02-27,1,HIGH,2026-06-10 20:52:12
TXN009266,CUST0038,13123.37,Healthcare,2026-03-31,0,HIGH,2026-06-10 20:52:12
TXN009267,CUST0123,24190.59,Travel,2026-01-12,1,HIGH,2026-06-10 20:52:12
TXN009268,CUST0562,15128.75,Travel,2026-05-25,0,HIGH,2026-06-10 20:52:12
TXN009269,CUST0525,30459.42,Healthcare,2026-04-13,0,HIGH,2026-06-10 20:52:12
TXN009270,CUST0595,26723.25,Healthcare,2026-04-10,0,HIGH,2026-06-10 20:52:12
TXN009271,CUST0627,40208.31,Healthcare,2026-05-20,0,HIGH,2026-06-10 20:52:12
TXN009272,CUST0356,48876.56,Shopping,2026-05-02,0,HIGH,2026-06-10 20:52:12
TXN009273,CUST0340,48402.02,Shopping,2026-03-18,0,HIGH,2026-06-10 20:52:12
TXN009274,CUST0034,14129.05,Travel,2026-03-12,0,HIGH,2026-06-10 20:52:12
TXN009275,CUST0860,32837.09,Healthcare,2026-01-13,0,HIGH,2026-06-10 20:52:12
TXN009276,CUST0941,45282.27,Travel,2026-05-17,0,HIGH,2026-06-10 20:52:12
TXN009277,CUST0246,14416.57,Shopping,2026-04-29,0,HIGH,2026-06-10 20:52:12
TXN009278,CUST0950,37608.89,Healthcare,2026-01-03,0,HIGH,2026-06-10 20:52:12
TXN009279,CUST0318,27248.91,Shopping,2026-05-17,0,HIGH,2026-06-10 20:52:12
TXN009280,CUST0190,8601.11,Shopping,2026-01-02,0,MEDIUM,2026-06-10 20:52:12
TXN009281,CUST0504,44393.45,Food,2026-05-28,0,HIGH,2026-06-10 20:52:12
TXN009282,CUST0494,33625.65,Shopping,2026-03-16,0,HIGH,2026-06-10 20:52:12
TXN009283,CUST0785,21660.47,Food,2026-05-03,0,HIGH,2026-06-10 20:52:12
TXN009284,CUST0251,38007.47,Healthcare,2026-02-17,0,HIGH,2026-06-10 20:52:12
TXN009285,CUST0772,6923.96,Travel,2026-03-19,0,MEDIUM,2026-06-10 20:52:12
TXN009286,CUST0668,49967.03,Travel,2026-05-13,0,HIGH,2026-06-10 20:52:12
TXN009287,CUST0891,30656.69,Healthcare,2026-04-24,0,HIGH,2026-06-10 20:52:12
TXN009288,CUST0680,3922.15,Travel,2026-05-26,0,LOW,2026-06-10 20:52:12
TXN009289,CUST0113,4670.12,Healthcare,2026-04-29,0,LOW,2026-06-10 20:52:12
TXN009290,CUST0302,49856.63,Healthcare,2026-02-18,0,HIGH,2026-06-10 20:52:12
TXN009291,CUST0352,4702.63,Travel,2026-05-28,0,LOW,2026-06-10 20:52:12
TXN009292,CUST0825,7379.84,Healthcare,2026-02-21,0,MEDIUM,2026-06-10 20:52:12
TXN009293,CUST0018,33141.77,Shopping,2026-03-14,0,HIGH,2026-06-10 20:52:12
TXN009294,CUST0345,47486.72,Shopping,2026-03-10,0,HIGH,2026-06-10 20:52:12
TXN009295,CUST0757,41933.98,Food,2026-03-20,0,HIGH,2026-06-10 20:52:12
TXN009296,CUST0448,30590.85,Healthcare,2026-05-06,0,HIGH,2026-06-10 20:52:12
TXN009297,CUST0875,1266.39,Food,2026-04-17,0,LOW,2026-06-10 20:52:12
TXN009298,CUST0774,18812.04,Healthcare,2026-01-31,0,HIGH,2026-06-10 20:52:12
TXN009299,CUST0281,38377.95,Food,2026-03-07,0,HIGH,2026-06-10 20:52:12
TXN009300,CUST0222,44213.27,Travel,2026-06-04,0,HIGH,2026-06-10 20:52:12
TXN009301,CUST0563,30895.9,Healthcare,2026-02-12,0,HIGH,2026-06-10 20:52:12
TXN009302,CUST0723,16039.11,Healthcare,2026-03-02,0,HIGH,2026-06-10 20:52:12
TXN009303,CUST0625,12813.34,Healthcare,2026-04-16,0,HIGH,2026-06-10 20:52:12
TXN009304,CUST0387,29819.31,Healthcare,2026-04-20,0,HIGH,2026-06-10 20:52:12
TXN009305,CUST0199,48590.03,Food,2026-01-23,0,HIGH,2026-06-10 20:52:12
TXN009306,CUST0686,39356.34,Shopping,2026-03-12,0,HIGH,2026-06-10 20:52:12
TXN009307,CUST0509,36326.39,Shopping,2026-04-05,0,HIGH,2026-06-10 20:52:12
TXN009308,CUST0655,34327.27,Travel,2026-04-02,0,HIGH,2026-06-10 20:52:12
TXN009309,CUST0769,5632.75,Healthcare,2026-04-11,0,MEDIUM,2026-06-10 20:52:12
TXN009310,CUST0768,27349.89,Shopping,2026-01-28,0,HIGH,2026-06-10 20:52:12
TXN009311,CUST0390,7762.07,Travel,2026-04-08,0,MEDIUM,2026-06-10 20:52:12
TXN009312,CUST0226,44237.66,Healthcare,2026-05-11,0,HIGH,2026-06-10 20:52:12
TXN009313,CUST0058,16286.11,Shopping,2026-01-26,0,HIGH,2026-06-10 20:52:12
TXN009314,CUST0980,19653.7,Shopping,2026-02-06,0,HIGH,2026-06-10 20:52:12
TXN009315,CUST0989,32866.27,Travel,2026-03-07,0,HIGH,2026-06-10 20:52:12
TXN009316,CUST0356,38015.39,Food,2026-02-15,0,HIGH,2026-06-10 20:52:12
TXN009317,CUST0311,22228.97,Travel,2026-03-14,1,HIGH,2026-06-10 20:52:12
TXN009318,CUST0260,30381.5,Food,2026-03-12,0,HIGH,2026-06-10 20:52:12
TXN009319,CUST0586,32226.91,Healthcare,2026-01-01,1,HIGH,2026-06-10 20:52:12
TXN009320,CUST0950,22899.63,Healthcare,2026-02-07,0,HIGH,2026-06-10 20:52:12
TXN009321,CUST0537,15611.93,Shopping,2026-05-10,0,HIGH,2026-06-10 20:52:12
TXN009322,CUST0521,2060.25,Healthcare,2026-05-13,0,LOW,2026-06-10 20:52:12
TXN009323,CUST0419,20311.91,Travel,2026-01-13,0,HIGH,2026-06-10 20:52:12
TXN009324,CUST0417,6643.89,Shopping,2026-04-10,0,MEDIUM,2026-06-10 20:52:12
TXN009325,CUST0600,31623.96,Travel,2026-04-09,0,HIGH,2026-06-10 20:52:12
TXN009326,CUST0395,12605.53,Travel,2026-01-02,0,HIGH,2026-06-10 20:52:12
TXN009327,CUST0756,49081.01,Food,2026-03-23,0,HIGH,2026-06-10 20:52:12
TXN009328,CUST0146,49005.27,Healthcare,2026-01-01,0,HIGH,2026-06-10 20:52:12
TXN009329,CUST0056,4744.55,Healthcare,2026-04-11,0,LOW,2026-06-10 20:52:12
TXN009330,CUST0586,20772.52,Travel,2026-05-30,0,HIGH,2026-06-10 20:52:12
TXN009331,CUST0038,5683.58,Healthcare,2026-04-19,0,MEDIUM,2026-06-10 20:52:12
TXN009332,CUST0523,7281.43,Healthcare,2026-02-26,0,MEDIUM,2026-06-10 20:52:12
TXN009333,CUST0286,23007.67,Shopping,2026-03-27,0,HIGH,2026-06-10 20:52:12
TXN009334,CUST0605,4025.78,Shopping,2026-03-02,0,LOW,2026-06-10 20:52:12
TXN009335,CUST0070,8583.92,Healthcare,2026-01-02,0,MEDIUM,2026-06-10 20:52:12
TXN009336,CUST0008,29045.91,Shopping,2026-03-31,0,HIGH,2026-06-10 20:52:12
TXN009337,CUST0914,42215.39,Travel,2026-02-06,0,HIGH,2026-06-10 20:52:12
TXN009338,CUST0865,18593.98,Travel,2026-01-04,0,HIGH,2026-06-10 20:52:12
TXN009339,CUST0084,29925.5,Healthcare,2026-04-01,0,HIGH,2026-06-10 20:52:12
TXN009340,CUST0928,48352.59,Shopping,2026-03-09,0,HIGH,2026-06-10 20:52:12
TXN009341,CUST0232,35395.83,Shopping,2026-05-25,0,HIGH,2026-06-10 20:52:12
TXN009342,CUST0801,11384.23,Food,2026-03-24,0,HIGH,2026-06-10 20:52:12
TXN009343,CUST0586,31597.35,Healthcare,2026-04-22,0,HIGH,2026-06-10 20:52:12
TXN009344,CUST0574,13237.23,Food,2026-03-06,0,HIGH,2026-06-10 20:52:12
TXN009345,CUST0097,31150.95,Healthcare,2026-01-16,0,HIGH,2026-06-10 20:52:12
TXN009346,CUST0547,41492.26,Travel,2026-06-02,0,HIGH,2026-06-10 20:52:12
TXN009347,CUST0614,1356.13,Healthcare,2026-06-01,0,LOW,2026-06-10 20:52:12
TXN009348,CUST0143,44629.29,Healthcare,2026-05-24,0,HIGH,2026-06-10 20:52:12
TXN009349,CUST0747,43114.82,Food,2026-02-27,0,HIGH,2026-06-10 20:52:12
TXN009350,CUST0948,36869.92,Shopping,2026-01-08,0,HIGH,2026-06-10 20:52:12
TXN009351,CUST0951,17970.45,Food,2026-01-10,0,HIGH,2026-06-10 20:52:12
TXN009352,CUST0437,21510.31,Travel,2026-04-02,0,HIGH,2026-06-10 20:52:12
TXN009353,CUST0794,2056.36,Healthcare,2026-03-02,0,LOW,2026-06-10 20:52:12
TXN009354,CUST0015,5283.31,Travel,2026-01-04,0,MEDIUM,2026-06-10 20:52:12
TXN009355,CUST0455,146.15,Travel,2026-01-15,0,LOW,2026-06-10 20:52:12
TXN009356,CUST0793,1227.64,Healthcare,2026-03-12,1,LOW,2026-06-10 20:52:12
TXN009357,CUST0502,18726.81,Healthcare,2026-04-02,0,HIGH,2026-06-10 20:52:12
TXN009358,CUST0303,18595.82,Travel,2026-02-19,0,HIGH,2026-06-10 20:52:12
TXN009359,CUST0805,14162.37,Food,2026-02-04,0,HIGH,2026-06-10 20:52:12
TXN009360,CUST0009,30476.04,Healthcare,2026-03-30,0,HIGH,2026-06-10 20:52:12
TXN009361,CUST0082,45055.94,Shopping,2026-03-26,0,HIGH,2026-06-10 20:52:12
TXN009362,CUST0395,41348.21,Healthcare,2026-02-16,0,HIGH,2026-06-10 20:52:12
TXN009363,CUST0077,2682.72,Shopping,2026-04-10,0,LOW,2026-06-10 20:52:12
TXN009364,CUST0579,176.23,Healthcare,2026-04-26,0,LOW,2026-06-10 20:52:12
TXN009365,CUST0732,17200.68,Travel,2026-01-08,0,HIGH,2026-06-10 20:52:12
TXN009366,CUST0073,25037.31,Travel,2026-02-25,0,HIGH,2026-06-10 20:52:12
TXN009367,CUST0149,14367.56,Food,2026-04-19,0,HIGH,2026-06-10 20:52:12
TXN009368,CUST0533,37242.62,Healthcare,2026-03-30,0,HIGH,2026-06-10 20:52:12
TXN009369,CUST0520,28402.69,Shopping,2026-02-13,0,HIGH,2026-06-10 20:52:12
TXN009370,CUST0705,46324.36,Shopping,2026-03-07,0,HIGH,2026-06-10 20:52:12
TXN009371,CUST0396,39220.23,Healthcare,2026-05-26,0,HIGH,2026-06-10 20:52:12
TXN009372,CUST0017,39164.51,Travel,2026-05-04,0,HIGH,2026-06-10 20:52:12
TXN009373,CUST0261,45959.36,Travel,2026-01-12,0,HIGH,2026-06-10 20:52:12
TXN009374,CUST0166,4284.93,Travel,2026-03-08,0,LOW,2026-06-10 20:52:12
TXN009375,CUST0108,4458.57,Travel,2026-04-16,0,LOW,2026-06-10 20:52:12
TXN009376,CUST0629,9160.91,Shopping,2026-06-04,0,MEDIUM,2026-06-10 20:52:12
TXN009377,CUST0972,26057.0,Healthcare,2026-05-11,0,HIGH,2026-06-10 20:52:12
TXN009378,CUST0816,30745.05,Travel,2026-03-19,0,HIGH,2026-06-10 20:52:12
TXN009379,CUST0684,33981.33,Travel,2026-05-12,0,HIGH,2026-06-10 20:52:12
TXN009380,CUST0670,8848.24,Shopping,2026-03-18,0,MEDIUM,2026-06-10 20:52:12
TXN009381,CUST0751,41477.38,Food,2026-01-04,0,HIGH,2026-06-10 20:52:12
TXN009382,CUST0632,39618.26,Healthcare,2026-02-15,0,HIGH,2026-06-10 20:52:12
TXN009383,CUST0841,46195.69,Travel,2026-05-14,0,HIGH,2026-06-10 20:52:12
TXN009384,CUST0684,49325.37,Travel,2026-06-07,0,HIGH,2026-06-10 20:52:12
TXN009385,CUST0737,17257.55,Food,2026-03-21,0,HIGH,2026-06-10 20:52:12
TXN009386,CUST0169,1214.22,Travel,2026-01-18,0,LOW,2026-06-10 20:52:12
TXN009387,CUST0158,43551.03,Healthcare,2026-02-08,0,HIGH,2026-06-10 20:52:12
TXN009388,CUST0907,11590.99,Shopping,2026-02-07,0,HIGH,2026-06-10 20:52:12
TXN009389,CUST0937,34231.05,Travel,2026-01-13,0,HIGH,2026-06-10 20:52:12
TXN009390,CUST0330,16100.09,Healthcare,2026-02-10,0,HIGH,2026-06-10 20:52:12
TXN009391,CUST0677,18495.05,Healthcare,2026-04-24,0,HIGH,2026-06-10 20:52:12
TXN009392,CUST0853,12274.29,Food,2026-06-06,0,HIGH,2026-06-10 20:52:12
TXN009393,CUST0057,22901.7,Shopping,2026-06-08,0,HIGH,2026-06-10 20:52:12
TXN009394,CUST0557,39489.09,Healthcare,2026-04-28,0,HIGH,2026-06-10 20:52:12
TXN009395,CUST0521,6070.43,Travel,2026-05-28,0,MEDIUM,2026-06-10 20:52:12
TXN009396,CUST0354,7606.28,Travel,2026-04-05,0,MEDIUM,2026-06-10 20:52:12
TXN009397,CUST0711,47011.05,Food,2026-03-15,0,HIGH,2026-06-10 20:52:12
TXN009398,CUST0148,19053.61,Healthcare,2026-03-27,0,HIGH,2026-06-10 20:52:12
TXN009399,CUST0874,37994.35,Healthcare,2026-03-11,0,HIGH,2026-06-10 20:52:12
TXN009400,CUST0471,27714.48,Food,2026-02-02,0,HIGH,2026-06-10 20:52:12
TXN009401,CUST0056,25726.18,Healthcare,2026-04-05,0,HIGH,2026-06-10 20:52:12
TXN009402,CUST0429,13136.72,Food,2026-05-07,0,HIGH,2026-06-10 20:52:12
TXN009403,CUST0076,47557.57,Food,2026-02-14,0,HIGH,2026-06-10 20:52:12
TXN009404,CUST0582,17427.33,Travel,2026-04-25,0,HIGH,2026-06-10 20:52:12
TXN009405,CUST0071,48509.33,Healthcare,2026-03-11,1,HIGH,2026-06-10 20:52:12
TXN009406,CUST0893,42993.75,Food,2026-01-12,0,HIGH,2026-06-10 20:52:12
TXN009407,CUST0467,40070.71,Shopping,2026-04-29,0,HIGH,2026-06-10 20:52:12
TXN009408,CUST0342,26775.64,Travel,2026-05-07,0,HIGH,2026-06-10 20:52:12
TXN009409,CUST0953,36492.88,Shopping,2026-05-13,0,HIGH,2026-06-10 20:52:12
TXN009410,CUST0311,46668.29,Travel,2026-01-28,0,HIGH,2026-06-10 20:52:12
TXN009411,CUST0354,17745.39,Shopping,2026-04-22,0,HIGH,2026-06-10 20:52:12
TXN009412,CUST0595,3024.49,Food,2026-04-29,0,LOW,2026-06-10 20:52:12
TXN009413,CUST0063,38468.05,Healthcare,2026-04-28,0,HIGH,2026-06-10 20:52:12
TXN009414,CUST0969,41923.22,Healthcare,2026-05-19,0,HIGH,2026-06-10 20:52:12
TXN009415,CUST0385,33635.74,Food,2026-01-29,0,HIGH,2026-06-10 20:52:12
TXN009416,CUST0433,38083.76,Shopping,2026-05-19,0,HIGH,2026-06-10 20:52:12
TXN009417,CUST0653,32237.78,Food,2026-02-12,0,HIGH,2026-06-10 20:52:12
TXN009418,CUST0646,6567.97,Travel,2026-04-01,0,MEDIUM,2026-06-10 20:52:12
TXN009419,CUST0969,10417.46,Healthcare,2026-04-21,0,HIGH,2026-06-10 20:52:12
TXN009420,CUST0431,22747.55,Shopping,2026-05-12,0,HIGH,2026-06-10 20:52:12
TXN009421,CUST0420,44950.49,Shopping,2026-03-18,0,HIGH,2026-06-10 20:52:12
TXN009422,CUST0978,13431.19,Food,2026-05-29,1,HIGH,2026-06-10 20:52:12
TXN009423,CUST0075,37063.69,Shopping,2026-01-17,0,HIGH,2026-06-10 20:52:12
TXN009424,CUST0855,13504.4,Food,2026-05-05,0,HIGH,2026-06-10 20:52:12
TXN009425,CUST0960,20003.92,Travel,2026-05-29,0,HIGH,2026-06-10 20:52:12
TXN009426,CUST0133,26989.63,Healthcare,2026-02-10,0,HIGH,2026-06-10 20:52:12
TXN009427,CUST0021,30346.39,Healthcare,2026-01-09,0,HIGH,2026-06-10 20:52:12
TXN009428,CUST0354,17615.14,Travel,2026-02-09,0,HIGH,2026-06-10 20:52:12
TXN009429,CUST0992,41815.22,Healthcare,2026-03-16,0,HIGH,2026-06-10 20:52:12
TXN009430,CUST0252,724.24,Shopping,2026-03-13,0,LOW,2026-06-10 20:52:12
TXN009431,CUST0718,41570.38,Travel,2026-03-28,0,HIGH,2026-06-10 20:52:12
TXN009432,CUST0772,16241.26,Food,2026-03-27,0,HIGH,2026-06-10 20:52:12
TXN009433,CUST0846,25581.49,Healthcare,2026-01-29,0,HIGH,2026-06-10 20:52:12
TXN009434,CUST0163,15463.29,Travel,2026-02-05,0,HIGH,2026-06-10 20:52:12
TXN009435,CUST0033,25458.46,Travel,2026-02-13,0,HIGH,2026-06-10 20:52:12
TXN009436,CUST0900,35803.07,Shopping,2026-04-19,0,HIGH,2026-06-10 20:52:12
TXN009437,CUST0430,17047.68,Travel,2026-03-10,0,HIGH,2026-06-10 20:52:12
TXN009438,CUST0660,21766.05,Food,2026-01-01,0,HIGH,2026-06-10 20:52:12
TXN009439,CUST0765,8950.6,Healthcare,2026-02-19,0,MEDIUM,2026-06-10 20:52:12
TXN009440,CUST0476,23389.84,Healthcare,2026-03-14,1,HIGH,2026-06-10 20:52:12
TXN009441,CUST0317,23743.64,Healthcare,2026-02-05,0,HIGH,2026-06-10 20:52:12
TXN009442,CUST0535,28057.09,Travel,2026-05-31,0,HIGH,2026-06-10 20:52:12
TXN009443,CUST0016,35087.34,Travel,2026-04-22,0,HIGH,2026-06-10 20:52:12
TXN009444,CUST0260,18686.13,Healthcare,2026-04-06,0,HIGH,2026-06-10 20:52:12
TXN009445,CUST0741,8838.57,Travel,2026-05-29,0,MEDIUM,2026-06-10 20:52:12
TXN009446,CUST0758,31650.43,Healthcare,2026-01-31,0,HIGH,2026-06-10 20:52:12
TXN009447,CUST0344,3659.54,Healthcare,2026-01-16,0,LOW,2026-06-10 20:52:12
TXN009448,CUST0887,6554.22,Healthcare,2026-04-26,0,MEDIUM,2026-06-10 20:52:12
TXN009449,CUST0321,34965.37,Food,2026-02-28,0,HIGH,2026-06-10 20:52:12
TXN009450,CUST0869,41662.84,Healthcare,2026-01-16,0,HIGH,2026-06-10 20:52:12
TXN009451,CUST0012,45037.83,Shopping,2026-04-11,0,HIGH,2026-06-10 20:52:12
TXN009452,CUST0790,15892.21,Healthcare,2026-06-05,0,HIGH,2026-06-10 20:52:12
TXN009453,CUST0890,12096.71,Shopping,2026-01-12,0,HIGH,2026-06-10 20:52:12
TXN009454,CUST0266,35502.24,Healthcare,2026-01-17,0,HIGH,2026-06-10 20:52:12
TXN009455,CUST0687,23932.93,Healthcare,2026-02-18,0,HIGH,2026-06-10 20:52:12
TXN009456,CUST0565,5672.09,Food,2026-05-25,0,MEDIUM,2026-06-10 20:52:12
TXN009457,CUST0510,31921.84,Healthcare,2026-04-15,0,HIGH,2026-06-10 20:52:12
TXN009458,CUST0577,16378.28,Travel,2026-01-07,0,HIGH,2026-06-10 20:52:12
TXN009459,CUST0150,17569.55,Shopping,2026-01-19,0,HIGH,2026-06-10 20:52:12
TXN009460,CUST0287,7739.21,Healthcare,2026-03-03,1,MEDIUM,2026-06-10 20:52:12
TXN009461,CUST0956,12154.17,Healthcare,2026-01-07,0,HIGH,2026-06-10 20:52:12
TXN009462,CUST0260,6893.16,Shopping,2026-02-28,0,MEDIUM,2026-06-10 20:52:12
TXN009463,CUST0617,19845.94,Travel,2026-06-07,0,HIGH,2026-06-10 20:52:12
TXN009464,CUST0380,14759.29,Food,2026-03-11,0,HIGH,2026-06-10 20:52:12
TXN009465,CUST0578,28209.54,Healthcare,2026-02-08,1,HIGH,2026-06-10 20:52:12
TXN009466,CUST0058,20592.86,Food,2026-04-26,1,HIGH,2026-06-10 20:52:12
TXN009467,CUST0894,8070.25,Travel,2026-04-23,0,MEDIUM,2026-06-10 20:52:12
TXN009468,CUST0199,41434.29,Shopping,2026-05-20,0,HIGH,2026-06-10 20:52:12
TXN009469,CUST0016,40058.88,Healthcare,2026-06-03,0,HIGH,2026-06-10 20:52:12
TXN009470,CUST0242,19380.31,Healthcare,2026-02-21,0,HIGH,2026-06-10 20:52:12
TXN009471,CUST0979,6429.5,Food,2026-02-02,0,MEDIUM,2026-06-10 20:52:12
TXN009472,CUST0159,36415.49,Travel,2026-01-10,0,HIGH,2026-06-10 20:52:12
TXN009473,CUST0175,16067.61,Shopping,2026-04-20,0,HIGH,2026-06-10 20:52:12
TXN009474,CUST0889,34241.93,Travel,2026-05-06,0,HIGH,2026-06-10 20:52:12
TXN009475,CUST0358,26649.33,Travel,2026-01-25,0,HIGH,2026-06-10 20:52:12
TXN009476,CUST0926,10181.73,Food,2026-05-31,1,HIGH,2026-06-10 20:52:12
TXN009477,CUST0502,15586.69,Shopping,2026-06-03,0,HIGH,2026-06-10 20:52:12
TXN009478,CUST0666,28249.2,Travel,2026-02-24,0,HIGH,2026-06-10 20:52:12
TXN009479,CUST0826,47290.34,Shopping,2026-05-25,0,HIGH,2026-06-10 20:52:12
TXN009480,CUST0436,10880.46,Shopping,2026-02-28,0,HIGH,2026-06-10 20:52:12
TXN009481,CUST0371,5533.14,Travel,2026-06-01,0,MEDIUM,2026-06-10 20:52:12
TXN009482,CUST0562,5429.52,Travel,2026-03-17,0,MEDIUM,2026-06-10 20:52:12
TXN009483,CUST0593,38718.56,Healthcare,2026-05-13,0,HIGH,2026-06-10 20:52:12
TXN009484,CUST0245,16727.76,Healthcare,2026-04-06,0,HIGH,2026-06-10 20:52:12
TXN009485,CUST0475,1654.57,Shopping,2026-04-20,0,LOW,2026-06-10 20:52:12
TXN009486,CUST0492,38597.88,Food,2026-04-29,0,HIGH,2026-06-10 20:52:12
TXN009487,CUST0406,10576.57,Healthcare,2026-02-18,0,HIGH,2026-06-10 20:52:12
TXN009488,CUST0183,48969.4,Travel,2026-05-18,0,HIGH,2026-06-10 20:52:12
TXN009489,CUST0868,6527.55,Travel,2026-05-16,0,MEDIUM,2026-06-10 20:52:12
TXN009490,CUST0887,27095.93,Food,2026-02-22,0,HIGH,2026-06-10 20:52:12
TXN009491,CUST0153,37031.19,Shopping,2026-05-01,0,HIGH,2026-06-10 20:52:12
TXN009492,CUST0659,33397.3,Healthcare,2026-01-12,0,HIGH,2026-06-10 20:52:12
TXN009493,CUST0654,17976.99,Healthcare,2026-05-25,0,HIGH,2026-06-10 20:52:12
TXN009494,CUST0923,8167.87,Food,2026-04-26,0,MEDIUM,2026-06-10 20:52:12
TXN009495,CUST0122,19396.72,Travel,2026-03-30,0,HIGH,2026-06-10 20:52:12
TXN009496,CUST0337,18236.89,Travel,2026-02-21,0,HIGH,2026-06-10 20:52:12
TXN009497,CUST0492,27599.12,Travel,2026-02-19,0,HIGH,2026-06-10 20:52:12
TXN009498,CUST0380,46582.56,Healthcare,2026-03-30,0,HIGH,2026-06-10 20:52:12
TXN009499,CUST0768,51.75,Healthcare,2026-02-14,0,LOW,2026-06-10 20:52:12
TXN009500,CUST0979,179.86,Food,2026-03-16,1,LOW,2026-06-10 20:52:12
TXN009501,CUST0701,41635.59,Shopping,2026-01-22,0,HIGH,2026-06-10 20:52:12
TXN009502,CUST0525,809.43,Healthcare,2026-02-18,0,LOW,2026-06-10 20:52:12
TXN009503,CUST0395,1489.0,Travel,2026-01-04,0,LOW,2026-06-10 20:52:12
TXN009504,CUST0993,13127.1,Travel,2026-05-16,0,HIGH,2026-06-10 20:52:12
TXN009505,CUST0906,18111.11,Shopping,2026-01-27,0,HIGH,2026-06-10 20:52:12
TXN009506,CUST0450,8352.6,Food,2026-03-17,0,MEDIUM,2026-06-10 20:52:12
TXN009507,CUST0036,4408.05,Healthcare,2026-05-19,0,LOW,2026-06-10 20:52:12
TXN009508,CUST0836,37443.74,Healthcare,2026-05-15,0,HIGH,2026-06-10 20:52:12
TXN009509,CUST0764,48696.09,Travel,2026-04-17,0,HIGH,2026-06-10 20:52:12
TXN009510,CUST0435,36393.37,Travel,2026-01-09,0,HIGH,2026-06-10 20:52:12
TXN009511,CUST0130,3139.67,Shopping,2026-05-19,0,LOW,2026-06-10 20:52:12
TXN009512,CUST0589,27973.58,Shopping,2026-02-08,0,HIGH,2026-06-10 20:52:12
TXN009513,CUST0953,32092.53,Shopping,2026-01-09,0,HIGH,2026-06-10 20:52:12
TXN009514,CUST0305,27679.75,Food,2026-04-10,1,HIGH,2026-06-10 20:52:12
TXN009515,CUST0886,20348.3,Healthcare,2026-05-08,0,HIGH,2026-06-10 20:52:12
TXN009516,CUST0112,19273.96,Shopping,2026-01-26,0,HIGH,2026-06-10 20:52:12
TXN009517,CUST0794,39558.41,Travel,2026-02-13,0,HIGH,2026-06-10 20:52:12
TXN009518,CUST0655,40841.04,Food,2026-05-25,0,HIGH,2026-06-10 20:52:12
TXN009519,CUST0219,26331.42,Shopping,2026-02-09,0,HIGH,2026-06-10 20:52:12
TXN009520,CUST0814,35409.82,Travel,2026-03-26,0,HIGH,2026-06-10 20:52:12
TXN009521,CUST0702,29600.51,Travel,2026-05-17,0,HIGH,2026-06-10 20:52:12
TXN009522,CUST0942,40161.29,Food,2026-05-23,0,HIGH,2026-06-10 20:52:12
TXN009523,CUST0727,37741.76,Food,2026-04-13,0,HIGH,2026-06-10 20:52:12
TXN009524,CUST0857,7211.53,Shopping,2026-03-06,0,MEDIUM,2026-06-10 20:52:12
TXN009525,CUST0829,33652.75,Shopping,2026-03-05,0,HIGH,2026-06-10 20:52:12
TXN009526,CUST0035,17897.28,Healthcare,2026-04-13,0,HIGH,2026-06-10 20:52:12
TXN009527,CUST0867,16348.26,Healthcare,2026-01-20,0,HIGH,2026-06-10 20:52:12
TXN009528,CUST0164,9694.08,Shopping,2026-04-14,0,MEDIUM,2026-06-10 20:52:12
TXN009529,CUST0860,33407.88,Travel,2026-05-10,0,HIGH,2026-06-10 20:52:12
TXN009530,CUST0063,1220.46,Food,2026-04-05,0,LOW,2026-06-10 20:52:12
TXN009531,CUST0731,30402.13,Food,2026-01-21,0,HIGH,2026-06-10 20:52:12
TXN009532,CUST0878,21353.46,Food,2026-01-01,0,HIGH,2026-06-10 20:52:12
TXN009533,CUST0229,29965.08,Shopping,2026-01-05,0,HIGH,2026-06-10 20:52:12
TXN009534,CUST0697,18785.42,Food,2026-05-19,0,HIGH,2026-06-10 20:52:12
TXN009535,CUST0973,14839.04,Food,2026-01-29,0,HIGH,2026-06-10 20:52:12
TXN009536,CUST0940,47510.75,Shopping,2026-04-07,0,HIGH,2026-06-10 20:52:12
TXN009537,CUST0139,11824.7,Travel,2026-05-16,0,HIGH,2026-06-10 20:52:12
TXN009538,CUST0824,22450.06,Travel,2026-01-28,0,HIGH,2026-06-10 20:52:12
TXN009539,CUST0023,48090.96,Food,2026-01-08,0,HIGH,2026-06-10 20:52:12
TXN009540,CUST0630,9530.08,Travel,2026-06-01,0,MEDIUM,2026-06-10 20:52:12
TXN009541,CUST0698,37359.35,Healthcare,2026-06-01,0,HIGH,2026-06-10 20:52:12
TXN009542,CUST0650,42836.81,Food,2026-02-18,0,HIGH,2026-06-10 20:52:12
TXN009543,CUST0419,21817.04,Shopping,2026-06-01,0,HIGH,2026-06-10 20:52:12
TXN009544,CUST0470,23076.31,Healthcare,2026-04-17,0,HIGH,2026-06-10 20:52:12
TXN009545,CUST0494,2641.37,Shopping,2026-02-20,0,LOW,2026-06-10 20:52:12
TXN009546,CUST0633,49112.68,Food,2026-04-03,0,HIGH,2026-06-10 20:52:12
TXN009547,CUST0898,27771.05,Shopping,2026-05-08,0,HIGH,2026-06-10 20:52:12
TXN009548,CUST0375,39767.76,Shopping,2026-02-14,0,HIGH,2026-06-10 20:52:12
TXN009549,CUST0969,2108.95,Food,2026-03-19,0,LOW,2026-06-10 20:52:12
TXN009550,CUST0872,3579.17,Travel,2026-04-09,0,LOW,2026-06-10 20:52:12
TXN009551,CUST0795,9490.77,Food,2026-04-03,0,MEDIUM,2026-06-10 20:52:12
TXN009552,CUST0763,26793.03,Food,2026-05-30,0,HIGH,2026-06-10 20:52:12
TXN009553,CUST0198,44315.06,Healthcare,2026-02-25,0,HIGH,2026-06-10 20:52:12
TXN009554,CUST0967,30759.08,Food,2026-03-13,0,HIGH,2026-06-10 20:52:12
TXN009555,CUST0129,25278.19,Healthcare,2026-05-26,0,HIGH,2026-06-10 20:52:12
TXN009556,CUST0131,5082.39,Healthcare,2026-04-17,0,MEDIUM,2026-06-10 20:52:12
TXN009557,CUST0953,26808.69,Healthcare,2026-04-29,0,HIGH,2026-06-10 20:52:12
TXN009558,CUST0303,15813.54,Travel,2026-03-13,0,HIGH,2026-06-10 20:52:12
TXN009559,CUST0107,2916.44,Healthcare,2026-02-20,0,LOW,2026-06-10 20:52:12
TXN009560,CUST0602,4054.68,Healthcare,2026-04-12,0,LOW,2026-06-10 20:52:12
TXN009561,CUST0571,48939.45,Healthcare,2026-03-05,1,HIGH,2026-06-10 20:52:12
TXN009562,CUST0958,40321.48,Healthcare,2026-01-04,0,HIGH,2026-06-10 20:52:12
TXN009563,CUST0310,4482.96,Shopping,2026-04-10,0,LOW,2026-06-10 20:52:12
TXN009564,CUST0935,29622.75,Shopping,2026-05-05,0,HIGH,2026-06-10 20:52:12
TXN009565,CUST0286,48960.09,Travel,2026-03-15,0,HIGH,2026-06-10 20:52:12
TXN009566,CUST0394,34599.56,Healthcare,2026-05-05,0,HIGH,2026-06-10 20:52:12
TXN009567,CUST0916,38287.23,Food,2026-02-12,0,HIGH,2026-06-10 20:52:12
TXN009568,CUST0263,15900.84,Food,2026-01-30,0,HIGH,2026-06-10 20:52:12
TXN009569,CUST0238,1894.23,Shopping,2026-01-14,0,LOW,2026-06-10 20:52:12
TXN009570,CUST0922,44663.79,Food,2026-06-06,0,HIGH,2026-06-10 20:52:12
TXN009571,CUST0359,31982.3,Travel,2026-01-20,0,HIGH,2026-06-10 20:52:12
TXN009572,CUST0959,29638.39,Travel,2026-04-18,0,HIGH,2026-06-10 20:52:12
TXN009573,CUST0101,5547.01,Food,2026-03-31,0,MEDIUM,2026-06-10 20:52:12
TXN009574,CUST0601,7721.4,Travel,2026-02-16,0,MEDIUM,2026-06-10 20:52:12
TXN009575,CUST0778,24228.22,Food,2026-01-10,0,HIGH,2026-06-10 20:52:12
TXN009576,CUST0265,35714.77,Shopping,2026-02-15,0,HIGH,2026-06-10 20:52:12
TXN009577,CUST0671,31834.9,Healthcare,2026-05-28,0,HIGH,2026-06-10 20:52:12
TXN009578,CUST0460,34200.43,Shopping,2026-05-27,0,HIGH,2026-06-10 20:52:12
TXN009579,CUST0908,13442.77,Food,2026-02-25,0,HIGH,2026-06-10 20:52:12
TXN009580,CUST0177,22348.52,Food,2026-03-04,0,HIGH,2026-06-10 20:52:12
TXN009581,CUST0339,34418.7,Travel,2026-02-04,0,HIGH,2026-06-10 20:52:12
TXN009582,CUST0471,9734.26,Shopping,2026-01-13,0,MEDIUM,2026-06-10 20:52:12
TXN009583,CUST0916,46185.21,Food,2026-04-02,0,HIGH,2026-06-10 20:52:12
TXN009584,CUST0479,38469.01,Shopping,2026-05-11,0,HIGH,2026-06-10 20:52:12
TXN009585,CUST0532,7842.72,Shopping,2026-04-10,0,MEDIUM,2026-06-10 20:52:12
TXN009586,CUST0601,5938.06,Healthcare,2026-05-25,1,MEDIUM,2026-06-10 20:52:12
TXN009587,CUST0208,13178.99,Travel,2026-05-05,0,HIGH,2026-06-10 20:52:12
TXN009588,CUST0637,7607.82,Food,2026-01-14,0,MEDIUM,2026-06-10 20:52:12
TXN009589,CUST0283,30223.08,Food,2026-02-18,0,HIGH,2026-06-10 20:52:12
TXN009590,CUST0483,28010.35,Travel,2026-02-04,0,HIGH,2026-06-10 20:52:12
TXN009591,CUST0808,11107.68,Shopping,2026-05-02,0,HIGH,2026-06-10 20:52:12
TXN009592,CUST0289,19776.65,Food,2026-04-29,1,HIGH,2026-06-10 20:52:12
TXN009593,CUST0862,35808.96,Healthcare,2026-03-19,0,HIGH,2026-06-10 20:52:12
TXN009594,CUST0469,18990.84,Shopping,2026-03-11,0,HIGH,2026-06-10 20:52:12
TXN009595,CUST0980,14918.68,Shopping,2026-02-08,0,HIGH,2026-06-10 20:52:12
TXN009596,CUST0608,18933.11,Food,2026-04-05,0,HIGH,2026-06-10 20:52:12
TXN009597,CUST0637,45887.71,Shopping,2026-03-28,0,HIGH,2026-06-10 20:52:12
TXN009598,CUST0223,48653.94,Healthcare,2026-05-22,0,HIGH,2026-06-10 20:52:12
TXN009599,CUST0541,20153.72,Shopping,2026-04-28,0,HIGH,2026-06-10 20:52:12
TXN009600,CUST0013,40963.4,Shopping,2026-02-12,0,HIGH,2026-06-10 20:52:12
TXN009601,CUST0697,11979.81,Shopping,2026-01-05,0,HIGH,2026-06-10 20:52:12
TXN009602,CUST0561,36.33,Travel,2026-01-24,0,LOW,2026-06-10 20:52:12
TXN009603,CUST0436,32716.66,Healthcare,2026-04-10,1,HIGH,2026-06-10 20:52:12
TXN009604,CUST0628,30749.26,Travel,2026-05-05,1,HIGH,2026-06-10 20:52:12
TXN009605,CUST0826,16674.18,Food,2026-03-24,0,HIGH,2026-06-10 20:52:12
TXN009606,CUST0360,30128.98,Healthcare,2026-04-03,0,HIGH,2026-06-10 20:52:12
TXN009607,CUST0614,48395.86,Food,2026-01-30,0,HIGH,2026-06-10 20:52:12
TXN009608,CUST0089,20082.8,Food,2026-03-09,0,HIGH,2026-06-10 20:52:12
TXN009609,CUST0309,13686.8,Healthcare,2026-05-05,0,HIGH,2026-06-10 20:52:12
TXN009610,CUST0637,19368.25,Healthcare,2026-02-10,0,HIGH,2026-06-10 20:52:12
TXN009611,CUST0943,9679.66,Shopping,2026-01-26,0,MEDIUM,2026-06-10 20:52:12
TXN009612,CUST0461,26323.74,Food,2026-01-22,0,HIGH,2026-06-10 20:52:12
TXN009613,CUST0297,20700.74,Healthcare,2026-04-15,0,HIGH,2026-06-10 20:52:12
TXN009614,CUST0299,20793.02,Shopping,2026-02-26,0,HIGH,2026-06-10 20:52:12
TXN009615,CUST0003,32383.79,Food,2026-06-01,0,HIGH,2026-06-10 20:52:12
TXN009616,CUST0464,5508.34,Shopping,2026-04-02,0,MEDIUM,2026-06-10 20:52:12
TXN009617,CUST0355,4512.4,Food,2026-01-23,0,LOW,2026-06-10 20:52:12
TXN009618,CUST0426,10776.09,Travel,2026-03-12,0,HIGH,2026-06-10 20:52:12
TXN009619,CUST0386,41300.11,Travel,2026-06-03,0,HIGH,2026-06-10 20:52:12
TXN009620,CUST0918,40313.78,Shopping,2026-04-20,1,HIGH,2026-06-10 20:52:12
TXN009621,CUST0585,5747.97,Healthcare,2026-04-08,0,MEDIUM,2026-06-10 20:52:12
TXN009622,CUST0997,48459.67,Travel,2026-03-26,0,HIGH,2026-06-10 20:52:12
TXN009623,CUST0847,41966.36,Healthcare,2026-01-22,0,HIGH,2026-06-10 20:52:12
TXN009624,CUST0476,49303.77,Travel,2026-03-14,0,HIGH,2026-06-10 20:52:12
TXN009625,CUST0137,25485.31,Food,2026-03-06,0,HIGH,2026-06-10 20:52:12
TXN009626,CUST0379,48121.72,Food,2026-04-16,0,HIGH,2026-06-10 20:52:12
TXN009627,CUST0617,26320.65,Healthcare,2026-04-07,0,HIGH,2026-06-10 20:52:12
TXN009628,CUST0090,1384.83,Food,2026-04-25,0,LOW,2026-06-10 20:52:12
TXN009629,CUST0205,39371.52,Travel,2026-02-14,0,HIGH,2026-06-10 20:52:12
TXN009630,CUST0975,22578.96,Shopping,2026-05-23,0,HIGH,2026-06-10 20:52:12
TXN009631,CUST0618,30634.32,Food,2026-04-06,0,HIGH,2026-06-10 20:52:12
TXN009632,CUST0909,10176.98,Shopping,2026-05-17,0,HIGH,2026-06-10 20:52:12
TXN009633,CUST0356,36469.25,Shopping,2026-01-09,0,HIGH,2026-06-10 20:52:12
TXN009634,CUST0991,6806.02,Food,2026-02-05,1,MEDIUM,2026-06-10 20:52:12
TXN009635,CUST0872,26101.06,Shopping,2026-03-05,0,HIGH,2026-06-10 20:52:12
TXN009636,CUST0299,41669.69,Travel,2026-05-21,0,HIGH,2026-06-10 20:52:12
TXN009637,CUST0382,2518.14,Travel,2026-01-24,0,LOW,2026-06-10 20:52:12
TXN009638,CUST0778,36708.92,Travel,2026-05-31,0,HIGH,2026-06-10 20:52:12
TXN009639,CUST0441,43103.28,Shopping,2026-04-17,0,HIGH,2026-06-10 20:52:12
TXN009640,CUST0427,30653.4,Travel,2026-03-01,0,HIGH,2026-06-10 20:52:12
TXN009641,CUST0087,20696.76,Healthcare,2026-02-23,0,HIGH,2026-06-10 20:52:12
TXN009642,CUST0782,2166.57,Travel,2026-02-15,0,LOW,2026-06-10 20:52:12
TXN009643,CUST0341,32065.87,Travel,2026-01-25,0,HIGH,2026-06-10 20:52:12
TXN009644,CUST0048,34095.07,Healthcare,2026-03-02,0,HIGH,2026-06-10 20:52:12
TXN009645,CUST0604,26582.45,Shopping,2026-01-10,0,HIGH,2026-06-10 20:52:12
TXN009646,CUST0676,26978.57,Healthcare,2026-01-06,0,HIGH,2026-06-10 20:52:12
TXN009647,CUST0878,15025.79,Travel,2026-03-04,0,HIGH,2026-06-10 20:52:12
TXN009648,CUST0509,4654.58,Travel,2026-01-27,0,LOW,2026-06-10 20:52:12
TXN009649,CUST0229,31621.14,Travel,2026-01-19,0,HIGH,2026-06-10 20:52:12
TXN009650,CUST0121,8953.56,Shopping,2026-01-15,0,MEDIUM,2026-06-10 20:52:12
TXN009651,CUST0389,46517.42,Travel,2026-06-04,0,HIGH,2026-06-10 20:52:12
TXN009652,CUST0830,15921.26,Food,2026-02-09,0,HIGH,2026-06-10 20:52:12
TXN009653,CUST0736,43148.16,Travel,2026-04-14,0,HIGH,2026-06-10 20:52:12
TXN009654,CUST0614,45965.16,Travel,2026-05-21,0,HIGH,2026-06-10 20:52:12
TXN009655,CUST0400,903.16,Shopping,2026-03-28,0,LOW,2026-06-10 20:52:12
TXN009656,CUST0447,18997.34,Healthcare,2026-01-30,0,HIGH,2026-06-10 20:52:12
TXN009657,CUST0816,41361.67,Healthcare,2026-03-06,0,HIGH,2026-06-10 20:52:12
TXN009658,CUST0404,3164.13,Travel,2026-04-08,0,LOW,2026-06-10 20:52:12
TXN009659,CUST0636,23989.83,Food,2026-01-21,0,HIGH,2026-06-10 20:52:12
TXN009660,CUST0402,8547.02,Travel,2026-05-03,0,MEDIUM,2026-06-10 20:52:12
TXN009661,CUST0078,13202.8,Shopping,2026-05-24,0,HIGH,2026-06-10 20:52:12
TXN009662,CUST0759,21401.44,Travel,2026-01-11,0,HIGH,2026-06-10 20:52:12
TXN009663,CUST0190,13598.46,Travel,2026-03-29,0,HIGH,2026-06-10 20:52:12
TXN009664,CUST0366,1379.49,Food,2026-05-16,0,LOW,2026-06-10 20:52:12
TXN009665,CUST0210,49460.23,Shopping,2026-02-07,0,HIGH,2026-06-10 20:52:12
TXN009666,CUST0375,19980.03,Food,2026-05-06,0,HIGH,2026-06-10 20:52:12
TXN009667,CUST0978,19840.8,Healthcare,2026-05-12,1,HIGH,2026-06-10 20:52:12
TXN009668,CUST0372,48801.9,Travel,2026-02-22,0,HIGH,2026-06-10 20:52:12
TXN009669,CUST0326,22284.55,Travel,2026-02-18,0,HIGH,2026-06-10 20:52:12
TXN009670,CUST0003,4344.84,Healthcare,2026-04-08,0,LOW,2026-06-10 20:52:12
TXN009671,CUST0552,1697.74,Shopping,2026-04-12,0,LOW,2026-06-10 20:52:12
TXN009672,CUST0300,25637.61,Healthcare,2026-01-07,0,HIGH,2026-06-10 20:52:12
TXN009673,CUST0036,34505.73,Shopping,2026-03-22,0,HIGH,2026-06-10 20:52:12
TXN009674,CUST0178,17439.59,Travel,2026-05-21,0,HIGH,2026-06-10 20:52:12
TXN009675,CUST0117,27337.31,Food,2026-05-06,0,HIGH,2026-06-10 20:52:12
TXN009676,CUST0003,13352.89,Shopping,2026-02-11,0,HIGH,2026-06-10 20:52:12
TXN009677,CUST0015,39781.8,Shopping,2026-03-23,0,HIGH,2026-06-10 20:52:12
TXN009678,CUST0501,10161.08,Travel,2026-02-08,0,HIGH,2026-06-10 20:52:12
TXN009679,CUST0167,37493.23,Food,2026-03-09,0,HIGH,2026-06-10 20:52:12
TXN009680,CUST0466,25626.27,Healthcare,2026-05-21,0,HIGH,2026-06-10 20:52:12
TXN009681,CUST0297,34523.42,Travel,2026-04-01,0,HIGH,2026-06-10 20:52:12
TXN009682,CUST0964,47712.86,Food,2026-01-31,0,HIGH,2026-06-10 20:52:12
TXN009683,CUST0811,32426.99,Travel,2026-03-23,0,HIGH,2026-06-10 20:52:12
TXN009684,CUST0517,16722.12,Travel,2026-01-04,0,HIGH,2026-06-10 20:52:12
TXN009685,CUST0828,26668.99,Shopping,2026-05-15,0,HIGH,2026-06-10 20:52:12
TXN009686,CUST0884,47717.4,Healthcare,2026-02-28,0,HIGH,2026-06-10 20:52:12
TXN009687,CUST0666,11429.03,Food,2026-03-30,0,HIGH,2026-06-10 20:52:12
TXN009688,CUST0878,13775.19,Healthcare,2026-03-27,0,HIGH,2026-06-10 20:52:12
TXN009689,CUST0899,43035.77,Healthcare,2026-01-17,0,HIGH,2026-06-10 20:52:12
TXN009690,CUST0599,41774.48,Shopping,2026-03-22,0,HIGH,2026-06-10 20:52:12
TXN009691,CUST0640,43758.14,Shopping,2026-02-16,0,HIGH,2026-06-10 20:52:12
TXN009692,CUST0425,136.13,Travel,2026-04-23,0,LOW,2026-06-10 20:52:12
TXN009693,CUST0982,39794.1,Shopping,2026-02-12,1,HIGH,2026-06-10 20:52:12
TXN009694,CUST0762,7948.84,Food,2026-01-03,0,MEDIUM,2026-06-10 20:52:12
TXN009695,CUST0714,2318.46,Healthcare,2026-01-20,0,LOW,2026-06-10 20:52:12
TXN009696,CUST0418,21707.39,Healthcare,2026-05-24,0,HIGH,2026-06-10 20:52:12
TXN009697,CUST0062,15975.68,Travel,2026-05-18,0,HIGH,2026-06-10 20:52:12
TXN009698,CUST0132,28375.03,Food,2026-04-18,0,HIGH,2026-06-10 20:52:12
TXN009699,CUST0715,45653.0,Healthcare,2026-01-02,0,HIGH,2026-06-10 20:52:12
TXN009700,CUST0966,16301.43,Food,2026-04-09,0,HIGH,2026-06-10 20:52:12
TXN009701,CUST0615,3358.68,Travel,2026-03-12,0,LOW,2026-06-10 20:52:12
TXN009702,CUST0478,28472.63,Travel,2026-04-11,0,HIGH,2026-06-10 20:52:12
TXN009703,CUST0817,27004.9,Travel,2026-01-07,0,HIGH,2026-06-10 20:52:12
TXN009704,CUST0360,15961.29,Travel,2026-03-16,0,HIGH,2026-06-10 20:52:12
TXN009705,CUST0369,16306.18,Shopping,2026-04-10,0,HIGH,2026-06-10 20:52:12
TXN009706,CUST0349,23453.97,Food,2026-01-10,0,HIGH,2026-06-10 20:52:12
TXN009707,CUST0083,6806.58,Travel,2026-04-19,0,MEDIUM,2026-06-10 20:52:12
TXN009708,CUST0869,26252.54,Travel,2026-05-26,0,HIGH,2026-06-10 20:52:12
TXN009709,CUST0688,12625.11,Shopping,2026-04-12,0,HIGH,2026-06-10 20:52:12
TXN009710,CUST0922,20218.44,Healthcare,2026-05-31,1,HIGH,2026-06-10 20:52:12
TXN009711,CUST0367,5967.2,Travel,2026-05-05,0,MEDIUM,2026-06-10 20:52:12
TXN009712,CUST0492,15060.42,Healthcare,2026-02-10,0,HIGH,2026-06-10 20:52:12
TXN009713,CUST0007,33070.75,Food,2026-01-22,0,HIGH,2026-06-10 20:52:12
TXN009714,CUST0598,8444.78,Travel,2026-01-23,1,MEDIUM,2026-06-10 20:52:12
TXN009715,CUST0183,42255.32,Food,2026-05-05,0,HIGH,2026-06-10 20:52:12
TXN009716,CUST0772,12582.59,Travel,2026-04-19,0,HIGH,2026-06-10 20:52:12
TXN009717,CUST0947,21034.12,Healthcare,2026-01-16,0,HIGH,2026-06-10 20:52:12
TXN009718,CUST0426,10117.35,Shopping,2026-01-30,0,HIGH,2026-06-10 20:52:12
TXN009719,CUST0358,47436.2,Healthcare,2026-03-31,0,HIGH,2026-06-10 20:52:12
TXN009720,CUST0302,16053.45,Food,2026-01-14,0,HIGH,2026-06-10 20:52:12
TXN009721,CUST0782,43317.68,Food,2026-04-15,0,HIGH,2026-06-10 20:52:12
TXN009722,CUST0854,17803.48,Travel,2026-02-08,1,HIGH,2026-06-10 20:52:12
TXN009723,CUST0805,27091.49,Healthcare,2026-02-23,0,HIGH,2026-06-10 20:52:12
TXN009724,CUST0410,8592.4,Healthcare,2026-06-03,0,MEDIUM,2026-06-10 20:52:12
TXN009725,CUST0552,15736.04,Healthcare,2026-01-24,0,HIGH,2026-06-10 20:52:12
TXN009726,CUST0174,14361.45,Shopping,2026-05-03,0,HIGH,2026-06-10 20:52:12
TXN009727,CUST0788,20944.06,Travel,2026-02-13,0,HIGH,2026-06-10 20:52:12
TXN009728,CUST0322,4562.21,Shopping,2026-04-15,0,LOW,2026-06-10 20:52:12
TXN009729,CUST0055,23452.39,Food,2026-03-05,0,HIGH,2026-06-10 20:52:12
TXN009730,CUST0507,40387.08,Food,2026-05-15,0,HIGH,2026-06-10 20:52:12
TXN009731,CUST0442,985.15,Shopping,2026-01-13,0,LOW,2026-06-10 20:52:12
TXN009732,CUST0653,28557.5,Healthcare,2026-03-04,0,HIGH,2026-06-10 20:52:12
TXN009733,CUST0892,23459.86,Food,2026-04-25,0,HIGH,2026-06-10 20:52:12
TXN009734,CUST0446,19554.96,Food,2026-05-09,0,HIGH,2026-06-10 20:52:12
TXN009735,CUST0227,2999.01,Shopping,2026-01-14,0,LOW,2026-06-10 20:52:12
TXN009736,CUST0021,33759.32,Food,2026-03-25,0,HIGH,2026-06-10 20:52:12
TXN009737,CUST0096,35833.66,Shopping,2026-03-23,0,HIGH,2026-06-10 20:52:12
TXN009738,CUST0192,48723.89,Healthcare,2026-04-18,0,HIGH,2026-06-10 20:52:12
TXN009739,CUST0921,9028.72,Healthcare,2026-02-20,0,MEDIUM,2026-06-10 20:52:12
TXN009740,CUST0523,9573.28,Travel,2026-04-04,0,MEDIUM,2026-06-10 20:52:12
TXN009741,CUST0411,20253.46,Food,2026-05-03,0,HIGH,2026-06-10 20:52:12
TXN009742,CUST0241,49014.57,Food,2026-01-10,0,HIGH,2026-06-10 20:52:12
TXN009743,CUST0956,39449.48,Healthcare,2026-01-12,0,HIGH,2026-06-10 20:52:12
TXN009744,CUST0541,22296.45,Travel,2026-04-24,1,HIGH,2026-06-10 20:52:12
TXN009745,CUST0620,10571.96,Travel,2026-04-21,0,HIGH,2026-06-10 20:52:12
TXN009746,CUST0356,10711.95,Food,2026-05-16,0,HIGH,2026-06-10 20:52:12
TXN009747,CUST0915,31465.51,Food,2026-05-14,0,HIGH,2026-06-10 20:52:12
TXN009748,CUST0445,2835.48,Food,2026-02-20,0,LOW,2026-06-10 20:52:12
TXN009749,CUST0909,36983.4,Shopping,2026-01-28,0,HIGH,2026-06-10 20:52:12
TXN009750,CUST0509,20252.65,Healthcare,2026-03-20,0,HIGH,2026-06-10 20:52:12
TXN009751,CUST0904,41128.0,Shopping,2026-04-01,0,HIGH,2026-06-10 20:52:12
TXN009752,CUST0137,17902.75,Shopping,2026-05-31,0,HIGH,2026-06-10 20:52:12
TXN009753,CUST0880,27652.77,Travel,2026-02-27,0,HIGH,2026-06-10 20:52:12
TXN009754,CUST0139,18283.01,Shopping,2026-04-17,0,HIGH,2026-06-10 20:52:12
TXN009755,CUST0511,48557.31,Food,2026-01-21,0,HIGH,2026-06-10 20:52:12
TXN009756,CUST0629,19099.24,Food,2026-04-29,0,HIGH,2026-06-10 20:52:12
TXN009757,CUST0491,27785.78,Food,2026-05-24,0,HIGH,2026-06-10 20:52:12
TXN009758,CUST1000,41865.99,Shopping,2026-04-24,1,HIGH,2026-06-10 20:52:12
TXN009759,CUST0340,35784.57,Travel,2026-02-03,0,HIGH,2026-06-10 20:52:12
TXN009760,CUST0283,18322.02,Healthcare,2026-01-09,0,HIGH,2026-06-10 20:52:12
TXN009761,CUST0146,22642.19,Food,2026-04-08,0,HIGH,2026-06-10 20:52:12
TXN009762,CUST0897,428.68,Food,2026-04-20,0,LOW,2026-06-10 20:52:12
TXN009763,CUST0923,30479.7,Travel,2026-02-25,0,HIGH,2026-06-10 20:52:12
TXN009764,CUST0621,8448.76,Food,2026-02-27,1,MEDIUM,2026-06-10 20:52:12
TXN009765,CUST0374,21685.96,Travel,2026-01-10,0,HIGH,2026-06-10 20:52:12
TXN009766,CUST0646,44106.97,Food,2026-03-12,0,HIGH,2026-06-10 20:52:12
TXN009767,CUST0282,46729.4,Healthcare,2026-01-12,0,HIGH,2026-06-10 20:52:12
TXN009768,CUST0153,47391.23,Travel,2026-03-26,0,HIGH,2026-06-10 20:52:12
TXN009769,CUST0109,22518.41,Healthcare,2026-05-03,0,HIGH,2026-06-10 20:52:12
TXN009770,CUST0612,19310.0,Shopping,2026-04-17,1,HIGH,2026-06-10 20:52:12
TXN009771,CUST0059,45350.68,Shopping,2026-05-26,0,HIGH,2026-06-10 20:52:12
TXN009772,CUST0077,2020.18,Travel,2026-04-23,0,LOW,2026-06-10 20:52:12
TXN009773,CUST0134,12217.29,Healthcare,2026-03-17,0,HIGH,2026-06-10 20:52:12
TXN009774,CUST0985,33866.35,Healthcare,2026-04-21,0,HIGH,2026-06-10 20:52:12
TXN009775,CUST0427,1918.73,Healthcare,2026-05-09,0,LOW,2026-06-10 20:52:12
TXN009776,CUST0888,984.37,Shopping,2026-02-24,0,LOW,2026-06-10 20:52:12
TXN009777,CUST0384,14837.27,Healthcare,2026-02-21,0,HIGH,2026-06-10 20:52:12
TXN009778,CUST0857,47250.25,Healthcare,2026-06-05,0,HIGH,2026-06-10 20:52:12
TXN009779,CUST0108,44471.16,Food,2026-01-16,0,HIGH,2026-06-10 20:52:12
TXN009780,CUST0397,46476.6,Healthcare,2026-03-13,0,HIGH,2026-06-10 20:52:12
TXN009781,CUST0427,40697.59,Food,2026-01-27,0,HIGH,2026-06-10 20:52:12
TXN009782,CUST0625,38897.55,Shopping,2026-02-24,1,HIGH,2026-06-10 20:52:12
TXN009783,CUST0316,39032.8,Healthcare,2026-03-08,0,HIGH,2026-06-10 20:52:12
TXN009784,CUST0958,16111.19,Travel,2026-04-30,0,HIGH,2026-06-10 20:52:12
TXN009785,CUST0874,42578.7,Shopping,2026-03-16,0,HIGH,2026-06-10 20:52:12
TXN009786,CUST0670,874.98,Healthcare,2026-01-16,0,LOW,2026-06-10 20:52:12
TXN009787,CUST0629,9204.27,Food,2026-06-09,0,MEDIUM,2026-06-10 20:52:12
TXN009788,CUST0907,27127.05,Shopping,2026-05-08,0,HIGH,2026-06-10 20:52:12
TXN009789,CUST0269,6729.17,Food,2026-02-19,0,MEDIUM,2026-06-10 20:52:12
TXN009790,CUST0137,10537.95,Healthcare,2026-02-23,0,HIGH,2026-06-10 20:52:12
TXN009791,CUST0881,8493.16,Food,2026-03-14,0,MEDIUM,2026-06-10 20:52:12
TXN009792,CUST0201,10070.17,Travel,2026-04-14,0,HIGH,2026-06-10 20:52:12
TXN009793,CUST0479,2608.59,Healthcare,2026-01-31,1,LOW,2026-06-10 20:52:12
TXN009794,CUST0321,32787.26,Travel,2026-01-30,0,HIGH,2026-06-10 20:52:12
TXN009795,CUST0697,17541.49,Travel,2026-04-11,0,HIGH,2026-06-10 20:52:12
TXN009796,CUST0950,19400.7,Healthcare,2026-04-19,0,HIGH,2026-06-10 20:52:12
TXN009797,CUST0784,10435.42,Travel,2026-06-09,0,HIGH,2026-06-10 20:52:12
TXN009798,CUST0373,47374.69,Travel,2026-02-28,0,HIGH,2026-06-10 20:52:12
TXN009799,CUST0961,38118.74,Travel,2026-02-04,0,HIGH,2026-06-10 20:52:12
TXN009800,CUST0112,46764.56,Food,2026-03-31,0,HIGH,2026-06-10 20:52:12
TXN009801,CUST0389,44088.79,Healthcare,2026-01-06,0,HIGH,2026-06-10 20:52:12
TXN009802,CUST0373,28952.07,Healthcare,2026-01-17,0,HIGH,2026-06-10 20:52:12
TXN009803,CUST0376,35673.03,Healthcare,2026-02-19,1,HIGH,2026-06-10 20:52:12
TXN009804,CUST0250,46897.14,Shopping,2026-04-11,0,HIGH,2026-06-10 20:52:12
TXN009805,CUST0376,47816.14,Healthcare,2026-05-05,0,HIGH,2026-06-10 20:52:12
TXN009806,CUST0570,41228.59,Travel,2026-04-04,0,HIGH,2026-06-10 20:52:12
TXN009807,CUST0450,36662.44,Shopping,2026-04-24,0,HIGH,2026-06-10 20:52:12
TXN009808,CUST0230,7851.84,Food,2026-05-13,0,MEDIUM,2026-06-10 20:52:12
TXN009809,CUST0475,19338.59,Food,2026-02-26,0,HIGH,2026-06-10 20:52:12
TXN009810,CUST0838,37064.43,Food,2026-02-04,0,HIGH,2026-06-10 20:52:12
TXN009811,CUST0217,39925.12,Healthcare,2026-03-25,0,HIGH,2026-06-10 20:52:12
TXN009812,CUST0864,20788.88,Travel,2026-01-09,0,HIGH,2026-06-10 20:52:12
TXN009813,CUST0089,29051.55,Food,2026-01-11,0,HIGH,2026-06-10 20:52:12
TXN009814,CUST0018,41672.75,Travel,2026-02-12,0,HIGH,2026-06-10 20:52:12
TXN009815,CUST0379,13884.63,Travel,2026-04-26,0,HIGH,2026-06-10 20:52:12
TXN009816,CUST0489,23086.08,Travel,2026-03-27,0,HIGH,2026-06-10 20:52:12
TXN009817,CUST0563,31043.29,Food,2026-02-18,1,HIGH,2026-06-10 20:52:12
TXN009818,CUST0914,45039.38,Food,2026-04-18,0,HIGH,2026-06-10 20:52:12
TXN009819,CUST0215,17218.89,Food,2026-01-08,0,HIGH,2026-06-10 20:52:12
TXN009820,CUST0116,2075.17,Travel,2026-03-13,0,LOW,2026-06-10 20:52:12
TXN009821,CUST0299,42787.47,Travel,2026-06-05,0,HIGH,2026-06-10 20:52:12
TXN009822,CUST0978,20140.45,Healthcare,2026-02-23,0,HIGH,2026-06-10 20:52:12
TXN009823,CUST0870,30074.78,Food,2026-05-27,1,HIGH,2026-06-10 20:52:12
TXN009824,CUST0452,40317.68,Food,2026-03-09,0,HIGH,2026-06-10 20:52:12
TXN009825,CUST0213,5163.96,Travel,2026-02-08,0,MEDIUM,2026-06-10 20:52:12
TXN009826,CUST0313,1933.49,Food,2026-01-27,0,LOW,2026-06-10 20:52:12
TXN009827,CUST0190,13415.54,Healthcare,2026-01-15,0,HIGH,2026-06-10 20:52:12
TXN009828,CUST0891,44336.16,Shopping,2026-05-09,0,HIGH,2026-06-10 20:52:12
TXN009829,CUST0690,20098.68,Healthcare,2026-05-18,0,HIGH,2026-06-10 20:52:12
TXN009830,CUST0752,19236.44,Shopping,2026-04-18,0,HIGH,2026-06-10 20:52:12
TXN009831,CUST0317,6537.61,Healthcare,2026-03-29,0,MEDIUM,2026-06-10 20:52:12
TXN009832,CUST0058,17988.11,Travel,2026-03-11,0,HIGH,2026-06-10 20:52:12
TXN009833,CUST0465,38750.11,Healthcare,2026-02-08,0,HIGH,2026-06-10 20:52:12
TXN009834,CUST0475,21376.07,Travel,2026-05-12,0,HIGH,2026-06-10 20:52:12
TXN009835,CUST0009,18144.09,Food,2026-05-01,0,HIGH,2026-06-10 20:52:12
TXN009836,CUST0988,43542.51,Food,2026-06-02,0,HIGH,2026-06-10 20:52:12
TXN009837,CUST0534,17596.61,Shopping,2026-01-17,0,HIGH,2026-06-10 20:52:12
TXN009838,CUST0780,15613.84,Food,2026-04-16,0,HIGH,2026-06-10 20:52:12
TXN009839,CUST0643,28711.0,Shopping,2026-06-02,0,HIGH,2026-06-10 20:52:12
TXN009840,CUST0082,45977.46,Shopping,2026-02-25,0,HIGH,2026-06-10 20:52:12
TXN009841,CUST0419,18427.88,Food,2026-04-26,0,HIGH,2026-06-10 20:52:12
TXN009842,CUST0671,44418.24,Healthcare,2026-05-06,0,HIGH,2026-06-10 20:52:12
TXN009843,CUST0291,13923.72,Shopping,2026-01-30,0,HIGH,2026-06-10 20:52:12
TXN009844,CUST0827,4733.82,Travel,2026-04-14,0,LOW,2026-06-10 20:52:12
TXN009845,CUST0388,17399.1,Healthcare,2026-03-24,1,HIGH,2026-06-10 20:52:12
TXN009846,CUST0823,31604.99,Healthcare,2026-06-01,0,HIGH,2026-06-10 20:52:12
TXN009847,CUST0350,24131.46,Food,2026-02-01,0,HIGH,2026-06-10 20:52:12
TXN009848,CUST0743,23187.23,Food,2026-01-26,0,HIGH,2026-06-10 20:52:12
TXN009849,CUST0936,9156.22,Healthcare,2026-04-18,0,MEDIUM,2026-06-10 20:52:12
TXN009850,CUST0346,22523.17,Healthcare,2026-02-07,0,HIGH,2026-06-10 20:52:12
TXN009851,CUST0307,2993.97,Healthcare,2026-04-14,1,LOW,2026-06-10 20:52:12
TXN009852,CUST0745,30461.21,Shopping,2026-02-18,0,HIGH,2026-06-10 20:52:12
TXN009853,CUST0714,31487.54,Healthcare,2026-03-14,0,HIGH,2026-06-10 20:52:12
TXN009854,CUST0805,3761.3,Travel,2026-04-13,0,LOW,2026-06-10 20:52:12
TXN009855,CUST0719,4919.49,Shopping,2026-04-26,0,LOW,2026-06-10 20:52:12
TXN009856,CUST0657,5440.21,Healthcare,2026-05-19,0,MEDIUM,2026-06-10 20:52:12
TXN009857,CUST0447,38920.83,Shopping,2026-05-25,0,HIGH,2026-06-10 20:52:12
TXN009858,CUST0842,4497.86,Travel,2026-03-14,0,LOW,2026-06-10 20:52:12
TXN009859,CUST0850,19561.55,Travel,2026-05-03,0,HIGH,2026-06-10 20:52:12
TXN009860,CUST0556,14805.39,Travel,2026-04-04,0,HIGH,2026-06-10 20:52:12
TXN009861,CUST0370,17737.69,Food,2026-03-02,0,HIGH,2026-06-10 20:52:12
TXN009862,CUST0856,31050.39,Travel,2026-01-02,0,HIGH,2026-06-10 20:52:12
TXN009863,CUST0322,3480.34,Healthcare,2026-04-26,0,LOW,2026-06-10 20:52:12
TXN009864,CUST0332,47711.57,Shopping,2026-04-19,0,HIGH,2026-06-10 20:52:12
TXN009865,CUST0141,38339.55,Healthcare,2026-02-17,0,HIGH,2026-06-10 20:52:12
TXN009866,CUST0844,13111.36,Healthcare,2026-01-28,1,HIGH,2026-06-10 20:52:12
TXN009867,CUST0202,16380.64,Food,2026-03-07,0,HIGH,2026-06-10 20:52:12
TXN009868,CUST0745,24041.56,Food,2026-01-21,0,HIGH,2026-06-10 20:52:12
TXN009869,CUST0532,22491.85,Healthcare,2026-05-18,0,HIGH,2026-06-10 20:52:12
TXN009870,CUST0144,33076.42,Food,2026-03-05,0,HIGH,2026-06-10 20:52:12
TXN009871,CUST0380,29775.03,Travel,2026-03-23,0,HIGH,2026-06-10 20:52:12
TXN009872,CUST0175,28244.84,Healthcare,2026-01-19,0,HIGH,2026-06-10 20:52:12
TXN009873,CUST0227,38779.98,Food,2026-06-04,0,HIGH,2026-06-10 20:52:12
TXN009874,CUST0411,24524.66,Food,2026-05-11,0,HIGH,2026-06-10 20:52:12
TXN009875,CUST0175,8316.36,Healthcare,2026-05-09,0,MEDIUM,2026-06-10 20:52:12
TXN009876,CUST0081,4269.91,Shopping,2026-03-15,0,LOW,2026-06-10 20:52:12
TXN009877,CUST0995,16976.41,Food,2026-02-27,0,HIGH,2026-06-10 20:52:12
TXN009878,CUST0088,39202.18,Travel,2026-03-05,0,HIGH,2026-06-10 20:52:12
TXN009879,CUST0607,44396.39,Travel,2026-05-14,0,HIGH,2026-06-10 20:52:12
TXN009880,CUST0726,32274.76,Healthcare,2026-01-01,0,HIGH,2026-06-10 20:52:12
TXN009881,CUST0610,31715.83,Food,2026-06-08,0,HIGH,2026-06-10 20:52:12
TXN009882,CUST0542,18320.21,Healthcare,2026-04-16,0,HIGH,2026-06-10 20:52:12
TXN009883,CUST0770,27107.09,Healthcare,2026-05-26,0,HIGH,2026-06-10 20:52:12
TXN009884,CUST0224,31617.32,Food,2026-01-30,0,HIGH,2026-06-10 20:52:12
TXN009885,CUST0460,33934.37,Food,2026-04-10,0,HIGH,2026-06-10 20:52:12
TXN009886,CUST0083,31739.73,Healthcare,2026-04-17,0,HIGH,2026-06-10 20:52:12
TXN009887,CUST0641,16769.82,Shopping,2026-03-07,0,HIGH,2026-06-10 20:52:12
TXN009888,CUST0971,40969.44,Food,2026-03-28,0,HIGH,2026-06-10 20:52:12
TXN009889,CUST0411,12855.86,Travel,2026-04-17,0,HIGH,2026-06-10 20:52:12
TXN009890,CUST0066,22826.13,Food,2026-05-15,0,HIGH,2026-06-10 20:52:12
TXN009891,CUST0371,17609.93,Food,2026-01-04,0,HIGH,2026-06-10 20:52:12
TXN009892,CUST0291,2890.65,Food,2026-02-21,0,LOW,2026-06-10 20:52:12
TXN009893,CUST0850,20100.31,Healthcare,2026-05-29,0,HIGH,2026-06-10 20:52:12
TXN009894,CUST0135,33947.78,Healthcare,2026-03-21,1,HIGH,2026-06-10 20:52:12
TXN009895,CUST0884,39510.27,Shopping,2026-05-04,0,HIGH,2026-06-10 20:52:12
TXN009896,CUST0508,40547.17,Healthcare,2026-03-04,0,HIGH,2026-06-10 20:52:12
TXN009897,CUST0087,37560.06,Healthcare,2026-04-02,0,HIGH,2026-06-10 20:52:12
TXN009898,CUST0493,10944.35,Travel,2026-03-12,0,HIGH,2026-06-10 20:52:12
TXN009899,CUST0195,1657.71,Healthcare,2026-02-24,0,LOW,2026-06-10 20:52:12
TXN009900,CUST0026,12541.11,Shopping,2026-03-29,0,HIGH,2026-06-10 20:52:12
TXN009901,CUST0821,7533.09,Shopping,2026-02-23,0,MEDIUM,2026-06-10 20:52:12
TXN009902,CUST0799,11814.33,Shopping,2026-04-09,0,HIGH,2026-06-10 20:52:12
TXN009903,CUST0998,7637.47,Healthcare,2026-02-05,0,MEDIUM,2026-06-10 20:52:12
TXN009904,CUST0563,21565.99,Travel,2026-02-02,0,HIGH,2026-06-10 20:52:12
TXN009905,CUST0810,36913.53,Food,2026-05-04,0,HIGH,2026-06-10 20:52:12
TXN009906,CUST0121,995.73,Travel,2026-02-06,0,LOW,2026-06-10 20:52:12
TXN009907,CUST0491,43280.95,Healthcare,2026-04-06,0,HIGH,2026-06-10 20:52:12
TXN009908,CUST0958,38200.97,Shopping,2026-02-20,0,HIGH,2026-06-10 20:52:12
TXN009909,CUST0761,26255.31,Healthcare,2026-02-06,0,HIGH,2026-06-10 20:52:12
TXN009910,CUST0474,27417.77,Food,2026-05-28,0,HIGH,2026-06-10 20:52:12
TXN009911,CUST0902,5805.84,Travel,2026-01-03,0,MEDIUM,2026-06-10 20:52:12
TXN009912,CUST0917,30307.84,Travel,2026-01-23,0,HIGH,2026-06-10 20:52:12
TXN009913,CUST0153,963.89,Food,2026-02-09,0,LOW,2026-06-10 20:52:12
TXN009914,CUST0326,35985.01,Shopping,2026-04-15,0,HIGH,2026-06-10 20:52:12
TXN009915,CUST0963,13455.86,Travel,2026-05-30,0,HIGH,2026-06-10 20:52:12
TXN009916,CUST0785,18989.61,Food,2026-06-05,0,HIGH,2026-06-10 20:52:12
TXN009917,CUST0489,34223.71,Shopping,2026-03-24,0,HIGH,2026-06-10 20:52:12
TXN009918,CUST0198,42739.06,Food,2026-02-01,0,HIGH,2026-06-10 20:52:12
TXN009919,CUST0154,45290.95,Healthcare,2026-05-22,0,HIGH,2026-06-10 20:52:12
TXN009920,CUST0837,28713.45,Food,2026-03-15,0,HIGH,2026-06-10 20:52:12
TXN009921,CUST0113,5371.27,Travel,2026-03-01,0,MEDIUM,2026-06-10 20:52:12
TXN009922,CUST0659,10399.13,Food,2026-05-06,0,HIGH,2026-06-10 20:52:12
TXN009923,CUST0015,48937.08,Shopping,2026-04-25,0,HIGH,2026-06-10 20:52:12
TXN009924,CUST0242,20927.28,Food,2026-05-10,0,HIGH,2026-06-10 20:52:12
TXN009925,CUST0889,6175.85,Food,2026-01-22,0,MEDIUM,2026-06-10 20:52:12
TXN009926,CUST0994,44699.03,Healthcare,2026-04-05,0,HIGH,2026-06-10 20:52:12
TXN009927,CUST0781,40720.25,Food,2026-04-27,0,HIGH,2026-06-10 20:52:12
TXN009928,CUST0806,40799.61,Shopping,2026-05-16,0,HIGH,2026-06-10 20:52:12
TXN009929,CUST0733,37055.14,Food,2026-04-05,0,HIGH,2026-06-10 20:52:12
TXN009930,CUST0734,3129.98,Food,2026-03-08,0,LOW,2026-06-10 20:52:12
TXN009931,CUST0725,18493.98,Food,2026-01-26,0,HIGH,2026-06-10 20:52:12
TXN009932,CUST0980,32163.35,Shopping,2026-01-19,0,HIGH,2026-06-10 20:52:12
TXN009933,CUST0793,47408.28,Healthcare,2026-03-17,0,HIGH,2026-06-10 20:52:12
TXN009934,CUST0842,3819.97,Food,2026-04-06,1,LOW,2026-06-10 20:52:12
TXN009935,CUST0107,34894.42,Food,2026-05-18,0,HIGH,2026-06-10 20:52:12
TXN009936,CUST0715,25558.83,Healthcare,2026-05-11,0,HIGH,2026-06-10 20:52:12
TXN009937,CUST0226,31061.63,Food,2026-05-11,0,HIGH,2026-06-10 20:52:12
TXN009938,CUST0348,7804.68,Shopping,2026-05-06,0,MEDIUM,2026-06-10 20:52:12
TXN009939,CUST0586,45488.9,Travel,2026-04-26,0,HIGH,2026-06-10 20:52:12
TXN009940,CUST0024,28974.96,Travel,2026-03-27,0,HIGH,2026-06-10 20:52:12
TXN009941,CUST0380,22620.55,Shopping,2026-01-13,0,HIGH,2026-06-10 20:52:12
TXN009942,CUST0811,21678.55,Shopping,2026-02-11,0,HIGH,2026-06-10 20:52:12
TXN009943,CUST0318,18563.49,Food,2026-06-02,0,HIGH,2026-06-10 20:52:12
TXN009944,CUST0951,16651.07,Food,2026-03-25,0,HIGH,2026-06-10 20:52:12
TXN009945,CUST0794,11958.2,Healthcare,2026-05-07,0,HIGH,2026-06-10 20:52:12
TXN009946,CUST0673,7592.11,Shopping,2026-04-13,0,MEDIUM,2026-06-10 20:52:12
TXN009947,CUST0254,40415.79,Shopping,2026-05-12,0,HIGH,2026-06-10 20:52:12
TXN009948,CUST0315,63.1,Travel,2026-03-06,0,LOW,2026-06-10 20:52:12
TXN009949,CUST0774,7199.06,Food,2026-03-21,0,MEDIUM,2026-06-10 20:52:12
TXN009950,CUST0986,46552.55,Food,2026-05-21,1,HIGH,2026-06-10 20:52:12
TXN009951,CUST0964,42347.15,Healthcare,2026-01-07,0,HIGH,2026-06-10 20:52:12
TXN009952,CUST0865,11134.19,Healthcare,2026-04-26,1,HIGH,2026-06-10 20:52:12
TXN009953,CUST0441,22459.76,Food,2026-03-14,0,HIGH,2026-06-10 20:52:12
TXN009954,CUST0519,49453.5,Shopping,2026-03-30,0,HIGH,2026-06-10 20:52:12
TXN009955,CUST0210,21795.33,Shopping,2026-03-28,0,HIGH,2026-06-10 20:52:12
TXN009956,CUST0159,26017.0,Shopping,2026-05-16,1,HIGH,2026-06-10 20:52:12
TXN009957,CUST0217,31811.3,Shopping,2026-05-20,0,HIGH,2026-06-10 20:52:12
TXN009958,CUST0054,8316.59,Food,2026-06-07,0,MEDIUM,2026-06-10 20:52:12
TXN009959,CUST0996,1971.79,Travel,2026-02-16,0,LOW,2026-06-10 20:52:12
TXN009960,CUST0210,13579.12,Travel,2026-04-05,0,HIGH,2026-06-10 20:52:12
TXN009961,CUST0084,19639.75,Travel,2026-03-24,0,HIGH,2026-06-10 20:52:12
TXN009962,CUST0772,17529.14,Food,2026-03-26,0,HIGH,2026-06-10 20:52:12
TXN009963,CUST0250,20321.37,Travel,2026-02-08,0,HIGH,2026-06-10 20:52:12
TXN009964,CUST0411,9567.99,Shopping,2026-03-25,0,MEDIUM,2026-06-10 20:52:12
TXN009965,CUST0029,17711.62,Food,2026-04-26,0,HIGH,2026-06-10 20:52:12
TXN009966,CUST0525,7924.36,Travel,2026-02-28,0,MEDIUM,2026-06-10 20:52:12
TXN009967,CUST0598,33094.18,Healthcare,2026-02-11,0,HIGH,2026-06-10 20:52:12
TXN009968,CUST0482,36213.53,Healthcare,2026-05-01,0,HIGH,2026-06-10 20:52:12
TXN009969,CUST0339,3573.84,Shopping,2026-06-01,0,LOW,2026-06-10 20:52:12
TXN009970,CUST0206,22388.41,Shopping,2026-04-24,0,HIGH,2026-06-10 20:52:12
TXN009971,CUST0783,48582.2,Travel,2026-05-05,0,HIGH,2026-06-10 20:52:12
TXN009972,CUST0095,49409.91,Travel,2026-04-10,0,HIGH,2026-06-10 20:52:12
TXN009973,CUST0659,35991.68,Shopping,2026-03-09,0,HIGH,2026-06-10 20:52:12
TXN009974,CUST0517,21237.69,Travel,2026-02-11,0,HIGH,2026-06-10 20:52:12
TXN009975,CUST0585,49405.34,Healthcare,2026-02-06,0,HIGH,2026-06-10 20:52:12
TXN009976,CUST0966,46877.53,Shopping,2026-02-07,0,HIGH,2026-06-10 20:52:12
TXN009977,CUST0509,4972.16,Travel,2026-03-06,0,LOW,2026-06-10 20:52:12
TXN009978,CUST0651,15403.31,Food,2026-05-19,0,HIGH,2026-06-10 20:52:12
TXN009979,CUST0868,962.84,Food,2026-05-06,0,LOW,2026-06-10 20:52:12
TXN009980,CUST0166,14183.22,Healthcare,2026-02-01,0,HIGH,2026-06-10 20:52:12
TXN009981,CUST0474,38510.01,Healthcare,2026-03-20,0,HIGH,2026-06-10 20:52:12
TXN009982,CUST0811,7217.17,Food,2026-01-29,0,MEDIUM,2026-06-10 20:52:12
TXN009983,CUST0240,23874.97,Travel,2026-05-09,0,HIGH,2026-06-10 20:52:12
TXN009984,CUST0581,45244.6,Healthcare,2026-03-29,0,HIGH,2026-06-10 20:52:12
TXN009985,CUST0819,6862.32,Shopping,2026-01-09,0,MEDIUM,2026-06-10 20:52:12
TXN009986,CUST0680,41405.61,Shopping,2026-04-24,0,HIGH,2026-06-10 20:52:12
TXN009987,CUST0627,26632.96,Travel,2026-05-02,0,HIGH,2026-06-10 20:52:12
TXN009988,CUST0482,42066.85,Healthcare,2026-02-21,0,HIGH,2026-06-10 20:52:12
TXN009989,CUST0649,30882.02,Healthcare,2026-03-12,0,HIGH,2026-06-10 20:52:12
TXN009990,CUST0813,21909.28,Healthcare,2026-03-23,0,HIGH,2026-06-10 20:52:12
TXN009991,CUST0051,12247.71,Food,2026-03-06,0,HIGH,2026-06-10 20:52:12
TXN009992,CUST0655,19163.43,Food,2026-04-13,0,HIGH,2026-06-10 20:52:12
TXN009993,CUST0652,11760.7,Healthcare,2026-05-23,0,HIGH,2026-06-10 20:52:12
TXN009994,CUST0865,48758.97,Healthcare,2026-05-26,0,HIGH,2026-06-10 20:52:12
TXN009995,CUST0480,8236.86,Shopping,2026-05-05,0,MEDIUM,2026-06-10 20:52:12
TXN009996,CUST0331,21044.53,Food,2026-04-14,0,HIGH,2026-06-10 20:52:12
TXN009997,CUST0066,1249.34,Healthcare,2026-03-27,0,LOW,2026-06-10 20:52:12
TXN009998,CUST0673,24437.73,Travel,2026-03-21,0,HIGH,2026-06-10 20:52:12
TXN009999,CUST0957,26566.01,Food,2026-06-04,0,HIGH,2026-06-10 20:52:12
TXN010000,CUST0625,37603.83,Shopping,2026-04-16,0,HIGH,2026-06-10 20:52:12
